Analysis & Synthesis report for fajerwoll
Fri Jun 05 14:44:22 2026
Quartus Prime Version 20.1.1 Build 720 11/11/2020 SJ Lite Edition


---------------------
; Table of Contents ;
---------------------
  1. Legal Notice
  2. Analysis & Synthesis Summary
  3. Analysis & Synthesis Settings
  4. Parallel Compilation
  5. Analysis & Synthesis Source Files Read
  6. Analysis & Synthesis Resource Usage Summary
  7. Analysis & Synthesis Resource Utilization by Entity
  8. Analysis & Synthesis RAM Summary
  9. General Register Statistics
 10. Physical Synthesis Netlist Optimizations
 11. Registers Packed Into Inferred Megafunctions
 12. Source assignments for layer2_cuckoo:u_l2|altsyncram:bank_0_rtl_0|altsyncram_kq91:auto_generated
 13. Source assignments for layer2_cuckoo:u_l2|altsyncram:bank_1_rtl_0|altsyncram_lq91:auto_generated
 14. Source assignments for layer2_cuckoo:u_l2|altsyncram:bank_2_rtl_0|altsyncram_mq91:auto_generated
 15. Source assignments for layer1_bloom:u_l1|altsyncram:bloom_4_rtl_0|altsyncram_on91:auto_generated
 16. Source assignments for layer1_bloom:u_l1|altsyncram:bloom_3_rtl_0|altsyncram_nn91:auto_generated
 17. Source assignments for layer1_bloom:u_l1|altsyncram:bloom_2_rtl_0|altsyncram_mn91:auto_generated
 18. Source assignments for layer1_bloom:u_l1|altsyncram:bloom_1_rtl_0|altsyncram_ln91:auto_generated
 19. Source assignments for layer1_bloom:u_l1|altsyncram:bloom_0_rtl_0|altsyncram_kn91:auto_generated
 20. Source assignments for layer2_cuckoo:u_l2|altsyncram:bank_1_rtl_0|altsyncram_lq91:auto_generated|altsyncram:ram_block1a0|altsyncram_bqa3:auto_generated
 21. Source assignments for layer2_cuckoo:u_l2|altsyncram:bank_2_rtl_0|altsyncram_mq91:auto_generated|altsyncram:ram_block1a0|altsyncram_cqa3:auto_generated
 22. Source assignments for layer2_cuckoo:u_l2|altsyncram:bank_0_rtl_0|altsyncram_kq91:auto_generated|altsyncram:ram_block1a0|altsyncram_aqa3:auto_generated
 23. Parameter Settings for User Entity Instance: hw_hash:hb0
 24. Parameter Settings for User Entity Instance: hw_hash:hb1
 25. Parameter Settings for User Entity Instance: hw_hash:hb2
 26. Parameter Settings for User Entity Instance: hw_hash:hb3
 27. Parameter Settings for User Entity Instance: hw_hash:hb4
 28. Parameter Settings for User Entity Instance: hw_hash:hc0
 29. Parameter Settings for User Entity Instance: hw_hash:hc1
 30. Parameter Settings for User Entity Instance: hw_hash:hc2
 31. Parameter Settings for Inferred Entity Instance: layer2_cuckoo:u_l2|altsyncram:bank_0_rtl_0
 32. Parameter Settings for Inferred Entity Instance: layer2_cuckoo:u_l2|altsyncram:bank_1_rtl_0
 33. Parameter Settings for Inferred Entity Instance: layer2_cuckoo:u_l2|altsyncram:bank_2_rtl_0
 34. Parameter Settings for Inferred Entity Instance: layer1_bloom:u_l1|altsyncram:bloom_4_rtl_0
 35. Parameter Settings for Inferred Entity Instance: layer1_bloom:u_l1|altsyncram:bloom_3_rtl_0
 36. Parameter Settings for Inferred Entity Instance: layer1_bloom:u_l1|altsyncram:bloom_2_rtl_0
 37. Parameter Settings for Inferred Entity Instance: layer1_bloom:u_l1|altsyncram:bloom_1_rtl_0
 38. Parameter Settings for Inferred Entity Instance: layer1_bloom:u_l1|altsyncram:bloom_0_rtl_0
 39. Parameter Settings for Inferred Entity Instance: layer2_cuckoo:u_l2|altsyncram:bank_1_rtl_0|altsyncram_lq91:auto_generated|altsyncram:ram_block1a0
 40. Parameter Settings for Inferred Entity Instance: layer2_cuckoo:u_l2|altsyncram:bank_2_rtl_0|altsyncram_mq91:auto_generated|altsyncram:ram_block1a0
 41. Parameter Settings for Inferred Entity Instance: layer2_cuckoo:u_l2|altsyncram:bank_0_rtl_0|altsyncram_kq91:auto_generated|altsyncram:ram_block1a0
 42. altsyncram Parameter Settings by Entity Instance
 43. Post-Synthesis Netlist Statistics for Top Partition
 44. Elapsed Time Per Partition
 45. Analysis & Synthesis Messages



----------------
; Legal Notice ;
----------------
Copyright (C) 2020  Intel Corporation. All rights reserved.
Your use of Intel Corporation's design tools, logic functions 
and other software and tools, and any partner logic 
functions, and any output files from any of the foregoing 
(including device programming or simulation files), and any 
associated documentation or information are expressly subject 
to the terms and conditions of the Intel Program License 
Subscription Agreement, the Intel Quartus Prime License Agreement,
the Intel FPGA IP License Agreement, or other applicable license
agreement, including, without limitation, that your use is for
the sole purpose of programming logic devices manufactured by
Intel and sold by Intel or its authorized distributors.  Please
refer to the applicable agreement for further details, at
https://fpgasoftware.intel.com/eula.



+----------------------------------------------------------------------------------+
; Analysis & Synthesis Summary                                                     ;
+------------------------------------+---------------------------------------------+
; Analysis & Synthesis Status        ; Successful - Fri Jun 05 14:44:21 2026       ;
; Quartus Prime Version              ; 20.1.1 Build 720 11/11/2020 SJ Lite Edition ;
; Revision Name                      ; fajerwoll                                   ;
; Top-level Entity Name              ; fajerwoll                                   ;
; Family                             ; Cyclone IV E                                ;
; Total logic elements               ; 3,586                                       ;
;     Total combinational functions  ; 3,219                                       ;
;     Dedicated logic registers      ; 428                                         ;
; Total registers                    ; 428                                         ;
; Total pins                         ; 132                                         ;
; Total virtual pins                 ; 0                                           ;
; Total memory bits                  ; 3,801,088                                   ;
; Embedded Multiplier 9-bit elements ; 0                                           ;
; Total PLLs                         ; 0                                           ;
+------------------------------------+---------------------------------------------+


+------------------------------------------------------------------------------------------------------------+
; Analysis & Synthesis Settings                                                                              ;
+------------------------------------------------------------------+--------------------+--------------------+
; Option                                                           ; Setting            ; Default Value      ;
+------------------------------------------------------------------+--------------------+--------------------+
; Device                                                           ; EP4CE115F29C7      ;                    ;
; Top-level entity name                                            ; fajerwoll          ; fajerwoll          ;
; Family name                                                      ; Cyclone IV E       ; Cyclone V          ;
; Use smart compilation                                            ; Off                ; Off                ;
; Enable parallel Assembler and Timing Analyzer during compilation ; On                 ; On                 ;
; Enable compact report table                                      ; Off                ; Off                ;
; Restructure Multiplexers                                         ; Auto               ; Auto               ;
; Create Debugging Nodes for IP Cores                              ; Off                ; Off                ;
; Preserve fewer node names                                        ; On                 ; On                 ;
; Intel FPGA IP Evaluation Mode                                    ; Enable             ; Enable             ;
; Verilog Version                                                  ; Verilog_2001       ; Verilog_2001       ;
; VHDL Version                                                     ; VHDL_1993          ; VHDL_1993          ;
; State Machine Processing                                         ; Auto               ; Auto               ;
; Safe State Machine                                               ; Off                ; Off                ;
; Extract Verilog State Machines                                   ; On                 ; On                 ;
; Extract VHDL State Machines                                      ; On                 ; On                 ;
; Ignore Verilog initial constructs                                ; Off                ; Off                ;
; Iteration limit for constant Verilog loops                       ; 5000               ; 5000               ;
; Iteration limit for non-constant Verilog loops                   ; 250                ; 250                ;
; Add Pass-Through Logic to Inferred RAMs                          ; On                 ; On                 ;
; Infer RAMs from Raw Logic                                        ; On                 ; On                 ;
; Parallel Synthesis                                               ; On                 ; On                 ;
; DSP Block Balancing                                              ; Auto               ; Auto               ;
; NOT Gate Push-Back                                               ; On                 ; On                 ;
; Power-Up Don't Care                                              ; On                 ; On                 ;
; Remove Redundant Logic Cells                                     ; Off                ; Off                ;
; Remove Duplicate Registers                                       ; On                 ; On                 ;
; Ignore CARRY Buffers                                             ; Off                ; Off                ;
; Ignore CASCADE Buffers                                           ; Off                ; Off                ;
; Ignore GLOBAL Buffers                                            ; Off                ; Off                ;
; Ignore ROW GLOBAL Buffers                                        ; Off                ; Off                ;
; Ignore LCELL Buffers                                             ; Off                ; Off                ;
; Ignore SOFT Buffers                                              ; On                 ; On                 ;
; Limit AHDL Integers to 32 Bits                                   ; Off                ; Off                ;
; Optimization Technique                                           ; Balanced           ; Balanced           ;
; Carry Chain Length                                               ; 70                 ; 70                 ;
; Auto Carry Chains                                                ; On                 ; On                 ;
; Auto Open-Drain Pins                                             ; On                 ; On                 ;
; Perform WYSIWYG Primitive Resynthesis                            ; Off                ; Off                ;
; Auto ROM Replacement                                             ; On                 ; On                 ;
; Auto RAM Replacement                                             ; On                 ; On                 ;
; Auto DSP Block Replacement                                       ; On                 ; On                 ;
; Auto Shift Register Replacement                                  ; Auto               ; Auto               ;
; Allow Shift Register Merging across Hierarchies                  ; Auto               ; Auto               ;
; Auto Clock Enable Replacement                                    ; On                 ; On                 ;
; Strict RAM Replacement                                           ; Off                ; Off                ;
; Allow Synchronous Control Signals                                ; On                 ; On                 ;
; Force Use of Synchronous Clear Signals                           ; Off                ; Off                ;
; Auto RAM Block Balancing                                         ; On                 ; On                 ;
; Auto RAM to Logic Cell Conversion                                ; Off                ; Off                ;
; Auto Resource Sharing                                            ; Off                ; Off                ;
; Allow Any RAM Size For Recognition                               ; Off                ; Off                ;
; Allow Any ROM Size For Recognition                               ; Off                ; Off                ;
; Allow Any Shift Register Size For Recognition                    ; Off                ; Off                ;
; Use LogicLock Constraints during Resource Balancing              ; On                 ; On                 ;
; Ignore translate_off and synthesis_off directives                ; Off                ; Off                ;
; Timing-Driven Synthesis                                          ; On                 ; On                 ;
; Report Parameter Settings                                        ; On                 ; On                 ;
; Report Source Assignments                                        ; On                 ; On                 ;
; Report Connectivity Checks                                       ; On                 ; On                 ;
; Ignore Maximum Fan-Out Assignments                               ; Off                ; Off                ;
; Synchronization Register Chain Length                            ; 2                  ; 2                  ;
; Power Optimization During Synthesis                              ; Normal compilation ; Normal compilation ;
; HDL message level                                                ; Level2             ; Level2             ;
; Suppress Register Optimization Related Messages                  ; Off                ; Off                ;
; Number of Removed Registers Reported in Synthesis Report         ; 5000               ; 5000               ;
; Number of Swept Nodes Reported in Synthesis Report               ; 5000               ; 5000               ;
; Number of Inverted Registers Reported in Synthesis Report        ; 100                ; 100                ;
; Clock MUX Protection                                             ; On                 ; On                 ;
; Auto Gated Clock Conversion                                      ; Off                ; Off                ;
; Block Design Naming                                              ; Auto               ; Auto               ;
; SDC constraint protection                                        ; Off                ; Off                ;
; Synthesis Effort                                                 ; Auto               ; Auto               ;
; Shift Register Replacement - Allow Asynchronous Clear Signal     ; On                 ; On                 ;
; Pre-Mapping Resynthesis Optimization                             ; Off                ; Off                ;
; Analysis & Synthesis Message Level                               ; Medium             ; Medium             ;
; Disable Register Merging Across Hierarchies                      ; Auto               ; Auto               ;
; Resource Aware Inference For Block RAM                           ; On                 ; On                 ;
+------------------------------------------------------------------+--------------------+--------------------+


+------------------------------------------+
; Parallel Compilation                     ;
+----------------------------+-------------+
; Processors                 ; Number      ;
+----------------------------+-------------+
; Number detected on machine ; 6           ;
; Maximum allowed            ; 6           ;
;                            ;             ;
; Average used               ; 1.00        ;
; Maximum used               ; 6           ;
;                            ;             ;
; Usage by Processor         ; % Time Used ;
;     Processor 1            ; 100.0%      ;
;     Processor 2            ;   0.0%      ;
;     Processor 3            ;   0.0%      ;
;     Processor 4            ;   0.0%      ;
;     Processor 5            ;   0.0%      ;
;     Processor 6            ;   0.0%      ;
+----------------------------+-------------+


+--------------------------------------------------------------------------------------------------------------------------------------------------------------------------------------------------------------------------------------------------+
; Analysis & Synthesis Source Files Read                                                                                                                                                                                                           ;
+--------------------------------------------------+-----------------+-------------------------------------------------------+-----------------------------------------------------------------------------------------------------------+---------+
; File Name with User-Entered Path                 ; Used in Netlist ; File Type                                             ; File Name with Absolute Path                                                                              ; Library ;
+--------------------------------------------------+-----------------+-------------------------------------------------------+-----------------------------------------------------------------------------------------------------------+---------+
; fajerwoll.v                                      ; yes             ; User Verilog HDL File                                 ; C:/Users/tomek/Documents/studia/fajerwoll/etapIV/quartus/fajerwoll.v                                      ;         ;
; hw_hash.v                                        ; yes             ; User Verilog HDL File                                 ; C:/Users/tomek/Documents/studia/fajerwoll/etapIV/quartus/hw_hash.v                                        ;         ;
; layer2_cuckoo.v                                  ; yes             ; User Verilog HDL File                                 ; C:/Users/tomek/Documents/studia/fajerwoll/etapIV/quartus/layer2_cuckoo.v                                  ;         ;
; layer1_bloom.v                                   ; yes             ; User Verilog HDL File                                 ; C:/Users/tomek/Documents/studia/fajerwoll/etapIV/quartus/layer1_bloom.v                                   ;         ;
; bloom_init.mem                                   ; yes             ; Auto-Found Unspecified File                           ; C:/Users/tomek/Documents/studia/fajerwoll/etapIV/quartus/bloom_init.mem                                   ;         ;
; cuckoo_bank1.mem                                 ; yes             ; Auto-Found Unspecified File                           ; C:/Users/tomek/Documents/studia/fajerwoll/etapIV/quartus/cuckoo_bank1.mem                                 ;         ;
; cuckoo_bank0.mem                                 ; yes             ; Auto-Found Unspecified File                           ; C:/Users/tomek/Documents/studia/fajerwoll/etapIV/quartus/cuckoo_bank0.mem                                 ;         ;
; cuckoo_bank2.mem                                 ; yes             ; Auto-Found Unspecified File                           ; C:/Users/tomek/Documents/studia/fajerwoll/etapIV/quartus/cuckoo_bank2.mem                                 ;         ;
; altsyncram.tdf                                   ; yes             ; Megafunction                                          ; c:/intelfpga_lite/20.1/quartus/libraries/megafunctions/altsyncram.tdf                                     ;         ;
; stratix_ram_block.inc                            ; yes             ; Megafunction                                          ; c:/intelfpga_lite/20.1/quartus/libraries/megafunctions/stratix_ram_block.inc                              ;         ;
; lpm_mux.inc                                      ; yes             ; Megafunction                                          ; c:/intelfpga_lite/20.1/quartus/libraries/megafunctions/lpm_mux.inc                                        ;         ;
; lpm_decode.inc                                   ; yes             ; Megafunction                                          ; c:/intelfpga_lite/20.1/quartus/libraries/megafunctions/lpm_decode.inc                                     ;         ;
; aglobal201.inc                                   ; yes             ; Megafunction                                          ; c:/intelfpga_lite/20.1/quartus/libraries/megafunctions/aglobal201.inc                                     ;         ;
; a_rdenreg.inc                                    ; yes             ; Megafunction                                          ; c:/intelfpga_lite/20.1/quartus/libraries/megafunctions/a_rdenreg.inc                                      ;         ;
; altrom.inc                                       ; yes             ; Megafunction                                          ; c:/intelfpga_lite/20.1/quartus/libraries/megafunctions/altrom.inc                                         ;         ;
; altram.inc                                       ; yes             ; Megafunction                                          ; c:/intelfpga_lite/20.1/quartus/libraries/megafunctions/altram.inc                                         ;         ;
; altdpram.inc                                     ; yes             ; Megafunction                                          ; c:/intelfpga_lite/20.1/quartus/libraries/megafunctions/altdpram.inc                                       ;         ;
; db/altsyncram_kq91.tdf                           ; yes             ; Auto-Generated Megafunction                           ; C:/Users/tomek/Documents/studia/fajerwoll/etapIV/quartus/db/altsyncram_kq91.tdf                           ;         ;
; db/fajerwoll.ram0_layer2_cuckoo_811a0dac.hdl.mif ; yes             ; Auto-Generated Auto-Found Memory Initialization File  ; C:/Users/tomek/Documents/studia/fajerwoll/etapIV/quartus/db/fajerwoll.ram0_layer2_cuckoo_811a0dac.hdl.mif ;         ;
; db/altsyncram_lq91.tdf                           ; yes             ; Auto-Generated Megafunction                           ; C:/Users/tomek/Documents/studia/fajerwoll/etapIV/quartus/db/altsyncram_lq91.tdf                           ;         ;
; db/fajerwoll.ram1_layer2_cuckoo_811a0dac.hdl.mif ; yes             ; Auto-Generated Auto-Found Memory Initialization File  ; C:/Users/tomek/Documents/studia/fajerwoll/etapIV/quartus/db/fajerwoll.ram1_layer2_cuckoo_811a0dac.hdl.mif ;         ;
; db/altsyncram_mq91.tdf                           ; yes             ; Auto-Generated Megafunction                           ; C:/Users/tomek/Documents/studia/fajerwoll/etapIV/quartus/db/altsyncram_mq91.tdf                           ;         ;
; db/fajerwoll.ram2_layer2_cuckoo_811a0dac.hdl.mif ; yes             ; Auto-Generated Auto-Found Memory Initialization File  ; C:/Users/tomek/Documents/studia/fajerwoll/etapIV/quartus/db/fajerwoll.ram2_layer2_cuckoo_811a0dac.hdl.mif ;         ;
; db/altsyncram_on91.tdf                           ; yes             ; Auto-Generated Megafunction                           ; C:/Users/tomek/Documents/studia/fajerwoll/etapIV/quartus/db/altsyncram_on91.tdf                           ;         ;
; db/fajerwoll.ram4_layer1_bloom_b29f78ed.hdl.mif  ; yes             ; Auto-Generated Auto-Found Memory Initialization File  ; C:/Users/tomek/Documents/studia/fajerwoll/etapIV/quartus/db/fajerwoll.ram4_layer1_bloom_b29f78ed.hdl.mif  ;         ;
; db/decode_4aa.tdf                                ; yes             ; Auto-Generated Megafunction                           ; C:/Users/tomek/Documents/studia/fajerwoll/etapIV/quartus/db/decode_4aa.tdf                                ;         ;
; db/mux_kob.tdf                                   ; yes             ; Auto-Generated Megafunction                           ; C:/Users/tomek/Documents/studia/fajerwoll/etapIV/quartus/db/mux_kob.tdf                                   ;         ;
; db/altsyncram_nn91.tdf                           ; yes             ; Auto-Generated Megafunction                           ; C:/Users/tomek/Documents/studia/fajerwoll/etapIV/quartus/db/altsyncram_nn91.tdf                           ;         ;
; db/fajerwoll.ram3_layer1_bloom_b29f78ed.hdl.mif  ; yes             ; Auto-Generated Auto-Found Memory Initialization File  ; C:/Users/tomek/Documents/studia/fajerwoll/etapIV/quartus/db/fajerwoll.ram3_layer1_bloom_b29f78ed.hdl.mif  ;         ;
; db/altsyncram_mn91.tdf                           ; yes             ; Auto-Generated Megafunction                           ; C:/Users/tomek/Documents/studia/fajerwoll/etapIV/quartus/db/altsyncram_mn91.tdf                           ;         ;
; db/fajerwoll.ram2_layer1_bloom_b29f78ed.hdl.mif  ; yes             ; Auto-Generated Auto-Found Memory Initialization File  ; C:/Users/tomek/Documents/studia/fajerwoll/etapIV/quartus/db/fajerwoll.ram2_layer1_bloom_b29f78ed.hdl.mif  ;         ;
; db/altsyncram_ln91.tdf                           ; yes             ; Auto-Generated Megafunction                           ; C:/Users/tomek/Documents/studia/fajerwoll/etapIV/quartus/db/altsyncram_ln91.tdf                           ;         ;
; db/fajerwoll.ram1_layer1_bloom_b29f78ed.hdl.mif  ; yes             ; Auto-Generated Auto-Found Memory Initialization File  ; C:/Users/tomek/Documents/studia/fajerwoll/etapIV/quartus/db/fajerwoll.ram1_layer1_bloom_b29f78ed.hdl.mif  ;         ;
; db/altsyncram_kn91.tdf                           ; yes             ; Auto-Generated Megafunction                           ; C:/Users/tomek/Documents/studia/fajerwoll/etapIV/quartus/db/altsyncram_kn91.tdf                           ;         ;
; db/fajerwoll.ram0_layer1_bloom_b29f78ed.hdl.mif  ; yes             ; Auto-Generated Auto-Found Memory Initialization File  ; C:/Users/tomek/Documents/studia/fajerwoll/etapIV/quartus/db/fajerwoll.ram0_layer1_bloom_b29f78ed.hdl.mif  ;         ;
; db/altsyncram_bqa3.tdf                           ; yes             ; Auto-Generated Megafunction                           ; C:/Users/tomek/Documents/studia/fajerwoll/etapIV/quartus/db/altsyncram_bqa3.tdf                           ;         ;
; db/decode_k8a.tdf                                ; yes             ; Auto-Generated Megafunction                           ; C:/Users/tomek/Documents/studia/fajerwoll/etapIV/quartus/db/decode_k8a.tdf                                ;         ;
; db/mux_eqb.tdf                                   ; yes             ; Auto-Generated Megafunction                           ; C:/Users/tomek/Documents/studia/fajerwoll/etapIV/quartus/db/mux_eqb.tdf                                   ;         ;
; db/altsyncram_cqa3.tdf                           ; yes             ; Auto-Generated Megafunction                           ; C:/Users/tomek/Documents/studia/fajerwoll/etapIV/quartus/db/altsyncram_cqa3.tdf                           ;         ;
; db/altsyncram_aqa3.tdf                           ; yes             ; Auto-Generated Megafunction                           ; C:/Users/tomek/Documents/studia/fajerwoll/etapIV/quartus/db/altsyncram_aqa3.tdf                           ;         ;
+--------------------------------------------------+-----------------+-------------------------------------------------------+-----------------------------------------------------------------------------------------------------------+---------+


+---------------------------------------------------------+
; Analysis & Synthesis Resource Usage Summary             ;
+---------------------------------------------+-----------+
; Resource                                    ; Usage     ;
+---------------------------------------------+-----------+
; Estimated Total logic elements              ; 3,586     ;
;                                             ;           ;
; Total combinational functions               ; 3219      ;
; Logic element usage by number of LUT inputs ;           ;
;     -- 4 input functions                    ; 2362      ;
;     -- 3 input functions                    ; 600       ;
;     -- <=2 input functions                  ; 257       ;
;                                             ;           ;
; Logic elements by mode                      ;           ;
;     -- normal mode                          ; 2878      ;
;     -- arithmetic mode                      ; 341       ;
;                                             ;           ;
; Total registers                             ; 428       ;
;     -- Dedicated logic registers            ; 428       ;
;     -- I/O registers                        ; 0         ;
;                                             ;           ;
; I/O pins                                    ; 132       ;
; Total memory bits                           ; 3801088   ;
;                                             ;           ;
; Embedded Multiplier 9-bit elements          ; 0         ;
;                                             ;           ;
; Maximum fan-out node                        ; clk~input ;
; Maximum fan-out                             ; 3580      ;
; Total fan-out                               ; 50800     ;
; Average fan-out                             ; 7.19      ;
+---------------------------------------------+-----------+


+----------------------------------------------------------------------------------------------------------------------------------------------------------------------------------------------------------------------------------------------------------------------------------------------------------------------------------------------------------------------------------+
; Analysis & Synthesis Resource Utilization by Entity                                                                                                                                                                                                                                                                                                                              ;
+-------------------------------------------------+---------------------+---------------------------+-------------+--------------+---------+-----------+------+--------------+--------------------------------------------------------------------------------------------------------------------------------------------------------------------+-----------------+--------------+
; Compilation Hierarchy Node                      ; Combinational ALUTs ; Dedicated Logic Registers ; Memory Bits ; DSP Elements ; DSP 9x9 ; DSP 18x18 ; Pins ; Virtual Pins ; Full Hierarchy Name                                                                                                                                                ; Entity Name     ; Library Name ;
+-------------------------------------------------+---------------------+---------------------------+-------------+--------------+---------+-----------+------+--------------+--------------------------------------------------------------------------------------------------------------------------------------------------------------------+-----------------+--------------+
; |fajerwoll                                      ; 3219 (0)            ; 428 (167)                 ; 3801088     ; 0            ; 0       ; 0         ; 132  ; 0            ; |fajerwoll                                                                                                                                                         ; fajerwoll       ; work         ;
;    |hw_hash:hb0|                                ; 55 (55)             ; 0 (0)                     ; 0           ; 0            ; 0       ; 0         ; 0    ; 0            ; |fajerwoll|hw_hash:hb0                                                                                                                                             ; hw_hash         ; work         ;
;    |hw_hash:hb1|                                ; 100 (100)           ; 0 (0)                     ; 0           ; 0            ; 0       ; 0         ; 0    ; 0            ; |fajerwoll|hw_hash:hb1                                                                                                                                             ; hw_hash         ; work         ;
;    |hw_hash:hb2|                                ; 55 (55)             ; 0 (0)                     ; 0           ; 0            ; 0       ; 0         ; 0    ; 0            ; |fajerwoll|hw_hash:hb2                                                                                                                                             ; hw_hash         ; work         ;
;    |hw_hash:hb3|                                ; 55 (55)             ; 0 (0)                     ; 0           ; 0            ; 0       ; 0         ; 0    ; 0            ; |fajerwoll|hw_hash:hb3                                                                                                                                             ; hw_hash         ; work         ;
;    |hw_hash:hb4|                                ; 55 (55)             ; 0 (0)                     ; 0           ; 0            ; 0       ; 0         ; 0    ; 0            ; |fajerwoll|hw_hash:hb4                                                                                                                                             ; hw_hash         ; work         ;
;    |hw_hash:hc0|                                ; 43 (43)             ; 0 (0)                     ; 0           ; 0            ; 0       ; 0         ; 0    ; 0            ; |fajerwoll|hw_hash:hc0                                                                                                                                             ; hw_hash         ; work         ;
;    |hw_hash:hc1|                                ; 33 (33)             ; 0 (0)                     ; 0           ; 0            ; 0       ; 0         ; 0    ; 0            ; |fajerwoll|hw_hash:hc1                                                                                                                                             ; hw_hash         ; work         ;
;    |hw_hash:hc2|                                ; 93 (93)             ; 0 (0)                     ; 0           ; 0            ; 0       ; 0         ; 0    ; 0            ; |fajerwoll|hw_hash:hc2                                                                                                                                             ; hw_hash         ; work         ;
;    |layer1_bloom:u_l1|                          ; 146 (2)             ; 21 (1)                    ; 655360      ; 0            ; 0       ; 0         ; 0    ; 0            ; |fajerwoll|layer1_bloom:u_l1                                                                                                                                       ; layer1_bloom    ; work         ;
;       |altsyncram:bloom_0_rtl_0|                ; 30 (0)              ; 4 (0)                     ; 131072      ; 0            ; 0       ; 0         ; 0    ; 0            ; |fajerwoll|layer1_bloom:u_l1|altsyncram:bloom_0_rtl_0                                                                                                              ; altsyncram      ; work         ;
;          |altsyncram_kn91:auto_generated|       ; 30 (1)              ; 4 (4)                     ; 131072      ; 0            ; 0       ; 0         ; 0    ; 0            ; |fajerwoll|layer1_bloom:u_l1|altsyncram:bloom_0_rtl_0|altsyncram_kn91:auto_generated                                                                               ; altsyncram_kn91 ; work         ;
;             |decode_4aa:rden_decode|            ; 16 (16)             ; 0 (0)                     ; 0           ; 0            ; 0       ; 0         ; 0    ; 0            ; |fajerwoll|layer1_bloom:u_l1|altsyncram:bloom_0_rtl_0|altsyncram_kn91:auto_generated|decode_4aa:rden_decode                                                        ; decode_4aa      ; work         ;
;             |mux_kob:mux2|                      ; 13 (13)             ; 0 (0)                     ; 0           ; 0            ; 0       ; 0         ; 0    ; 0            ; |fajerwoll|layer1_bloom:u_l1|altsyncram:bloom_0_rtl_0|altsyncram_kn91:auto_generated|mux_kob:mux2                                                                  ; mux_kob         ; work         ;
;       |altsyncram:bloom_1_rtl_0|                ; 30 (0)              ; 4 (0)                     ; 131072      ; 0            ; 0       ; 0         ; 0    ; 0            ; |fajerwoll|layer1_bloom:u_l1|altsyncram:bloom_1_rtl_0                                                                                                              ; altsyncram      ; work         ;
;          |altsyncram_ln91:auto_generated|       ; 30 (1)              ; 4 (4)                     ; 131072      ; 0            ; 0       ; 0         ; 0    ; 0            ; |fajerwoll|layer1_bloom:u_l1|altsyncram:bloom_1_rtl_0|altsyncram_ln91:auto_generated                                                                               ; altsyncram_ln91 ; work         ;
;             |decode_4aa:rden_decode|            ; 16 (16)             ; 0 (0)                     ; 0           ; 0            ; 0       ; 0         ; 0    ; 0            ; |fajerwoll|layer1_bloom:u_l1|altsyncram:bloom_1_rtl_0|altsyncram_ln91:auto_generated|decode_4aa:rden_decode                                                        ; decode_4aa      ; work         ;
;             |mux_kob:mux2|                      ; 13 (13)             ; 0 (0)                     ; 0           ; 0            ; 0       ; 0         ; 0    ; 0            ; |fajerwoll|layer1_bloom:u_l1|altsyncram:bloom_1_rtl_0|altsyncram_ln91:auto_generated|mux_kob:mux2                                                                  ; mux_kob         ; work         ;
;       |altsyncram:bloom_2_rtl_0|                ; 28 (0)              ; 4 (0)                     ; 131072      ; 0            ; 0       ; 0         ; 0    ; 0            ; |fajerwoll|layer1_bloom:u_l1|altsyncram:bloom_2_rtl_0                                                                                                              ; altsyncram      ; work         ;
;          |altsyncram_mn91:auto_generated|       ; 28 (0)              ; 4 (4)                     ; 131072      ; 0            ; 0       ; 0         ; 0    ; 0            ; |fajerwoll|layer1_bloom:u_l1|altsyncram:bloom_2_rtl_0|altsyncram_mn91:auto_generated                                                                               ; altsyncram_mn91 ; work         ;
;             |decode_4aa:rden_decode|            ; 16 (16)             ; 0 (0)                     ; 0           ; 0            ; 0       ; 0         ; 0    ; 0            ; |fajerwoll|layer1_bloom:u_l1|altsyncram:bloom_2_rtl_0|altsyncram_mn91:auto_generated|decode_4aa:rden_decode                                                        ; decode_4aa      ; work         ;
;             |mux_kob:mux2|                      ; 12 (12)             ; 0 (0)                     ; 0           ; 0            ; 0       ; 0         ; 0    ; 0            ; |fajerwoll|layer1_bloom:u_l1|altsyncram:bloom_2_rtl_0|altsyncram_mn91:auto_generated|mux_kob:mux2                                                                  ; mux_kob         ; work         ;
;       |altsyncram:bloom_3_rtl_0|                ; 28 (0)              ; 4 (0)                     ; 131072      ; 0            ; 0       ; 0         ; 0    ; 0            ; |fajerwoll|layer1_bloom:u_l1|altsyncram:bloom_3_rtl_0                                                                                                              ; altsyncram      ; work         ;
;          |altsyncram_nn91:auto_generated|       ; 28 (0)              ; 4 (4)                     ; 131072      ; 0            ; 0       ; 0         ; 0    ; 0            ; |fajerwoll|layer1_bloom:u_l1|altsyncram:bloom_3_rtl_0|altsyncram_nn91:auto_generated                                                                               ; altsyncram_nn91 ; work         ;
;             |decode_4aa:rden_decode|            ; 16 (16)             ; 0 (0)                     ; 0           ; 0            ; 0       ; 0         ; 0    ; 0            ; |fajerwoll|layer1_bloom:u_l1|altsyncram:bloom_3_rtl_0|altsyncram_nn91:auto_generated|decode_4aa:rden_decode                                                        ; decode_4aa      ; work         ;
;             |mux_kob:mux2|                      ; 12 (12)             ; 0 (0)                     ; 0           ; 0            ; 0       ; 0         ; 0    ; 0            ; |fajerwoll|layer1_bloom:u_l1|altsyncram:bloom_3_rtl_0|altsyncram_nn91:auto_generated|mux_kob:mux2                                                                  ; mux_kob         ; work         ;
;       |altsyncram:bloom_4_rtl_0|                ; 28 (0)              ; 4 (0)                     ; 131072      ; 0            ; 0       ; 0         ; 0    ; 0            ; |fajerwoll|layer1_bloom:u_l1|altsyncram:bloom_4_rtl_0                                                                                                              ; altsyncram      ; work         ;
;          |altsyncram_on91:auto_generated|       ; 28 (0)              ; 4 (4)                     ; 131072      ; 0            ; 0       ; 0         ; 0    ; 0            ; |fajerwoll|layer1_bloom:u_l1|altsyncram:bloom_4_rtl_0|altsyncram_on91:auto_generated                                                                               ; altsyncram_on91 ; work         ;
;             |decode_4aa:rden_decode|            ; 16 (16)             ; 0 (0)                     ; 0           ; 0            ; 0       ; 0         ; 0    ; 0            ; |fajerwoll|layer1_bloom:u_l1|altsyncram:bloom_4_rtl_0|altsyncram_on91:auto_generated|decode_4aa:rden_decode                                                        ; decode_4aa      ; work         ;
;             |mux_kob:mux2|                      ; 12 (12)             ; 0 (0)                     ; 0           ; 0            ; 0       ; 0         ; 0    ; 0            ; |fajerwoll|layer1_bloom:u_l1|altsyncram:bloom_4_rtl_0|altsyncram_on91:auto_generated|mux_kob:mux2                                                                  ; mux_kob         ; work         ;
;    |layer2_cuckoo:u_l2|                         ; 2584 (256)          ; 240 (231)                 ; 3145728     ; 0            ; 0       ; 0         ; 0    ; 0            ; |fajerwoll|layer2_cuckoo:u_l2                                                                                                                                      ; layer2_cuckoo   ; work         ;
;       |altsyncram:bank_0_rtl_0|                 ; 776 (0)             ; 3 (0)                     ; 1048576     ; 0            ; 0       ; 0         ; 0    ; 0            ; |fajerwoll|layer2_cuckoo:u_l2|altsyncram:bank_0_rtl_0                                                                                                              ; altsyncram      ; work         ;
;          |altsyncram_kq91:auto_generated|       ; 776 (0)             ; 3 (0)                     ; 1048576     ; 0            ; 0       ; 0         ; 0    ; 0            ; |fajerwoll|layer2_cuckoo:u_l2|altsyncram:bank_0_rtl_0|altsyncram_kq91:auto_generated                                                                               ; altsyncram_kq91 ; work         ;
;             |altsyncram:ram_block1a0|           ; 776 (0)             ; 3 (0)                     ; 1048576     ; 0            ; 0       ; 0         ; 0    ; 0            ; |fajerwoll|layer2_cuckoo:u_l2|altsyncram:bank_0_rtl_0|altsyncram_kq91:auto_generated|altsyncram:ram_block1a0                                                       ; altsyncram      ; work         ;
;                |altsyncram_aqa3:auto_generated| ; 776 (0)             ; 3 (3)                     ; 1048576     ; 0            ; 0       ; 0         ; 0    ; 0            ; |fajerwoll|layer2_cuckoo:u_l2|altsyncram:bank_0_rtl_0|altsyncram_kq91:auto_generated|altsyncram:ram_block1a0|altsyncram_aqa3:auto_generated                        ; altsyncram_aqa3 ; work         ;
;                   |decode_k8a:rden_decode|      ; 8 (8)               ; 0 (0)                     ; 0           ; 0            ; 0       ; 0         ; 0    ; 0            ; |fajerwoll|layer2_cuckoo:u_l2|altsyncram:bank_0_rtl_0|altsyncram_kq91:auto_generated|altsyncram:ram_block1a0|altsyncram_aqa3:auto_generated|decode_k8a:rden_decode ; decode_k8a      ; work         ;
;                   |mux_eqb:mux2|                ; 768 (768)           ; 0 (0)                     ; 0           ; 0            ; 0       ; 0         ; 0    ; 0            ; |fajerwoll|layer2_cuckoo:u_l2|altsyncram:bank_0_rtl_0|altsyncram_kq91:auto_generated|altsyncram:ram_block1a0|altsyncram_aqa3:auto_generated|mux_eqb:mux2           ; mux_eqb         ; work         ;
;       |altsyncram:bank_1_rtl_0|                 ; 776 (0)             ; 3 (0)                     ; 1048576     ; 0            ; 0       ; 0         ; 0    ; 0            ; |fajerwoll|layer2_cuckoo:u_l2|altsyncram:bank_1_rtl_0                                                                                                              ; altsyncram      ; work         ;
;          |altsyncram_lq91:auto_generated|       ; 776 (0)             ; 3 (0)                     ; 1048576     ; 0            ; 0       ; 0         ; 0    ; 0            ; |fajerwoll|layer2_cuckoo:u_l2|altsyncram:bank_1_rtl_0|altsyncram_lq91:auto_generated                                                                               ; altsyncram_lq91 ; work         ;
;             |altsyncram:ram_block1a0|           ; 776 (0)             ; 3 (0)                     ; 1048576     ; 0            ; 0       ; 0         ; 0    ; 0            ; |fajerwoll|layer2_cuckoo:u_l2|altsyncram:bank_1_rtl_0|altsyncram_lq91:auto_generated|altsyncram:ram_block1a0                                                       ; altsyncram      ; work         ;
;                |altsyncram_bqa3:auto_generated| ; 776 (0)             ; 3 (3)                     ; 1048576     ; 0            ; 0       ; 0         ; 0    ; 0            ; |fajerwoll|layer2_cuckoo:u_l2|altsyncram:bank_1_rtl_0|altsyncram_lq91:auto_generated|altsyncram:ram_block1a0|altsyncram_bqa3:auto_generated                        ; altsyncram_bqa3 ; work         ;
;                   |decode_k8a:rden_decode|      ; 8 (8)               ; 0 (0)                     ; 0           ; 0            ; 0       ; 0         ; 0    ; 0            ; |fajerwoll|layer2_cuckoo:u_l2|altsyncram:bank_1_rtl_0|altsyncram_lq91:auto_generated|altsyncram:ram_block1a0|altsyncram_bqa3:auto_generated|decode_k8a:rden_decode ; decode_k8a      ; work         ;
;                   |mux_eqb:mux2|                ; 768 (768)           ; 0 (0)                     ; 0           ; 0            ; 0       ; 0         ; 0    ; 0            ; |fajerwoll|layer2_cuckoo:u_l2|altsyncram:bank_1_rtl_0|altsyncram_lq91:auto_generated|altsyncram:ram_block1a0|altsyncram_bqa3:auto_generated|mux_eqb:mux2           ; mux_eqb         ; work         ;
;       |altsyncram:bank_2_rtl_0|                 ; 776 (0)             ; 3 (0)                     ; 1048576     ; 0            ; 0       ; 0         ; 0    ; 0            ; |fajerwoll|layer2_cuckoo:u_l2|altsyncram:bank_2_rtl_0                                                                                                              ; altsyncram      ; work         ;
;          |altsyncram_mq91:auto_generated|       ; 776 (0)             ; 3 (0)                     ; 1048576     ; 0            ; 0       ; 0         ; 0    ; 0            ; |fajerwoll|layer2_cuckoo:u_l2|altsyncram:bank_2_rtl_0|altsyncram_mq91:auto_generated                                                                               ; altsyncram_mq91 ; work         ;
;             |altsyncram:ram_block1a0|           ; 776 (0)             ; 3 (0)                     ; 1048576     ; 0            ; 0       ; 0         ; 0    ; 0            ; |fajerwoll|layer2_cuckoo:u_l2|altsyncram:bank_2_rtl_0|altsyncram_mq91:auto_generated|altsyncram:ram_block1a0                                                       ; altsyncram      ; work         ;
;                |altsyncram_cqa3:auto_generated| ; 776 (0)             ; 3 (3)                     ; 1048576     ; 0            ; 0       ; 0         ; 0    ; 0            ; |fajerwoll|layer2_cuckoo:u_l2|altsyncram:bank_2_rtl_0|altsyncram_mq91:auto_generated|altsyncram:ram_block1a0|altsyncram_cqa3:auto_generated                        ; altsyncram_cqa3 ; work         ;
;                   |decode_k8a:rden_decode|      ; 8 (8)               ; 0 (0)                     ; 0           ; 0            ; 0       ; 0         ; 0    ; 0            ; |fajerwoll|layer2_cuckoo:u_l2|altsyncram:bank_2_rtl_0|altsyncram_mq91:auto_generated|altsyncram:ram_block1a0|altsyncram_cqa3:auto_generated|decode_k8a:rden_decode ; decode_k8a      ; work         ;
;                   |mux_eqb:mux2|                ; 768 (768)           ; 0 (0)                     ; 0           ; 0            ; 0       ; 0         ; 0    ; 0            ; |fajerwoll|layer2_cuckoo:u_l2|altsyncram:bank_2_rtl_0|altsyncram_mq91:auto_generated|altsyncram:ram_block1a0|altsyncram_cqa3:auto_generated|mux_eqb:mux2           ; mux_eqb         ; work         ;
+-------------------------------------------------+---------------------+---------------------------+-------------+--------------+---------+-----------+------+--------------+--------------------------------------------------------------------------------------------------------------------------------------------------------------------+-----------------+--------------+
Note: For table entries with two numbers listed, the numbers in parentheses indicate the number of resources of the given type used by the specific entity alone. The numbers listed outside of parentheses indicate the total resources of the given type used by the specific entity and all of its sub-entities in the hierarchy.


+------------------------------------------------------------------------------------------------------------------------------------------------------------------------------------------------------------------------------------------------------------------------------------+
; Analysis & Synthesis RAM Summary                                                                                                                                                                                                                                                   ;
+---------------------------------------------------------------------------------------------------------------------------------------------+------+------+--------------+--------------+--------------+--------------+---------+--------------------------------------------------+
; Name                                                                                                                                        ; Type ; Mode ; Port A Depth ; Port A Width ; Port B Depth ; Port B Width ; Size    ; MIF                                              ;
+---------------------------------------------------------------------------------------------------------------------------------------------+------+------+--------------+--------------+--------------+--------------+---------+--------------------------------------------------+
; layer1_bloom:u_l1|altsyncram:bloom_0_rtl_0|altsyncram_kn91:auto_generated|ALTSYNCRAM                                                        ; M9K  ; ROM  ; 131072       ; 1            ; --           ; --           ; 131072  ; db/fajerwoll.ram0_layer1_bloom_b29f78ed.hdl.mif  ;
; layer1_bloom:u_l1|altsyncram:bloom_1_rtl_0|altsyncram_ln91:auto_generated|ALTSYNCRAM                                                        ; M9K  ; ROM  ; 131072       ; 1            ; --           ; --           ; 131072  ; db/fajerwoll.ram1_layer1_bloom_b29f78ed.hdl.mif  ;
; layer1_bloom:u_l1|altsyncram:bloom_2_rtl_0|altsyncram_mn91:auto_generated|ALTSYNCRAM                                                        ; M9K  ; ROM  ; 131072       ; 1            ; --           ; --           ; 131072  ; db/fajerwoll.ram2_layer1_bloom_b29f78ed.hdl.mif  ;
; layer1_bloom:u_l1|altsyncram:bloom_3_rtl_0|altsyncram_nn91:auto_generated|ALTSYNCRAM                                                        ; M9K  ; ROM  ; 131072       ; 1            ; --           ; --           ; 131072  ; db/fajerwoll.ram3_layer1_bloom_b29f78ed.hdl.mif  ;
; layer1_bloom:u_l1|altsyncram:bloom_4_rtl_0|altsyncram_on91:auto_generated|ALTSYNCRAM                                                        ; M9K  ; ROM  ; 131072       ; 1            ; --           ; --           ; 131072  ; db/fajerwoll.ram4_layer1_bloom_b29f78ed.hdl.mif  ;
; layer2_cuckoo:u_l2|altsyncram:bank_0_rtl_0|altsyncram_kq91:auto_generated|altsyncram:ram_block1a0|altsyncram_aqa3:auto_generated|ALTSYNCRAM ; M9K  ; ROM  ; 8192         ; 128          ; --           ; --           ; 1048576 ; db/fajerwoll.ram0_layer2_cuckoo_811a0dac.hdl.mif ;
; layer2_cuckoo:u_l2|altsyncram:bank_1_rtl_0|altsyncram_lq91:auto_generated|altsyncram:ram_block1a0|altsyncram_bqa3:auto_generated|ALTSYNCRAM ; M9K  ; ROM  ; 8192         ; 128          ; --           ; --           ; 1048576 ; db/fajerwoll.ram1_layer2_cuckoo_811a0dac.hdl.mif ;
; layer2_cuckoo:u_l2|altsyncram:bank_2_rtl_0|altsyncram_mq91:auto_generated|altsyncram:ram_block1a0|altsyncram_cqa3:auto_generated|ALTSYNCRAM ; M9K  ; ROM  ; 8192         ; 128          ; --           ; --           ; 1048576 ; db/fajerwoll.ram2_layer2_cuckoo_811a0dac.hdl.mif ;
+---------------------------------------------------------------------------------------------------------------------------------------------+------+------+--------------+--------------+--------------+--------------+---------+--------------------------------------------------+


+------------------------------------------------------+
; General Register Statistics                          ;
+----------------------------------------------+-------+
; Statistic                                    ; Value ;
+----------------------------------------------+-------+
; Total registers                              ; 428   ;
; Number of registers using Synchronous Clear  ; 0     ;
; Number of registers using Synchronous Load   ; 0     ;
; Number of registers using Asynchronous Clear ; 0     ;
; Number of registers using Asynchronous Load  ; 0     ;
; Number of registers using Clock Enable       ; 0     ;
; Number of registers using Preset             ; 0     ;
+----------------------------------------------+-------+


+----------------------------------------------------------------------------------------------------------------------------------------------------------+
; Physical Synthesis Netlist Optimizations                                                                                                                 ;
+-----------------------------------------------------------------------------------------------------------------+------------------+---------------------+
; Node                                                                                                            ; Action           ; Reason              ;
+-----------------------------------------------------------------------------------------------------------------+------------------+---------------------+
; hw_hash:hb0|Add2~0                                                                                              ; Modified         ; Timing optimization ;
; hw_hash:hb0|Add2~1                                                                                              ; Modified         ; Timing optimization ;
; hw_hash:hb0|Add5~1                                                                                              ; Modified         ; Timing optimization ;
; hw_hash:hb0|hash_out[0]~4                                                                                       ; Modified         ; Timing optimization ;
; hw_hash:hb0|hash_out[1]~5                                                                                       ; Modified         ; Timing optimization ;
; hw_hash:hb0|hash_out[12]~16                                                                                     ; Modified         ; Timing optimization ;
; hw_hash:hb1|Add1~0                                                                                              ; Modified         ; Timing optimization ;
; hw_hash:hb1|Add2~0                                                                                              ; Modified         ; Timing optimization ;
; hw_hash:hb1|Add2~1                                                                                              ; Modified         ; Timing optimization ;
; hw_hash:hb1|Add4~0                                                                                              ; Modified         ; Timing optimization ;
; hw_hash:hb1|hash_out[0]~4                                                                                       ; Modified         ; Timing optimization ;
; hw_hash:hb1|hash_out[11]~15                                                                                     ; Modified         ; Timing optimization ;
; hw_hash:hb2|Add2~0                                                                                              ; Modified         ; Timing optimization ;
; hw_hash:hb2|Add2~1                                                                                              ; Modified         ; Timing optimization ;
; hw_hash:hb2|Add5~1                                                                                              ; Modified         ; Timing optimization ;
; hw_hash:hb2|hash_out[0]~4                                                                                       ; Modified         ; Timing optimization ;
; hw_hash:hb2|hash_out[1]~5                                                                                       ; Modified         ; Timing optimization ;
; hw_hash:hb2|hash_out[11]~15                                                                                     ; Modified         ; Timing optimization ;
; hw_hash:hb3|Add2~0                                                                                              ; Modified         ; Timing optimization ;
; hw_hash:hb3|Add2~1                                                                                              ; Modified         ; Timing optimization ;
; hw_hash:hb3|Add5~1                                                                                              ; Modified         ; Timing optimization ;
; hw_hash:hb3|hash_out[0]~4                                                                                       ; Modified         ; Timing optimization ;
; hw_hash:hb3|hash_out[1]~5                                                                                       ; Modified         ; Timing optimization ;
; hw_hash:hb3|hash_out[11]~15                                                                                     ; Modified         ; Timing optimization ;
; hw_hash:hb4|Add2~0                                                                                              ; Modified         ; Timing optimization ;
; hw_hash:hb4|Add2~1                                                                                              ; Modified         ; Timing optimization ;
; hw_hash:hb4|Add5~1                                                                                              ; Modified         ; Timing optimization ;
; hw_hash:hb4|hash_out[0]~4                                                                                       ; Modified         ; Timing optimization ;
; hw_hash:hb4|hash_out[1]~5                                                                                       ; Modified         ; Timing optimization ;
; hw_hash:hb4|hash_out[12]~16                                                                                     ; Modified         ; Timing optimization ;
; hw_hash:hc0|Add2~0                                                                                              ; Modified         ; Timing optimization ;
; hw_hash:hc0|Add2~1                                                                                              ; Modified         ; Timing optimization ;
; hw_hash:hc0|Add5~1                                                                                              ; Modified         ; Timing optimization ;
; hw_hash:hc0|hash_out[0]~3                                                                                       ; Modified         ; Timing optimization ;
; hw_hash:hc0|hash_out[1]~4                                                                                       ; Modified         ; Timing optimization ;
; hw_hash:hc0|hash_out[12]~2                                                                                      ; Modified         ; Timing optimization ;
; hw_hash:hc1|Add5~1                                                                                              ; Modified         ; Timing optimization ;
; hw_hash:hc1|hash_out[0]~3                                                                                       ; Modified         ; Timing optimization ;
; hw_hash:hc2|Add1~0                                                                                              ; Modified         ; Timing optimization ;
; hw_hash:hc2|Add2~0                                                                                              ; Modified         ; Timing optimization ;
; hw_hash:hc2|Add2~1                                                                                              ; Modified         ; Timing optimization ;
; hw_hash:hc2|Add5~1                                                                                              ; Modified         ; Timing optimization ;
; hw_hash:hc2|hash_out[0]~3                                                                                       ; Modified         ; Timing optimization ;
; hw_hash:hc2|hash_out[1]~4                                                                                       ; Modified         ; Timing optimization ;
; hw_hash:hc2|hash_out[12]~2                                                                                      ; Modified         ; Timing optimization ;
; layer1_bloom:u_l1|altsyncram:bloom_0_rtl_0|altsyncram_kn91:auto_generated|address_reg_a[2]_RTM0138              ; Modified         ; Timing optimization ;
; layer1_bloom:u_l1|altsyncram:bloom_0_rtl_0|altsyncram_kn91:auto_generated|address_reg_a[2]_RTM0138              ; Retimed Register ; Timing optimization ;
; layer1_bloom:u_l1|altsyncram:bloom_0_rtl_0|altsyncram_kn91:auto_generated|mux_kob:mux2|result_node[0]~2         ; Modified         ; Timing optimization ;
; layer1_bloom:u_l1|altsyncram:bloom_0_rtl_0|altsyncram_kn91:auto_generated|mux_kob:mux2|result_node[0]~2_RTM0139 ; Modified         ; Timing optimization ;
; layer1_bloom:u_l1|altsyncram:bloom_1_rtl_0|altsyncram_ln91:auto_generated|address_reg_a[2]_RTM0156              ; Modified         ; Timing optimization ;
; layer1_bloom:u_l1|altsyncram:bloom_1_rtl_0|altsyncram_ln91:auto_generated|address_reg_a[2]_RTM0156              ; Retimed Register ; Timing optimization ;
; layer1_bloom:u_l1|altsyncram:bloom_1_rtl_0|altsyncram_ln91:auto_generated|mux_kob:mux2|result_node[0]~2         ; Modified         ; Timing optimization ;
; layer1_bloom:u_l1|altsyncram:bloom_1_rtl_0|altsyncram_ln91:auto_generated|mux_kob:mux2|result_node[0]~2_RTM0157 ; Modified         ; Timing optimization ;
; layer2_cuckoo:u_l2|hint_reg                                                                                     ; Deleted          ; Timing optimization ;
; layer2_cuckoo:u_l2|hint_reg_OTERM1_OTERM33_OTERM65_OTERM223                                                     ; Retimed Register ; Timing optimization ;
; layer2_cuckoo:u_l2|hint_reg_OTERM1_OTERM33_OTERM65_OTERM225                                                     ; Retimed Register ; Timing optimization ;
; layer2_cuckoo:u_l2|hint_reg_OTERM1_OTERM33_OTERM67_OTERM319                                                     ; Retimed Register ; Timing optimization ;
; layer2_cuckoo:u_l2|hint_reg_OTERM1_OTERM33_OTERM67_OTERM321                                                     ; Retimed Register ; Timing optimization ;
; layer2_cuckoo:u_l2|hint_reg_OTERM1_OTERM33_OTERM69_OTERM219                                                     ; Retimed Register ; Timing optimization ;
; layer2_cuckoo:u_l2|hint_reg_OTERM1_OTERM33_OTERM69_OTERM221                                                     ; Retimed Register ; Timing optimization ;
; layer2_cuckoo:u_l2|hint_reg_OTERM1_OTERM35_OTERM57                                                              ; Retimed Register ; Timing optimization ;
; layer2_cuckoo:u_l2|hint_reg_OTERM1_OTERM35_OTERM59_OTERM227                                                     ; Retimed Register ; Timing optimization ;
; layer2_cuckoo:u_l2|hint_reg_OTERM1_OTERM35_OTERM59_OTERM229                                                     ; Retimed Register ; Timing optimization ;
; layer2_cuckoo:u_l2|hint_reg_OTERM1_OTERM35_OTERM61_OTERM327                                                     ; Retimed Register ; Timing optimization ;
; layer2_cuckoo:u_l2|hint_reg_OTERM1_OTERM35_OTERM61_OTERM329                                                     ; Retimed Register ; Timing optimization ;
; layer2_cuckoo:u_l2|hint_reg_OTERM1_OTERM35_OTERM63_OTERM323                                                     ; Retimed Register ; Timing optimization ;
; layer2_cuckoo:u_l2|hint_reg_OTERM1_OTERM35_OTERM63_OTERM325                                                     ; Retimed Register ; Timing optimization ;
; layer2_cuckoo:u_l2|hint_reg_OTERM1_OTERM37                                                                      ; Retimed Register ; Timing optimization ;
; layer2_cuckoo:u_l2|hint_reg_OTERM1_OTERM39_OTERM99_OTERM291                                                     ; Retimed Register ; Timing optimization ;
; layer2_cuckoo:u_l2|hint_reg_OTERM1_OTERM39_OTERM99_OTERM293                                                     ; Retimed Register ; Timing optimization ;
; layer2_cuckoo:u_l2|hint_reg_OTERM1_OTERM39_OTERM101_OTERM187                                                    ; Retimed Register ; Timing optimization ;
; layer2_cuckoo:u_l2|hint_reg_OTERM1_OTERM39_OTERM101_OTERM189                                                    ; Retimed Register ; Timing optimization ;
; layer2_cuckoo:u_l2|hint_reg_OTERM1_OTERM39_OTERM101_OTERM191                                                    ; Retimed Register ; Timing optimization ;
; layer2_cuckoo:u_l2|hint_reg_OTERM1_OTERM39_OTERM101_OTERM193                                                    ; Retimed Register ; Timing optimization ;
; layer2_cuckoo:u_l2|hint_reg_OTERM3_OTERM9_OTERM41_OTERM133_OTERM263                                             ; Retimed Register ; Timing optimization ;
; layer2_cuckoo:u_l2|hint_reg_OTERM3_OTERM9_OTERM41_OTERM133_OTERM265                                             ; Retimed Register ; Timing optimization ;
; layer2_cuckoo:u_l2|hint_reg_OTERM3_OTERM9_OTERM41_OTERM135_OTERM235                                             ; Retimed Register ; Timing optimization ;
; layer2_cuckoo:u_l2|hint_reg_OTERM3_OTERM9_OTERM41_OTERM135_OTERM237                                             ; Retimed Register ; Timing optimization ;
; layer2_cuckoo:u_l2|hint_reg_OTERM3_OTERM9_OTERM41_OTERM137                                                      ; Retimed Register ; Timing optimization ;
; layer2_cuckoo:u_l2|hint_reg_OTERM3_OTERM9_OTERM43                                                               ; Retimed Register ; Timing optimization ;
; layer2_cuckoo:u_l2|hint_reg_OTERM3_OTERM9_OTERM45_OTERM129_OTERM239                                             ; Retimed Register ; Timing optimization ;
; layer2_cuckoo:u_l2|hint_reg_OTERM3_OTERM9_OTERM45_OTERM129_OTERM241                                             ; Retimed Register ; Timing optimization ;
; layer2_cuckoo:u_l2|hint_reg_OTERM3_OTERM9_OTERM45_OTERM131_OTERM267                                             ; Retimed Register ; Timing optimization ;
; layer2_cuckoo:u_l2|hint_reg_OTERM3_OTERM9_OTERM45_OTERM131_OTERM269                                             ; Retimed Register ; Timing optimization ;
; layer2_cuckoo:u_l2|hint_reg_OTERM3_OTERM9_OTERM47_OTERM145                                                      ; Retimed Register ; Timing optimization ;
; layer2_cuckoo:u_l2|hint_reg_OTERM3_OTERM9_OTERM47_OTERM147_OTERM255                                             ; Retimed Register ; Timing optimization ;
; layer2_cuckoo:u_l2|hint_reg_OTERM3_OTERM9_OTERM47_OTERM147_OTERM257                                             ; Retimed Register ; Timing optimization ;
; layer2_cuckoo:u_l2|hint_reg_OTERM3_OTERM9_OTERM47_OTERM149_OTERM251                                             ; Retimed Register ; Timing optimization ;
; layer2_cuckoo:u_l2|hint_reg_OTERM3_OTERM9_OTERM47_OTERM149_OTERM253                                             ; Retimed Register ; Timing optimization ;
; layer2_cuckoo:u_l2|hint_reg_OTERM3_OTERM11_OTERM119                                                             ; Retimed Register ; Timing optimization ;
; layer2_cuckoo:u_l2|hint_reg_OTERM3_OTERM11_OTERM121_OTERM275                                                    ; Retimed Register ; Timing optimization ;
; layer2_cuckoo:u_l2|hint_reg_OTERM3_OTERM11_OTERM121_OTERM277                                                    ; Retimed Register ; Timing optimization ;
; layer2_cuckoo:u_l2|hint_reg_OTERM3_OTERM11_OTERM123_OTERM159                                                    ; Retimed Register ; Timing optimization ;
; layer2_cuckoo:u_l2|hint_reg_OTERM3_OTERM11_OTERM123_OTERM161                                                    ; Retimed Register ; Timing optimization ;
; layer2_cuckoo:u_l2|hint_reg_OTERM3_OTERM11_OTERM123_OTERM163                                                    ; Retimed Register ; Timing optimization ;
; layer2_cuckoo:u_l2|hint_reg_OTERM3_OTERM13_OTERM49_OTERM141_OTERM231                                            ; Retimed Register ; Timing optimization ;
; layer2_cuckoo:u_l2|hint_reg_OTERM3_OTERM13_OTERM49_OTERM141_OTERM233                                            ; Retimed Register ; Timing optimization ;
; layer2_cuckoo:u_l2|hint_reg_OTERM3_OTERM13_OTERM49_OTERM143_OTERM259                                            ; Retimed Register ; Timing optimization ;
; layer2_cuckoo:u_l2|hint_reg_OTERM3_OTERM13_OTERM49_OTERM143_OTERM261                                            ; Retimed Register ; Timing optimization ;
; layer2_cuckoo:u_l2|hint_reg_OTERM3_OTERM13_OTERM51_OTERM125_OTERM243                                            ; Retimed Register ; Timing optimization ;
; layer2_cuckoo:u_l2|hint_reg_OTERM3_OTERM13_OTERM51_OTERM125_OTERM245                                            ; Retimed Register ; Timing optimization ;
; layer2_cuckoo:u_l2|hint_reg_OTERM3_OTERM13_OTERM51_OTERM127_OTERM271                                            ; Retimed Register ; Timing optimization ;
; layer2_cuckoo:u_l2|hint_reg_OTERM3_OTERM13_OTERM51_OTERM127_OTERM273                                            ; Retimed Register ; Timing optimization ;
; layer2_cuckoo:u_l2|hint_reg_OTERM3_OTERM13_OTERM53_OTERM331                                                     ; Retimed Register ; Timing optimization ;
; layer2_cuckoo:u_l2|hint_reg_OTERM3_OTERM13_OTERM53_OTERM333                                                     ; Retimed Register ; Timing optimization ;
; layer2_cuckoo:u_l2|hint_reg_OTERM3_OTERM13_OTERM55_OTERM151                                                     ; Retimed Register ; Timing optimization ;
; layer2_cuckoo:u_l2|hint_reg_OTERM3_OTERM13_OTERM55_OTERM153_OTERM247                                            ; Retimed Register ; Timing optimization ;
; layer2_cuckoo:u_l2|hint_reg_OTERM3_OTERM13_OTERM55_OTERM153_OTERM249                                            ; Retimed Register ; Timing optimization ;
; layer2_cuckoo:u_l2|hint_reg_OTERM3_OTERM13_OTERM55_OTERM155                                                     ; Retimed Register ; Timing optimization ;
; layer2_cuckoo:u_l2|hint_reg_OTERM3_OTERM15_OTERM111                                                             ; Retimed Register ; Timing optimization ;
; layer2_cuckoo:u_l2|hint_reg_OTERM3_OTERM15_OTERM113                                                             ; Retimed Register ; Timing optimization ;
; layer2_cuckoo:u_l2|hint_reg_OTERM3_OTERM15_OTERM115_OTERM279                                                    ; Retimed Register ; Timing optimization ;
; layer2_cuckoo:u_l2|hint_reg_OTERM3_OTERM15_OTERM115_OTERM281                                                    ; Retimed Register ; Timing optimization ;
; layer2_cuckoo:u_l2|hint_reg_OTERM3_OTERM15_OTERM117_OTERM165                                                    ; Retimed Register ; Timing optimization ;
; layer2_cuckoo:u_l2|hint_reg_OTERM3_OTERM15_OTERM117_OTERM167                                                    ; Retimed Register ; Timing optimization ;
; layer2_cuckoo:u_l2|hint_reg_OTERM3_OTERM15_OTERM117_OTERM169                                                    ; Retimed Register ; Timing optimization ;
; layer2_cuckoo:u_l2|hint_reg_OTERM5_OTERM25_OTERM79_OTERM211                                                     ; Retimed Register ; Timing optimization ;
; layer2_cuckoo:u_l2|hint_reg_OTERM5_OTERM25_OTERM79_OTERM213                                                     ; Retimed Register ; Timing optimization ;
; layer2_cuckoo:u_l2|hint_reg_OTERM5_OTERM25_OTERM81_OTERM307                                                     ; Retimed Register ; Timing optimization ;
; layer2_cuckoo:u_l2|hint_reg_OTERM5_OTERM25_OTERM81_OTERM309                                                     ; Retimed Register ; Timing optimization ;
; layer2_cuckoo:u_l2|hint_reg_OTERM5_OTERM25_OTERM83_OTERM207                                                     ; Retimed Register ; Timing optimization ;
; layer2_cuckoo:u_l2|hint_reg_OTERM5_OTERM25_OTERM83_OTERM209                                                     ; Retimed Register ; Timing optimization ;
; layer2_cuckoo:u_l2|hint_reg_OTERM5_OTERM27_OTERM71                                                              ; Retimed Register ; Timing optimization ;
; layer2_cuckoo:u_l2|hint_reg_OTERM5_OTERM27_OTERM73_OTERM215                                                     ; Retimed Register ; Timing optimization ;
; layer2_cuckoo:u_l2|hint_reg_OTERM5_OTERM27_OTERM73_OTERM217                                                     ; Retimed Register ; Timing optimization ;
; layer2_cuckoo:u_l2|hint_reg_OTERM5_OTERM27_OTERM75_OTERM315                                                     ; Retimed Register ; Timing optimization ;
; layer2_cuckoo:u_l2|hint_reg_OTERM5_OTERM27_OTERM75_OTERM317                                                     ; Retimed Register ; Timing optimization ;
; layer2_cuckoo:u_l2|hint_reg_OTERM5_OTERM27_OTERM77_OTERM311                                                     ; Retimed Register ; Timing optimization ;
; layer2_cuckoo:u_l2|hint_reg_OTERM5_OTERM27_OTERM77_OTERM313                                                     ; Retimed Register ; Timing optimization ;
; layer2_cuckoo:u_l2|hint_reg_OTERM5_OTERM29                                                                      ; Retimed Register ; Timing optimization ;
; layer2_cuckoo:u_l2|hint_reg_OTERM5_OTERM31_OTERM103_OTERM287                                                    ; Retimed Register ; Timing optimization ;
; layer2_cuckoo:u_l2|hint_reg_OTERM5_OTERM31_OTERM103_OTERM289                                                    ; Retimed Register ; Timing optimization ;
; layer2_cuckoo:u_l2|hint_reg_OTERM5_OTERM31_OTERM105_OTERM179                                                    ; Retimed Register ; Timing optimization ;
; layer2_cuckoo:u_l2|hint_reg_OTERM5_OTERM31_OTERM105_OTERM181                                                    ; Retimed Register ; Timing optimization ;
; layer2_cuckoo:u_l2|hint_reg_OTERM5_OTERM31_OTERM105_OTERM183                                                    ; Retimed Register ; Timing optimization ;
; layer2_cuckoo:u_l2|hint_reg_OTERM5_OTERM31_OTERM105_OTERM185                                                    ; Retimed Register ; Timing optimization ;
; layer2_cuckoo:u_l2|hint_reg_OTERM7_OTERM17_OTERM93_OTERM199                                                     ; Retimed Register ; Timing optimization ;
; layer2_cuckoo:u_l2|hint_reg_OTERM7_OTERM17_OTERM93_OTERM201                                                     ; Retimed Register ; Timing optimization ;
; layer2_cuckoo:u_l2|hint_reg_OTERM7_OTERM17_OTERM95_OTERM295                                                     ; Retimed Register ; Timing optimization ;
; layer2_cuckoo:u_l2|hint_reg_OTERM7_OTERM17_OTERM95_OTERM297                                                     ; Retimed Register ; Timing optimization ;
; layer2_cuckoo:u_l2|hint_reg_OTERM7_OTERM17_OTERM97_OTERM195                                                     ; Retimed Register ; Timing optimization ;
; layer2_cuckoo:u_l2|hint_reg_OTERM7_OTERM17_OTERM97_OTERM197                                                     ; Retimed Register ; Timing optimization ;
; layer2_cuckoo:u_l2|hint_reg_OTERM7_OTERM19_OTERM85                                                              ; Retimed Register ; Timing optimization ;
; layer2_cuckoo:u_l2|hint_reg_OTERM7_OTERM19_OTERM87_OTERM203                                                     ; Retimed Register ; Timing optimization ;
; layer2_cuckoo:u_l2|hint_reg_OTERM7_OTERM19_OTERM87_OTERM205                                                     ; Retimed Register ; Timing optimization ;
; layer2_cuckoo:u_l2|hint_reg_OTERM7_OTERM19_OTERM89_OTERM303                                                     ; Retimed Register ; Timing optimization ;
; layer2_cuckoo:u_l2|hint_reg_OTERM7_OTERM19_OTERM89_OTERM305                                                     ; Retimed Register ; Timing optimization ;
; layer2_cuckoo:u_l2|hint_reg_OTERM7_OTERM19_OTERM91_OTERM299                                                     ; Retimed Register ; Timing optimization ;
; layer2_cuckoo:u_l2|hint_reg_OTERM7_OTERM19_OTERM91_OTERM301                                                     ; Retimed Register ; Timing optimization ;
; layer2_cuckoo:u_l2|hint_reg_OTERM7_OTERM21                                                                      ; Retimed Register ; Timing optimization ;
; layer2_cuckoo:u_l2|hint_reg_OTERM7_OTERM23_OTERM107_OTERM283                                                    ; Retimed Register ; Timing optimization ;
; layer2_cuckoo:u_l2|hint_reg_OTERM7_OTERM23_OTERM107_OTERM285                                                    ; Retimed Register ; Timing optimization ;
; layer2_cuckoo:u_l2|hint_reg_OTERM7_OTERM23_OTERM109_OTERM171                                                    ; Retimed Register ; Timing optimization ;
; layer2_cuckoo:u_l2|hint_reg_OTERM7_OTERM23_OTERM109_OTERM173                                                    ; Retimed Register ; Timing optimization ;
; layer2_cuckoo:u_l2|hint_reg_OTERM7_OTERM23_OTERM109_OTERM175                                                    ; Retimed Register ; Timing optimization ;
; layer2_cuckoo:u_l2|hint_reg_OTERM7_OTERM23_OTERM109_OTERM177                                                    ; Retimed Register ; Timing optimization ;
+-----------------------------------------------------------------------------------------------------------------+------------------+---------------------+


+-----------------------------------------------------------------------------+
; Registers Packed Into Inferred Megafunctions                                ;
+------------------------------------+---------------------------------+------+
; Register Name                      ; Megafunction                    ; Type ;
+------------------------------------+---------------------------------+------+
; layer2_cuckoo:u_l2|rdata_0[0..127] ; layer2_cuckoo:u_l2|bank_0_rtl_0 ; RAM  ;
; layer2_cuckoo:u_l2|rdata_1[0..127] ; layer2_cuckoo:u_l2|bank_1_rtl_0 ; RAM  ;
; layer2_cuckoo:u_l2|rdata_2[0..127] ; layer2_cuckoo:u_l2|bank_2_rtl_0 ; RAM  ;
; layer1_bloom:u_l1|b4               ; layer1_bloom:u_l1|bloom_4_rtl_0 ; RAM  ;
; layer1_bloom:u_l1|b3               ; layer1_bloom:u_l1|bloom_3_rtl_0 ; RAM  ;
; layer1_bloom:u_l1|b2               ; layer1_bloom:u_l1|bloom_2_rtl_0 ; RAM  ;
; layer1_bloom:u_l1|b1               ; layer1_bloom:u_l1|bloom_1_rtl_0 ; RAM  ;
; layer1_bloom:u_l1|b0               ; layer1_bloom:u_l1|bloom_0_rtl_0 ; RAM  ;
+------------------------------------+---------------------------------+------+


+--------------------------------------------------------------------------------------------------+
; Source assignments for layer2_cuckoo:u_l2|altsyncram:bank_0_rtl_0|altsyncram_kq91:auto_generated ;
+---------------------------------+--------------------+------+------------------------------------+
; Assignment                      ; Value              ; From ; To                                 ;
+---------------------------------+--------------------+------+------------------------------------+
; OPTIMIZE_POWER_DURING_SYNTHESIS ; NORMAL_COMPILATION ; -    ; -                                  ;
+---------------------------------+--------------------+------+------------------------------------+


+--------------------------------------------------------------------------------------------------+
; Source assignments for layer2_cuckoo:u_l2|altsyncram:bank_1_rtl_0|altsyncram_lq91:auto_generated ;
+---------------------------------+--------------------+------+------------------------------------+
; Assignment                      ; Value              ; From ; To                                 ;
+---------------------------------+--------------------+------+------------------------------------+
; OPTIMIZE_POWER_DURING_SYNTHESIS ; NORMAL_COMPILATION ; -    ; -                                  ;
+---------------------------------+--------------------+------+------------------------------------+


+--------------------------------------------------------------------------------------------------+
; Source assignments for layer2_cuckoo:u_l2|altsyncram:bank_2_rtl_0|altsyncram_mq91:auto_generated ;
+---------------------------------+--------------------+------+------------------------------------+
; Assignment                      ; Value              ; From ; To                                 ;
+---------------------------------+--------------------+------+------------------------------------+
; OPTIMIZE_POWER_DURING_SYNTHESIS ; NORMAL_COMPILATION ; -    ; -                                  ;
+---------------------------------+--------------------+------+------------------------------------+


+--------------------------------------------------------------------------------------------------+
; Source assignments for layer1_bloom:u_l1|altsyncram:bloom_4_rtl_0|altsyncram_on91:auto_generated ;
+---------------------------------+--------------------+------+------------------------------------+
; Assignment                      ; Value              ; From ; To                                 ;
+---------------------------------+--------------------+------+------------------------------------+
; OPTIMIZE_POWER_DURING_SYNTHESIS ; NORMAL_COMPILATION ; -    ; -                                  ;
+---------------------------------+--------------------+------+------------------------------------+


+--------------------------------------------------------------------------------------------------+
; Source assignments for layer1_bloom:u_l1|altsyncram:bloom_3_rtl_0|altsyncram_nn91:auto_generated ;
+---------------------------------+--------------------+------+------------------------------------+
; Assignment                      ; Value              ; From ; To                                 ;
+---------------------------------+--------------------+------+------------------------------------+
; OPTIMIZE_POWER_DURING_SYNTHESIS ; NORMAL_COMPILATION ; -    ; -                                  ;
+---------------------------------+--------------------+------+------------------------------------+


+--------------------------------------------------------------------------------------------------+
; Source assignments for layer1_bloom:u_l1|altsyncram:bloom_2_rtl_0|altsyncram_mn91:auto_generated ;
+---------------------------------+--------------------+------+------------------------------------+
; Assignment                      ; Value              ; From ; To                                 ;
+---------------------------------+--------------------+------+------------------------------------+
; OPTIMIZE_POWER_DURING_SYNTHESIS ; NORMAL_COMPILATION ; -    ; -                                  ;
+---------------------------------+--------------------+------+------------------------------------+


+--------------------------------------------------------------------------------------------------+
; Source assignments for layer1_bloom:u_l1|altsyncram:bloom_1_rtl_0|altsyncram_ln91:auto_generated ;
+---------------------------------+--------------------+------+------------------------------------+
; Assignment                      ; Value              ; From ; To                                 ;
+---------------------------------+--------------------+------+------------------------------------+
; OPTIMIZE_POWER_DURING_SYNTHESIS ; NORMAL_COMPILATION ; -    ; -                                  ;
+---------------------------------+--------------------+------+------------------------------------+


+--------------------------------------------------------------------------------------------------+
; Source assignments for layer1_bloom:u_l1|altsyncram:bloom_0_rtl_0|altsyncram_kn91:auto_generated ;
+---------------------------------+--------------------+------+------------------------------------+
; Assignment                      ; Value              ; From ; To                                 ;
+---------------------------------+--------------------+------+------------------------------------+
; OPTIMIZE_POWER_DURING_SYNTHESIS ; NORMAL_COMPILATION ; -    ; -                                  ;
+---------------------------------+--------------------+------+------------------------------------+


+---------------------------------------------------------------------------------------------------------------------------------------------------------+
; Source assignments for layer2_cuckoo:u_l2|altsyncram:bank_1_rtl_0|altsyncram_lq91:auto_generated|altsyncram:ram_block1a0|altsyncram_bqa3:auto_generated ;
+---------------------------------+--------------------+------+-------------------------------------------------------------------------------------------+
; Assignment                      ; Value              ; From ; To                                                                                        ;
+---------------------------------+--------------------+------+-------------------------------------------------------------------------------------------+
; OPTIMIZE_POWER_DURING_SYNTHESIS ; NORMAL_COMPILATION ; -    ; -                                                                                         ;
+---------------------------------+--------------------+------+-------------------------------------------------------------------------------------------+


+---------------------------------------------------------------------------------------------------------------------------------------------------------+
; Source assignments for layer2_cuckoo:u_l2|altsyncram:bank_2_rtl_0|altsyncram_mq91:auto_generated|altsyncram:ram_block1a0|altsyncram_cqa3:auto_generated ;
+---------------------------------+--------------------+------+-------------------------------------------------------------------------------------------+
; Assignment                      ; Value              ; From ; To                                                                                        ;
+---------------------------------+--------------------+------+-------------------------------------------------------------------------------------------+
; OPTIMIZE_POWER_DURING_SYNTHESIS ; NORMAL_COMPILATION ; -    ; -                                                                                         ;
+---------------------------------+--------------------+------+-------------------------------------------------------------------------------------------+


+---------------------------------------------------------------------------------------------------------------------------------------------------------+
; Source assignments for layer2_cuckoo:u_l2|altsyncram:bank_0_rtl_0|altsyncram_kq91:auto_generated|altsyncram:ram_block1a0|altsyncram_aqa3:auto_generated ;
+---------------------------------+--------------------+------+-------------------------------------------------------------------------------------------+
; Assignment                      ; Value              ; From ; To                                                                                        ;
+---------------------------------+--------------------+------+-------------------------------------------------------------------------------------------+
; OPTIMIZE_POWER_DURING_SYNTHESIS ; NORMAL_COMPILATION ; -    ; -                                                                                         ;
+---------------------------------+--------------------+------+-------------------------------------------------------------------------------------------+


+---------------------------------------------------------------------+
; Parameter Settings for User Entity Instance: hw_hash:hb0            ;
+----------------+----------------------------------+-----------------+
; Parameter Name ; Value                            ; Type            ;
+----------------+----------------------------------+-----------------+
; OUT_WIDTH      ; 17                               ; Signed Integer  ;
; SEED           ; 11001010111111101011101010111110 ; Unsigned Binary ;
+----------------+----------------------------------+-----------------+
Note: In order to hide this table in the UI and the text report file, please set the "Show Parameter Settings in Synthesis Report" option in "Analysis and Synthesis Settings -> More Settings" to "Off".


+---------------------------------------------------------------------+
; Parameter Settings for User Entity Instance: hw_hash:hb1            ;
+----------------+----------------------------------+-----------------+
; Parameter Name ; Value                            ; Type            ;
+----------------+----------------------------------+-----------------+
; OUT_WIDTH      ; 17                               ; Signed Integer  ;
; SEED           ; 11011110101011011011111011101111 ; Unsigned Binary ;
+----------------+----------------------------------+-----------------+
Note: In order to hide this table in the UI and the text report file, please set the "Show Parameter Settings in Synthesis Report" option in "Analysis and Synthesis Settings -> More Settings" to "Off".


+---------------------------------------------------------------------+
; Parameter Settings for User Entity Instance: hw_hash:hb2            ;
+----------------+----------------------------------+-----------------+
; Parameter Name ; Value                            ; Type            ;
+----------------+----------------------------------+-----------------+
; OUT_WIDTH      ; 17                               ; Signed Integer  ;
; SEED           ; 10001011101011011111000000001101 ; Unsigned Binary ;
+----------------+----------------------------------+-----------------+
Note: In order to hide this table in the UI and the text report file, please set the "Show Parameter Settings in Synthesis Report" option in "Analysis and Synthesis Settings -> More Settings" to "Off".


+---------------------------------------------------------------------+
; Parameter Settings for User Entity Instance: hw_hash:hb3            ;
+----------------+----------------------------------+-----------------+
; Parameter Name ; Value                            ; Type            ;
+----------------+----------------------------------+-----------------+
; OUT_WIDTH      ; 17                               ; Signed Integer  ;
; SEED           ; 00001101111011111010110011101101 ; Unsigned Binary ;
+----------------+----------------------------------+-----------------+
Note: In order to hide this table in the UI and the text report file, please set the "Show Parameter Settings in Synthesis Report" option in "Analysis and Synthesis Settings -> More Settings" to "Off".


+---------------------------------------------------------------------+
; Parameter Settings for User Entity Instance: hw_hash:hb4            ;
+----------------+----------------------------------+-----------------+
; Parameter Name ; Value                            ; Type            ;
+----------------+----------------------------------+-----------------+
; OUT_WIDTH      ; 17                               ; Signed Integer  ;
; SEED           ; 10111010110111011100101011111110 ; Unsigned Binary ;
+----------------+----------------------------------+-----------------+
Note: In order to hide this table in the UI and the text report file, please set the "Show Parameter Settings in Synthesis Report" option in "Analysis and Synthesis Settings -> More Settings" to "Off".


+---------------------------------------------------------------------+
; Parameter Settings for User Entity Instance: hw_hash:hc0            ;
+----------------+----------------------------------+-----------------+
; Parameter Name ; Value                            ; Type            ;
+----------------+----------------------------------+-----------------+
; OUT_WIDTH      ; 13                               ; Signed Integer  ;
; SEED           ; 11111110111011011111101011001110 ; Unsigned Binary ;
+----------------+----------------------------------+-----------------+
Note: In order to hide this table in the UI and the text report file, please set the "Show Parameter Settings in Synthesis Report" option in "Analysis and Synthesis Settings -> More Settings" to "Off".


+---------------------------------------------------------------------+
; Parameter Settings for User Entity Instance: hw_hash:hc1            ;
+----------------+----------------------------------+-----------------+
; Parameter Name ; Value                            ; Type            ;
+----------------+----------------------------------+-----------------+
; OUT_WIDTH      ; 13                               ; Signed Integer  ;
; SEED           ; 11000000111111111110111000000000 ; Unsigned Binary ;
+----------------+----------------------------------+-----------------+
Note: In order to hide this table in the UI and the text report file, please set the "Show Parameter Settings in Synthesis Report" option in "Analysis and Synthesis Settings -> More Settings" to "Off".


+---------------------------------------------------------------------+
; Parameter Settings for User Entity Instance: hw_hash:hc2            ;
+----------------+----------------------------------+-----------------+
; Parameter Name ; Value                            ; Type            ;
+----------------+----------------------------------+-----------------+
; OUT_WIDTH      ; 13                               ; Signed Integer  ;
; SEED           ; 00011100111010110000000011011010 ; Unsigned Binary ;
+----------------+----------------------------------+-----------------+
Note: In order to hide this table in the UI and the text report file, please set the "Show Parameter Settings in Synthesis Report" option in "Analysis and Synthesis Settings -> More Settings" to "Off".


+--------------------------------------------------------------------------------------------------------+
; Parameter Settings for Inferred Entity Instance: layer2_cuckoo:u_l2|altsyncram:bank_0_rtl_0            ;
+------------------------------------+--------------------------------------------------+----------------+
; Parameter Name                     ; Value                                            ; Type           ;
+------------------------------------+--------------------------------------------------+----------------+
; BYTE_SIZE_BLOCK                    ; 8                                                ; Untyped        ;
; AUTO_CARRY_CHAINS                  ; ON                                               ; AUTO_CARRY     ;
; IGNORE_CARRY_BUFFERS               ; OFF                                              ; IGNORE_CARRY   ;
; AUTO_CASCADE_CHAINS                ; ON                                               ; AUTO_CASCADE   ;
; IGNORE_CASCADE_BUFFERS             ; OFF                                              ; IGNORE_CASCADE ;
; WIDTH_BYTEENA                      ; 1                                                ; Untyped        ;
; OPERATION_MODE                     ; ROM                                              ; Untyped        ;
; WIDTH_A                            ; 128                                              ; Untyped        ;
; WIDTHAD_A                          ; 13                                               ; Untyped        ;
; NUMWORDS_A                         ; 8192                                             ; Untyped        ;
; OUTDATA_REG_A                      ; UNREGISTERED                                     ; Untyped        ;
; ADDRESS_ACLR_A                     ; NONE                                             ; Untyped        ;
; OUTDATA_ACLR_A                     ; NONE                                             ; Untyped        ;
; WRCONTROL_ACLR_A                   ; NONE                                             ; Untyped        ;
; INDATA_ACLR_A                      ; NONE                                             ; Untyped        ;
; BYTEENA_ACLR_A                     ; NONE                                             ; Untyped        ;
; WIDTH_B                            ; 1                                                ; Untyped        ;
; WIDTHAD_B                          ; 1                                                ; Untyped        ;
; NUMWORDS_B                         ; 1                                                ; Untyped        ;
; INDATA_REG_B                       ; CLOCK1                                           ; Untyped        ;
; WRCONTROL_WRADDRESS_REG_B          ; CLOCK1                                           ; Untyped        ;
; RDCONTROL_REG_B                    ; CLOCK1                                           ; Untyped        ;
; ADDRESS_REG_B                      ; CLOCK1                                           ; Untyped        ;
; OUTDATA_REG_B                      ; UNREGISTERED                                     ; Untyped        ;
; BYTEENA_REG_B                      ; CLOCK1                                           ; Untyped        ;
; INDATA_ACLR_B                      ; NONE                                             ; Untyped        ;
; WRCONTROL_ACLR_B                   ; NONE                                             ; Untyped        ;
; ADDRESS_ACLR_B                     ; NONE                                             ; Untyped        ;
; OUTDATA_ACLR_B                     ; NONE                                             ; Untyped        ;
; RDCONTROL_ACLR_B                   ; NONE                                             ; Untyped        ;
; BYTEENA_ACLR_B                     ; NONE                                             ; Untyped        ;
; WIDTH_BYTEENA_A                    ; 1                                                ; Untyped        ;
; WIDTH_BYTEENA_B                    ; 1                                                ; Untyped        ;
; RAM_BLOCK_TYPE                     ; M9K                                              ; Untyped        ;
; BYTE_SIZE                          ; 8                                                ; Untyped        ;
; READ_DURING_WRITE_MODE_MIXED_PORTS ; DONT_CARE                                        ; Untyped        ;
; READ_DURING_WRITE_MODE_PORT_A      ; NEW_DATA_NO_NBE_READ                             ; Untyped        ;
; READ_DURING_WRITE_MODE_PORT_B      ; NEW_DATA_NO_NBE_READ                             ; Untyped        ;
; INIT_FILE                          ; db/fajerwoll.ram0_layer2_cuckoo_811a0dac.hdl.mif ; Untyped        ;
; INIT_FILE_LAYOUT                   ; PORT_A                                           ; Untyped        ;
; MAXIMUM_DEPTH                      ; 0                                                ; Untyped        ;
; CLOCK_ENABLE_INPUT_A               ; NORMAL                                           ; Untyped        ;
; CLOCK_ENABLE_INPUT_B               ; NORMAL                                           ; Untyped        ;
; CLOCK_ENABLE_OUTPUT_A              ; NORMAL                                           ; Untyped        ;
; CLOCK_ENABLE_OUTPUT_B              ; NORMAL                                           ; Untyped        ;
; CLOCK_ENABLE_CORE_A                ; USE_INPUT_CLKEN                                  ; Untyped        ;
; CLOCK_ENABLE_CORE_B                ; USE_INPUT_CLKEN                                  ; Untyped        ;
; ENABLE_ECC                         ; FALSE                                            ; Untyped        ;
; ECC_PIPELINE_STAGE_ENABLED         ; FALSE                                            ; Untyped        ;
; WIDTH_ECCSTATUS                    ; 3                                                ; Untyped        ;
; DEVICE_FAMILY                      ; Cyclone IV E                                     ; Untyped        ;
; CBXI_PARAMETER                     ; altsyncram_kq91                                  ; Untyped        ;
+------------------------------------+--------------------------------------------------+----------------+
Note: In order to hide this table in the UI and the text report file, please set the "Show Parameter Settings in Synthesis Report" option in "Analysis and Synthesis Settings -> More Settings" to "Off".


+--------------------------------------------------------------------------------------------------------+
; Parameter Settings for Inferred Entity Instance: layer2_cuckoo:u_l2|altsyncram:bank_1_rtl_0            ;
+------------------------------------+--------------------------------------------------+----------------+
; Parameter Name                     ; Value                                            ; Type           ;
+------------------------------------+--------------------------------------------------+----------------+
; BYTE_SIZE_BLOCK                    ; 8                                                ; Untyped        ;
; AUTO_CARRY_CHAINS                  ; ON                                               ; AUTO_CARRY     ;
; IGNORE_CARRY_BUFFERS               ; OFF                                              ; IGNORE_CARRY   ;
; AUTO_CASCADE_CHAINS                ; ON                                               ; AUTO_CASCADE   ;
; IGNORE_CASCADE_BUFFERS             ; OFF                                              ; IGNORE_CASCADE ;
; WIDTH_BYTEENA                      ; 1                                                ; Untyped        ;
; OPERATION_MODE                     ; ROM                                              ; Untyped        ;
; WIDTH_A                            ; 128                                              ; Untyped        ;
; WIDTHAD_A                          ; 13                                               ; Untyped        ;
; NUMWORDS_A                         ; 8192                                             ; Untyped        ;
; OUTDATA_REG_A                      ; UNREGISTERED                                     ; Untyped        ;
; ADDRESS_ACLR_A                     ; NONE                                             ; Untyped        ;
; OUTDATA_ACLR_A                     ; NONE                                             ; Untyped        ;
; WRCONTROL_ACLR_A                   ; NONE                                             ; Untyped        ;
; INDATA_ACLR_A                      ; NONE                                             ; Untyped        ;
; BYTEENA_ACLR_A                     ; NONE                                             ; Untyped        ;
; WIDTH_B                            ; 1                                                ; Untyped        ;
; WIDTHAD_B                          ; 1                                                ; Untyped        ;
; NUMWORDS_B                         ; 1                                                ; Untyped        ;
; INDATA_REG_B                       ; CLOCK1                                           ; Untyped        ;
; WRCONTROL_WRADDRESS_REG_B          ; CLOCK1                                           ; Untyped        ;
; RDCONTROL_REG_B                    ; CLOCK1                                           ; Untyped        ;
; ADDRESS_REG_B                      ; CLOCK1                                           ; Untyped        ;
; OUTDATA_REG_B                      ; UNREGISTERED                                     ; Untyped        ;
; BYTEENA_REG_B                      ; CLOCK1                                           ; Untyped        ;
; INDATA_ACLR_B                      ; NONE                                             ; Untyped        ;
; WRCONTROL_ACLR_B                   ; NONE                                             ; Untyped        ;
; ADDRESS_ACLR_B                     ; NONE                                             ; Untyped        ;
; OUTDATA_ACLR_B                     ; NONE                                             ; Untyped        ;
; RDCONTROL_ACLR_B                   ; NONE                                             ; Untyped        ;
; BYTEENA_ACLR_B                     ; NONE                                             ; Untyped        ;
; WIDTH_BYTEENA_A                    ; 1                                                ; Untyped        ;
; WIDTH_BYTEENA_B                    ; 1                                                ; Untyped        ;
; RAM_BLOCK_TYPE                     ; M9K                                              ; Untyped        ;
; BYTE_SIZE                          ; 8                                                ; Untyped        ;
; READ_DURING_WRITE_MODE_MIXED_PORTS ; DONT_CARE                                        ; Untyped        ;
; READ_DURING_WRITE_MODE_PORT_A      ; NEW_DATA_NO_NBE_READ                             ; Untyped        ;
; READ_DURING_WRITE_MODE_PORT_B      ; NEW_DATA_NO_NBE_READ                             ; Untyped        ;
; INIT_FILE                          ; db/fajerwoll.ram1_layer2_cuckoo_811a0dac.hdl.mif ; Untyped        ;
; INIT_FILE_LAYOUT                   ; PORT_A                                           ; Untyped        ;
; MAXIMUM_DEPTH                      ; 0                                                ; Untyped        ;
; CLOCK_ENABLE_INPUT_A               ; NORMAL                                           ; Untyped        ;
; CLOCK_ENABLE_INPUT_B               ; NORMAL                                           ; Untyped        ;
; CLOCK_ENABLE_OUTPUT_A              ; NORMAL                                           ; Untyped        ;
; CLOCK_ENABLE_OUTPUT_B              ; NORMAL                                           ; Untyped        ;
; CLOCK_ENABLE_CORE_A                ; USE_INPUT_CLKEN                                  ; Untyped        ;
; CLOCK_ENABLE_CORE_B                ; USE_INPUT_CLKEN                                  ; Untyped        ;
; ENABLE_ECC                         ; FALSE                                            ; Untyped        ;
; ECC_PIPELINE_STAGE_ENABLED         ; FALSE                                            ; Untyped        ;
; WIDTH_ECCSTATUS                    ; 3                                                ; Untyped        ;
; DEVICE_FAMILY                      ; Cyclone IV E                                     ; Untyped        ;
; CBXI_PARAMETER                     ; altsyncram_lq91                                  ; Untyped        ;
+------------------------------------+--------------------------------------------------+----------------+
Note: In order to hide this table in the UI and the text report file, please set the "Show Parameter Settings in Synthesis Report" option in "Analysis and Synthesis Settings -> More Settings" to "Off".


+--------------------------------------------------------------------------------------------------------+
; Parameter Settings for Inferred Entity Instance: layer2_cuckoo:u_l2|altsyncram:bank_2_rtl_0            ;
+------------------------------------+--------------------------------------------------+----------------+
; Parameter Name                     ; Value                                            ; Type           ;
+------------------------------------+--------------------------------------------------+----------------+
; BYTE_SIZE_BLOCK                    ; 8                                                ; Untyped        ;
; AUTO_CARRY_CHAINS                  ; ON                                               ; AUTO_CARRY     ;
; IGNORE_CARRY_BUFFERS               ; OFF                                              ; IGNORE_CARRY   ;
; AUTO_CASCADE_CHAINS                ; ON                                               ; AUTO_CASCADE   ;
; IGNORE_CASCADE_BUFFERS             ; OFF                                              ; IGNORE_CASCADE ;
; WIDTH_BYTEENA                      ; 1                                                ; Untyped        ;
; OPERATION_MODE                     ; ROM                                              ; Untyped        ;
; WIDTH_A                            ; 128                                              ; Untyped        ;
; WIDTHAD_A                          ; 13                                               ; Untyped        ;
; NUMWORDS_A                         ; 8192                                             ; Untyped        ;
; OUTDATA_REG_A                      ; UNREGISTERED                                     ; Untyped        ;
; ADDRESS_ACLR_A                     ; NONE                                             ; Untyped        ;
; OUTDATA_ACLR_A                     ; NONE                                             ; Untyped        ;
; WRCONTROL_ACLR_A                   ; NONE                                             ; Untyped        ;
; INDATA_ACLR_A                      ; NONE                                             ; Untyped        ;
; BYTEENA_ACLR_A                     ; NONE                                             ; Untyped        ;
; WIDTH_B                            ; 1                                                ; Untyped        ;
; WIDTHAD_B                          ; 1                                                ; Untyped        ;
; NUMWORDS_B                         ; 1                                                ; Untyped        ;
; INDATA_REG_B                       ; CLOCK1                                           ; Untyped        ;
; WRCONTROL_WRADDRESS_REG_B          ; CLOCK1                                           ; Untyped        ;
; RDCONTROL_REG_B                    ; CLOCK1                                           ; Untyped        ;
; ADDRESS_REG_B                      ; CLOCK1                                           ; Untyped        ;
; OUTDATA_REG_B                      ; UNREGISTERED                                     ; Untyped        ;
; BYTEENA_REG_B                      ; CLOCK1                                           ; Untyped        ;
; INDATA_ACLR_B                      ; NONE                                             ; Untyped        ;
; WRCONTROL_ACLR_B                   ; NONE                                             ; Untyped        ;
; ADDRESS_ACLR_B                     ; NONE                                             ; Untyped        ;
; OUTDATA_ACLR_B                     ; NONE                                             ; Untyped        ;
; RDCONTROL_ACLR_B                   ; NONE                                             ; Untyped        ;
; BYTEENA_ACLR_B                     ; NONE                                             ; Untyped        ;
; WIDTH_BYTEENA_A                    ; 1                                                ; Untyped        ;
; WIDTH_BYTEENA_B                    ; 1                                                ; Untyped        ;
; RAM_BLOCK_TYPE                     ; M9K                                              ; Untyped        ;
; BYTE_SIZE                          ; 8                                                ; Untyped        ;
; READ_DURING_WRITE_MODE_MIXED_PORTS ; DONT_CARE                                        ; Untyped        ;
; READ_DURING_WRITE_MODE_PORT_A      ; NEW_DATA_NO_NBE_READ                             ; Untyped        ;
; READ_DURING_WRITE_MODE_PORT_B      ; NEW_DATA_NO_NBE_READ                             ; Untyped        ;
; INIT_FILE                          ; db/fajerwoll.ram2_layer2_cuckoo_811a0dac.hdl.mif ; Untyped        ;
; INIT_FILE_LAYOUT                   ; PORT_A                                           ; Untyped        ;
; MAXIMUM_DEPTH                      ; 0                                                ; Untyped        ;
; CLOCK_ENABLE_INPUT_A               ; NORMAL                                           ; Untyped        ;
; CLOCK_ENABLE_INPUT_B               ; NORMAL                                           ; Untyped        ;
; CLOCK_ENABLE_OUTPUT_A              ; NORMAL                                           ; Untyped        ;
; CLOCK_ENABLE_OUTPUT_B              ; NORMAL                                           ; Untyped        ;
; CLOCK_ENABLE_CORE_A                ; USE_INPUT_CLKEN                                  ; Untyped        ;
; CLOCK_ENABLE_CORE_B                ; USE_INPUT_CLKEN                                  ; Untyped        ;
; ENABLE_ECC                         ; FALSE                                            ; Untyped        ;
; ECC_PIPELINE_STAGE_ENABLED         ; FALSE                                            ; Untyped        ;
; WIDTH_ECCSTATUS                    ; 3                                                ; Untyped        ;
; DEVICE_FAMILY                      ; Cyclone IV E                                     ; Untyped        ;
; CBXI_PARAMETER                     ; altsyncram_mq91                                  ; Untyped        ;
+------------------------------------+--------------------------------------------------+----------------+
Note: In order to hide this table in the UI and the text report file, please set the "Show Parameter Settings in Synthesis Report" option in "Analysis and Synthesis Settings -> More Settings" to "Off".


+-------------------------------------------------------------------------------------------------------+
; Parameter Settings for Inferred Entity Instance: layer1_bloom:u_l1|altsyncram:bloom_4_rtl_0           ;
+------------------------------------+-------------------------------------------------+----------------+
; Parameter Name                     ; Value                                           ; Type           ;
+------------------------------------+-------------------------------------------------+----------------+
; BYTE_SIZE_BLOCK                    ; 8                                               ; Untyped        ;
; AUTO_CARRY_CHAINS                  ; ON                                              ; AUTO_CARRY     ;
; IGNORE_CARRY_BUFFERS               ; OFF                                             ; IGNORE_CARRY   ;
; AUTO_CASCADE_CHAINS                ; ON                                              ; AUTO_CASCADE   ;
; IGNORE_CASCADE_BUFFERS             ; OFF                                             ; IGNORE_CASCADE ;
; WIDTH_BYTEENA                      ; 1                                               ; Untyped        ;
; OPERATION_MODE                     ; ROM                                             ; Untyped        ;
; WIDTH_A                            ; 1                                               ; Untyped        ;
; WIDTHAD_A                          ; 17                                              ; Untyped        ;
; NUMWORDS_A                         ; 131072                                          ; Untyped        ;
; OUTDATA_REG_A                      ; UNREGISTERED                                    ; Untyped        ;
; ADDRESS_ACLR_A                     ; NONE                                            ; Untyped        ;
; OUTDATA_ACLR_A                     ; NONE                                            ; Untyped        ;
; WRCONTROL_ACLR_A                   ; NONE                                            ; Untyped        ;
; INDATA_ACLR_A                      ; NONE                                            ; Untyped        ;
; BYTEENA_ACLR_A                     ; NONE                                            ; Untyped        ;
; WIDTH_B                            ; 1                                               ; Untyped        ;
; WIDTHAD_B                          ; 1                                               ; Untyped        ;
; NUMWORDS_B                         ; 1                                               ; Untyped        ;
; INDATA_REG_B                       ; CLOCK1                                          ; Untyped        ;
; WRCONTROL_WRADDRESS_REG_B          ; CLOCK1                                          ; Untyped        ;
; RDCONTROL_REG_B                    ; CLOCK1                                          ; Untyped        ;
; ADDRESS_REG_B                      ; CLOCK1                                          ; Untyped        ;
; OUTDATA_REG_B                      ; UNREGISTERED                                    ; Untyped        ;
; BYTEENA_REG_B                      ; CLOCK1                                          ; Untyped        ;
; INDATA_ACLR_B                      ; NONE                                            ; Untyped        ;
; WRCONTROL_ACLR_B                   ; NONE                                            ; Untyped        ;
; ADDRESS_ACLR_B                     ; NONE                                            ; Untyped        ;
; OUTDATA_ACLR_B                     ; NONE                                            ; Untyped        ;
; RDCONTROL_ACLR_B                   ; NONE                                            ; Untyped        ;
; BYTEENA_ACLR_B                     ; NONE                                            ; Untyped        ;
; WIDTH_BYTEENA_A                    ; 1                                               ; Untyped        ;
; WIDTH_BYTEENA_B                    ; 1                                               ; Untyped        ;
; RAM_BLOCK_TYPE                     ; M9K                                             ; Untyped        ;
; BYTE_SIZE                          ; 8                                               ; Untyped        ;
; READ_DURING_WRITE_MODE_MIXED_PORTS ; DONT_CARE                                       ; Untyped        ;
; READ_DURING_WRITE_MODE_PORT_A      ; NEW_DATA_NO_NBE_READ                            ; Untyped        ;
; READ_DURING_WRITE_MODE_PORT_B      ; NEW_DATA_NO_NBE_READ                            ; Untyped        ;
; INIT_FILE                          ; db/fajerwoll.ram4_layer1_bloom_b29f78ed.hdl.mif ; Untyped        ;
; INIT_FILE_LAYOUT                   ; PORT_A                                          ; Untyped        ;
; MAXIMUM_DEPTH                      ; 0                                               ; Untyped        ;
; CLOCK_ENABLE_INPUT_A               ; NORMAL                                          ; Untyped        ;
; CLOCK_ENABLE_INPUT_B               ; NORMAL                                          ; Untyped        ;
; CLOCK_ENABLE_OUTPUT_A              ; NORMAL                                          ; Untyped        ;
; CLOCK_ENABLE_OUTPUT_B              ; NORMAL                                          ; Untyped        ;
; CLOCK_ENABLE_CORE_A                ; USE_INPUT_CLKEN                                 ; Untyped        ;
; CLOCK_ENABLE_CORE_B                ; USE_INPUT_CLKEN                                 ; Untyped        ;
; ENABLE_ECC                         ; FALSE                                           ; Untyped        ;
; ECC_PIPELINE_STAGE_ENABLED         ; FALSE                                           ; Untyped        ;
; WIDTH_ECCSTATUS                    ; 3                                               ; Untyped        ;
; DEVICE_FAMILY                      ; Cyclone IV E                                    ; Untyped        ;
; CBXI_PARAMETER                     ; altsyncram_on91                                 ; Untyped        ;
+------------------------------------+-------------------------------------------------+----------------+
Note: In order to hide this table in the UI and the text report file, please set the "Show Parameter Settings in Synthesis Report" option in "Analysis and Synthesis Settings -> More Settings" to "Off".


+-------------------------------------------------------------------------------------------------------+
; Parameter Settings for Inferred Entity Instance: layer1_bloom:u_l1|altsyncram:bloom_3_rtl_0           ;
+------------------------------------+-------------------------------------------------+----------------+
; Parameter Name                     ; Value                                           ; Type           ;
+------------------------------------+-------------------------------------------------+----------------+
; BYTE_SIZE_BLOCK                    ; 8                                               ; Untyped        ;
; AUTO_CARRY_CHAINS                  ; ON                                              ; AUTO_CARRY     ;
; IGNORE_CARRY_BUFFERS               ; OFF                                             ; IGNORE_CARRY   ;
; AUTO_CASCADE_CHAINS                ; ON                                              ; AUTO_CASCADE   ;
; IGNORE_CASCADE_BUFFERS             ; OFF                                             ; IGNORE_CASCADE ;
; WIDTH_BYTEENA                      ; 1                                               ; Untyped        ;
; OPERATION_MODE                     ; ROM                                             ; Untyped        ;
; WIDTH_A                            ; 1                                               ; Untyped        ;
; WIDTHAD_A                          ; 17                                              ; Untyped        ;
; NUMWORDS_A                         ; 131072                                          ; Untyped        ;
; OUTDATA_REG_A                      ; UNREGISTERED                                    ; Untyped        ;
; ADDRESS_ACLR_A                     ; NONE                                            ; Untyped        ;
; OUTDATA_ACLR_A                     ; NONE                                            ; Untyped        ;
; WRCONTROL_ACLR_A                   ; NONE                                            ; Untyped        ;
; INDATA_ACLR_A                      ; NONE                                            ; Untyped        ;
; BYTEENA_ACLR_A                     ; NONE                                            ; Untyped        ;
; WIDTH_B                            ; 1                                               ; Untyped        ;
; WIDTHAD_B                          ; 1                                               ; Untyped        ;
; NUMWORDS_B                         ; 1                                               ; Untyped        ;
; INDATA_REG_B                       ; CLOCK1                                          ; Untyped        ;
; WRCONTROL_WRADDRESS_REG_B          ; CLOCK1                                          ; Untyped        ;
; RDCONTROL_REG_B                    ; CLOCK1                                          ; Untyped        ;
; ADDRESS_REG_B                      ; CLOCK1                                          ; Untyped        ;
; OUTDATA_REG_B                      ; UNREGISTERED                                    ; Untyped        ;
; BYTEENA_REG_B                      ; CLOCK1                                          ; Untyped        ;
; INDATA_ACLR_B                      ; NONE                                            ; Untyped        ;
; WRCONTROL_ACLR_B                   ; NONE                                            ; Untyped        ;
; ADDRESS_ACLR_B                     ; NONE                                            ; Untyped        ;
; OUTDATA_ACLR_B                     ; NONE                                            ; Untyped        ;
; RDCONTROL_ACLR_B                   ; NONE                                            ; Untyped        ;
; BYTEENA_ACLR_B                     ; NONE                                            ; Untyped        ;
; WIDTH_BYTEENA_A                    ; 1                                               ; Untyped        ;
; WIDTH_BYTEENA_B                    ; 1                                               ; Untyped        ;
; RAM_BLOCK_TYPE                     ; M9K                                             ; Untyped        ;
; BYTE_SIZE                          ; 8                                               ; Untyped        ;
; READ_DURING_WRITE_MODE_MIXED_PORTS ; DONT_CARE                                       ; Untyped        ;
; READ_DURING_WRITE_MODE_PORT_A      ; NEW_DATA_NO_NBE_READ                            ; Untyped        ;
; READ_DURING_WRITE_MODE_PORT_B      ; NEW_DATA_NO_NBE_READ                            ; Untyped        ;
; INIT_FILE                          ; db/fajerwoll.ram3_layer1_bloom_b29f78ed.hdl.mif ; Untyped        ;
; INIT_FILE_LAYOUT                   ; PORT_A                                          ; Untyped        ;
; MAXIMUM_DEPTH                      ; 0                                               ; Untyped        ;
; CLOCK_ENABLE_INPUT_A               ; NORMAL                                          ; Untyped        ;
; CLOCK_ENABLE_INPUT_B               ; NORMAL                                          ; Untyped        ;
; CLOCK_ENABLE_OUTPUT_A              ; NORMAL                                          ; Untyped        ;
; CLOCK_ENABLE_OUTPUT_B              ; NORMAL                                          ; Untyped        ;
; CLOCK_ENABLE_CORE_A                ; USE_INPUT_CLKEN                                 ; Untyped        ;
; CLOCK_ENABLE_CORE_B                ; USE_INPUT_CLKEN                                 ; Untyped        ;
; ENABLE_ECC                         ; FALSE                                           ; Untyped        ;
; ECC_PIPELINE_STAGE_ENABLED         ; FALSE                                           ; Untyped        ;
; WIDTH_ECCSTATUS                    ; 3                                               ; Untyped        ;
; DEVICE_FAMILY                      ; Cyclone IV E                                    ; Untyped        ;
; CBXI_PARAMETER                     ; altsyncram_nn91                                 ; Untyped        ;
+------------------------------------+-------------------------------------------------+----------------+
Note: In order to hide this table in the UI and the text report file, please set the "Show Parameter Settings in Synthesis Report" option in "Analysis and Synthesis Settings -> More Settings" to "Off".


+-------------------------------------------------------------------------------------------------------+
; Parameter Settings for Inferred Entity Instance: layer1_bloom:u_l1|altsyncram:bloom_2_rtl_0           ;
+------------------------------------+-------------------------------------------------+----------------+
; Parameter Name                     ; Value                                           ; Type           ;
+------------------------------------+-------------------------------------------------+----------------+
; BYTE_SIZE_BLOCK                    ; 8                                               ; Untyped        ;
; AUTO_CARRY_CHAINS                  ; ON                                              ; AUTO_CARRY     ;
; IGNORE_CARRY_BUFFERS               ; OFF                                             ; IGNORE_CARRY   ;
; AUTO_CASCADE_CHAINS                ; ON                                              ; AUTO_CASCADE   ;
; IGNORE_CASCADE_BUFFERS             ; OFF                                             ; IGNORE_CASCADE ;
; WIDTH_BYTEENA                      ; 1                                               ; Untyped        ;
; OPERATION_MODE                     ; ROM                                             ; Untyped        ;
; WIDTH_A                            ; 1                                               ; Untyped        ;
; WIDTHAD_A                          ; 17                                              ; Untyped        ;
; NUMWORDS_A                         ; 131072                                          ; Untyped        ;
; OUTDATA_REG_A                      ; UNREGISTERED                                    ; Untyped        ;
; ADDRESS_ACLR_A                     ; NONE                                            ; Untyped        ;
; OUTDATA_ACLR_A                     ; NONE                                            ; Untyped        ;
; WRCONTROL_ACLR_A                   ; NONE                                            ; Untyped        ;
; INDATA_ACLR_A                      ; NONE                                            ; Untyped        ;
; BYTEENA_ACLR_A                     ; NONE                                            ; Untyped        ;
; WIDTH_B                            ; 1                                               ; Untyped        ;
; WIDTHAD_B                          ; 1                                               ; Untyped        ;
; NUMWORDS_B                         ; 1                                               ; Untyped        ;
; INDATA_REG_B                       ; CLOCK1                                          ; Untyped        ;
; WRCONTROL_WRADDRESS_REG_B          ; CLOCK1                                          ; Untyped        ;
; RDCONTROL_REG_B                    ; CLOCK1                                          ; Untyped        ;
; ADDRESS_REG_B                      ; CLOCK1                                          ; Untyped        ;
; OUTDATA_REG_B                      ; UNREGISTERED                                    ; Untyped        ;
; BYTEENA_REG_B                      ; CLOCK1                                          ; Untyped        ;
; INDATA_ACLR_B                      ; NONE                                            ; Untyped        ;
; WRCONTROL_ACLR_B                   ; NONE                                            ; Untyped        ;
; ADDRESS_ACLR_B                     ; NONE                                            ; Untyped        ;
; OUTDATA_ACLR_B                     ; NONE                                            ; Untyped        ;
; RDCONTROL_ACLR_B                   ; NONE                                            ; Untyped        ;
; BYTEENA_ACLR_B                     ; NONE                                            ; Untyped        ;
; WIDTH_BYTEENA_A                    ; 1                                               ; Untyped        ;
; WIDTH_BYTEENA_B                    ; 1                                               ; Untyped        ;
; RAM_BLOCK_TYPE                     ; M9K                                             ; Untyped        ;
; BYTE_SIZE                          ; 8                                               ; Untyped        ;
; READ_DURING_WRITE_MODE_MIXED_PORTS ; DONT_CARE                                       ; Untyped        ;
; READ_DURING_WRITE_MODE_PORT_A      ; NEW_DATA_NO_NBE_READ                            ; Untyped        ;
; READ_DURING_WRITE_MODE_PORT_B      ; NEW_DATA_NO_NBE_READ                            ; Untyped        ;
; INIT_FILE                          ; db/fajerwoll.ram2_layer1_bloom_b29f78ed.hdl.mif ; Untyped        ;
; INIT_FILE_LAYOUT                   ; PORT_A                                          ; Untyped        ;
; MAXIMUM_DEPTH                      ; 0                                               ; Untyped        ;
; CLOCK_ENABLE_INPUT_A               ; NORMAL                                          ; Untyped        ;
; CLOCK_ENABLE_INPUT_B               ; NORMAL                                          ; Untyped        ;
; CLOCK_ENABLE_OUTPUT_A              ; NORMAL                                          ; Untyped        ;
; CLOCK_ENABLE_OUTPUT_B              ; NORMAL                                          ; Untyped        ;
; CLOCK_ENABLE_CORE_A                ; USE_INPUT_CLKEN                                 ; Untyped        ;
; CLOCK_ENABLE_CORE_B                ; USE_INPUT_CLKEN                                 ; Untyped        ;
; ENABLE_ECC                         ; FALSE                                           ; Untyped        ;
; ECC_PIPELINE_STAGE_ENABLED         ; FALSE                                           ; Untyped        ;
; WIDTH_ECCSTATUS                    ; 3                                               ; Untyped        ;
; DEVICE_FAMILY                      ; Cyclone IV E                                    ; Untyped        ;
; CBXI_PARAMETER                     ; altsyncram_mn91                                 ; Untyped        ;
+------------------------------------+-------------------------------------------------+----------------+
Note: In order to hide this table in the UI and the text report file, please set the "Show Parameter Settings in Synthesis Report" option in "Analysis and Synthesis Settings -> More Settings" to "Off".


+-------------------------------------------------------------------------------------------------------+
; Parameter Settings for Inferred Entity Instance: layer1_bloom:u_l1|altsyncram:bloom_1_rtl_0           ;
+------------------------------------+-------------------------------------------------+----------------+
; Parameter Name                     ; Value                                           ; Type           ;
+------------------------------------+-------------------------------------------------+----------------+
; BYTE_SIZE_BLOCK                    ; 8                                               ; Untyped        ;
; AUTO_CARRY_CHAINS                  ; ON                                              ; AUTO_CARRY     ;
; IGNORE_CARRY_BUFFERS               ; OFF                                             ; IGNORE_CARRY   ;
; AUTO_CASCADE_CHAINS                ; ON                                              ; AUTO_CASCADE   ;
; IGNORE_CASCADE_BUFFERS             ; OFF                                             ; IGNORE_CASCADE ;
; WIDTH_BYTEENA                      ; 1                                               ; Untyped        ;
; OPERATION_MODE                     ; ROM                                             ; Untyped        ;
; WIDTH_A                            ; 1                                               ; Untyped        ;
; WIDTHAD_A                          ; 17                                              ; Untyped        ;
; NUMWORDS_A                         ; 131072                                          ; Untyped        ;
; OUTDATA_REG_A                      ; UNREGISTERED                                    ; Untyped        ;
; ADDRESS_ACLR_A                     ; NONE                                            ; Untyped        ;
; OUTDATA_ACLR_A                     ; NONE                                            ; Untyped        ;
; WRCONTROL_ACLR_A                   ; NONE                                            ; Untyped        ;
; INDATA_ACLR_A                      ; NONE                                            ; Untyped        ;
; BYTEENA_ACLR_A                     ; NONE                                            ; Untyped        ;
; WIDTH_B                            ; 1                                               ; Untyped        ;
; WIDTHAD_B                          ; 1                                               ; Untyped        ;
; NUMWORDS_B                         ; 1                                               ; Untyped        ;
; INDATA_REG_B                       ; CLOCK1                                          ; Untyped        ;
; WRCONTROL_WRADDRESS_REG_B          ; CLOCK1                                          ; Untyped        ;
; RDCONTROL_REG_B                    ; CLOCK1                                          ; Untyped        ;
; ADDRESS_REG_B                      ; CLOCK1                                          ; Untyped        ;
; OUTDATA_REG_B                      ; UNREGISTERED                                    ; Untyped        ;
; BYTEENA_REG_B                      ; CLOCK1                                          ; Untyped        ;
; INDATA_ACLR_B                      ; NONE                                            ; Untyped        ;
; WRCONTROL_ACLR_B                   ; NONE                                            ; Untyped        ;
; ADDRESS_ACLR_B                     ; NONE                                            ; Untyped        ;
; OUTDATA_ACLR_B                     ; NONE                                            ; Untyped        ;
; RDCONTROL_ACLR_B                   ; NONE                                            ; Untyped        ;
; BYTEENA_ACLR_B                     ; NONE                                            ; Untyped        ;
; WIDTH_BYTEENA_A                    ; 1                                               ; Untyped        ;
; WIDTH_BYTEENA_B                    ; 1                                               ; Untyped        ;
; RAM_BLOCK_TYPE                     ; M9K                                             ; Untyped        ;
; BYTE_SIZE                          ; 8                                               ; Untyped        ;
; READ_DURING_WRITE_MODE_MIXED_PORTS ; DONT_CARE                                       ; Untyped        ;
; READ_DURING_WRITE_MODE_PORT_A      ; NEW_DATA_NO_NBE_READ                            ; Untyped        ;
; READ_DURING_WRITE_MODE_PORT_B      ; NEW_DATA_NO_NBE_READ                            ; Untyped        ;
; INIT_FILE                          ; db/fajerwoll.ram1_layer1_bloom_b29f78ed.hdl.mif ; Untyped        ;
; INIT_FILE_LAYOUT                   ; PORT_A                                          ; Untyped        ;
; MAXIMUM_DEPTH                      ; 0                                               ; Untyped        ;
; CLOCK_ENABLE_INPUT_A               ; NORMAL                                          ; Untyped        ;
; CLOCK_ENABLE_INPUT_B               ; NORMAL                                          ; Untyped        ;
; CLOCK_ENABLE_OUTPUT_A              ; NORMAL                                          ; Untyped        ;
; CLOCK_ENABLE_OUTPUT_B              ; NORMAL                                          ; Untyped        ;
; CLOCK_ENABLE_CORE_A                ; USE_INPUT_CLKEN                                 ; Untyped        ;
; CLOCK_ENABLE_CORE_B                ; USE_INPUT_CLKEN                                 ; Untyped        ;
; ENABLE_ECC                         ; FALSE                                           ; Untyped        ;
; ECC_PIPELINE_STAGE_ENABLED         ; FALSE                                           ; Untyped        ;
; WIDTH_ECCSTATUS                    ; 3                                               ; Untyped        ;
; DEVICE_FAMILY                      ; Cyclone IV E                                    ; Untyped        ;
; CBXI_PARAMETER                     ; altsyncram_ln91                                 ; Untyped        ;
+------------------------------------+-------------------------------------------------+----------------+
Note: In order to hide this table in the UI and the text report file, please set the "Show Parameter Settings in Synthesis Report" option in "Analysis and Synthesis Settings -> More Settings" to "Off".


+-------------------------------------------------------------------------------------------------------+
; Parameter Settings for Inferred Entity Instance: layer1_bloom:u_l1|altsyncram:bloom_0_rtl_0           ;
+------------------------------------+-------------------------------------------------+----------------+
; Parameter Name                     ; Value                                           ; Type           ;
+------------------------------------+-------------------------------------------------+----------------+
; BYTE_SIZE_BLOCK                    ; 8                                               ; Untyped        ;
; AUTO_CARRY_CHAINS                  ; ON                                              ; AUTO_CARRY     ;
; IGNORE_CARRY_BUFFERS               ; OFF                                             ; IGNORE_CARRY   ;
; AUTO_CASCADE_CHAINS                ; ON                                              ; AUTO_CASCADE   ;
; IGNORE_CASCADE_BUFFERS             ; OFF                                             ; IGNORE_CASCADE ;
; WIDTH_BYTEENA                      ; 1                                               ; Untyped        ;
; OPERATION_MODE                     ; ROM                                             ; Untyped        ;
; WIDTH_A                            ; 1                                               ; Untyped        ;
; WIDTHAD_A                          ; 17                                              ; Untyped        ;
; NUMWORDS_A                         ; 131072                                          ; Untyped        ;
; OUTDATA_REG_A                      ; UNREGISTERED                                    ; Untyped        ;
; ADDRESS_ACLR_A                     ; NONE                                            ; Untyped        ;
; OUTDATA_ACLR_A                     ; NONE                                            ; Untyped        ;
; WRCONTROL_ACLR_A                   ; NONE                                            ; Untyped        ;
; INDATA_ACLR_A                      ; NONE                                            ; Untyped        ;
; BYTEENA_ACLR_A                     ; NONE                                            ; Untyped        ;
; WIDTH_B                            ; 1                                               ; Untyped        ;
; WIDTHAD_B                          ; 1                                               ; Untyped        ;
; NUMWORDS_B                         ; 1                                               ; Untyped        ;
; INDATA_REG_B                       ; CLOCK1                                          ; Untyped        ;
; WRCONTROL_WRADDRESS_REG_B          ; CLOCK1                                          ; Untyped        ;
; RDCONTROL_REG_B                    ; CLOCK1                                          ; Untyped        ;
; ADDRESS_REG_B                      ; CLOCK1                                          ; Untyped        ;
; OUTDATA_REG_B                      ; UNREGISTERED                                    ; Untyped        ;
; BYTEENA_REG_B                      ; CLOCK1                                          ; Untyped        ;
; INDATA_ACLR_B                      ; NONE                                            ; Untyped        ;
; WRCONTROL_ACLR_B                   ; NONE                                            ; Untyped        ;
; ADDRESS_ACLR_B                     ; NONE                                            ; Untyped        ;
; OUTDATA_ACLR_B                     ; NONE                                            ; Untyped        ;
; RDCONTROL_ACLR_B                   ; NONE                                            ; Untyped        ;
; BYTEENA_ACLR_B                     ; NONE                                            ; Untyped        ;
; WIDTH_BYTEENA_A                    ; 1                                               ; Untyped        ;
; WIDTH_BYTEENA_B                    ; 1                                               ; Untyped        ;
; RAM_BLOCK_TYPE                     ; M9K                                             ; Untyped        ;
; BYTE_SIZE                          ; 8                                               ; Untyped        ;
; READ_DURING_WRITE_MODE_MIXED_PORTS ; DONT_CARE                                       ; Untyped        ;
; READ_DURING_WRITE_MODE_PORT_A      ; NEW_DATA_NO_NBE_READ                            ; Untyped        ;
; READ_DURING_WRITE_MODE_PORT_B      ; NEW_DATA_NO_NBE_READ                            ; Untyped        ;
; INIT_FILE                          ; db/fajerwoll.ram0_layer1_bloom_b29f78ed.hdl.mif ; Untyped        ;
; INIT_FILE_LAYOUT                   ; PORT_A                                          ; Untyped        ;
; MAXIMUM_DEPTH                      ; 0                                               ; Untyped        ;
; CLOCK_ENABLE_INPUT_A               ; NORMAL                                          ; Untyped        ;
; CLOCK_ENABLE_INPUT_B               ; NORMAL                                          ; Untyped        ;
; CLOCK_ENABLE_OUTPUT_A              ; NORMAL                                          ; Untyped        ;
; CLOCK_ENABLE_OUTPUT_B              ; NORMAL                                          ; Untyped        ;
; CLOCK_ENABLE_CORE_A                ; USE_INPUT_CLKEN                                 ; Untyped        ;
; CLOCK_ENABLE_CORE_B                ; USE_INPUT_CLKEN                                 ; Untyped        ;
; ENABLE_ECC                         ; FALSE                                           ; Untyped        ;
; ECC_PIPELINE_STAGE_ENABLED         ; FALSE                                           ; Untyped        ;
; WIDTH_ECCSTATUS                    ; 3                                               ; Untyped        ;
; DEVICE_FAMILY                      ; Cyclone IV E                                    ; Untyped        ;
; CBXI_PARAMETER                     ; altsyncram_kn91                                 ; Untyped        ;
+------------------------------------+-------------------------------------------------+----------------+
Note: In order to hide this table in the UI and the text report file, please set the "Show Parameter Settings in Synthesis Report" option in "Analysis and Synthesis Settings -> More Settings" to "Off".


+----------------------------------------------------------------------------------------------------------------------------------------------------+
; Parameter Settings for Inferred Entity Instance: layer2_cuckoo:u_l2|altsyncram:bank_1_rtl_0|altsyncram_lq91:auto_generated|altsyncram:ram_block1a0 ;
+------------------------------------+--------------------------------------------------+------------------------------------------------------------+
; Parameter Name                     ; Value                                            ; Type                                                       ;
+------------------------------------+--------------------------------------------------+------------------------------------------------------------+
; BYTE_SIZE_BLOCK                    ; 8                                                ; Untyped                                                    ;
; AUTO_CARRY_CHAINS                  ; ON                                               ; AUTO_CARRY                                                 ;
; IGNORE_CARRY_BUFFERS               ; OFF                                              ; IGNORE_CARRY                                               ;
; AUTO_CASCADE_CHAINS                ; ON                                               ; AUTO_CASCADE                                               ;
; IGNORE_CASCADE_BUFFERS             ; OFF                                              ; IGNORE_CASCADE                                             ;
; WIDTH_BYTEENA                      ; 1                                                ; Untyped                                                    ;
; OPERATION_MODE                     ; ROM                                              ; Untyped                                                    ;
; WIDTH_A                            ; 128                                              ; Untyped                                                    ;
; WIDTHAD_A                          ; 13                                               ; Untyped                                                    ;
; NUMWORDS_A                         ; 8192                                             ; Untyped                                                    ;
; OUTDATA_REG_A                      ; UNREGISTERED                                     ; Untyped                                                    ;
; ADDRESS_ACLR_A                     ; NONE                                             ; Untyped                                                    ;
; OUTDATA_ACLR_A                     ; NONE                                             ; Untyped                                                    ;
; WRCONTROL_ACLR_A                   ; NONE                                             ; Untyped                                                    ;
; INDATA_ACLR_A                      ; NONE                                             ; Untyped                                                    ;
; BYTEENA_ACLR_A                     ; NONE                                             ; Untyped                                                    ;
; WIDTH_B                            ; 1                                                ; Untyped                                                    ;
; WIDTHAD_B                          ; 1                                                ; Untyped                                                    ;
; NUMWORDS_B                         ; 1                                                ; Untyped                                                    ;
; INDATA_REG_B                       ; CLOCK1                                           ; Untyped                                                    ;
; WRCONTROL_WRADDRESS_REG_B          ; CLOCK1                                           ; Untyped                                                    ;
; RDCONTROL_REG_B                    ; CLOCK1                                           ; Untyped                                                    ;
; ADDRESS_REG_B                      ; CLOCK1                                           ; Untyped                                                    ;
; OUTDATA_REG_B                      ; UNREGISTERED                                     ; Untyped                                                    ;
; BYTEENA_REG_B                      ; CLOCK1                                           ; Untyped                                                    ;
; INDATA_ACLR_B                      ; NONE                                             ; Untyped                                                    ;
; WRCONTROL_ACLR_B                   ; NONE                                             ; Untyped                                                    ;
; ADDRESS_ACLR_B                     ; NONE                                             ; Untyped                                                    ;
; OUTDATA_ACLR_B                     ; NONE                                             ; Untyped                                                    ;
; RDCONTROL_ACLR_B                   ; NONE                                             ; Untyped                                                    ;
; BYTEENA_ACLR_B                     ; NONE                                             ; Untyped                                                    ;
; WIDTH_BYTEENA_A                    ; 1                                                ; Untyped                                                    ;
; WIDTH_BYTEENA_B                    ; 1                                                ; Untyped                                                    ;
; RAM_BLOCK_TYPE                     ; M9K                                              ; Untyped                                                    ;
; BYTE_SIZE                          ; 8                                                ; Untyped                                                    ;
; READ_DURING_WRITE_MODE_MIXED_PORTS ; DONT_CARE                                        ; Untyped                                                    ;
; READ_DURING_WRITE_MODE_PORT_A      ; NEW_DATA_WITH_NBE_READ                           ; Untyped                                                    ;
; READ_DURING_WRITE_MODE_PORT_B      ; NEW_DATA_WITH_NBE_READ                           ; Untyped                                                    ;
; INIT_FILE                          ; db/fajerwoll.ram1_layer2_cuckoo_811a0dac.hdl.mif ; Untyped                                                    ;
; INIT_FILE_LAYOUT                   ; PORT_A                                           ; Untyped                                                    ;
; MAXIMUM_DEPTH                      ; 1024                                             ; Untyped                                                    ;
; CLOCK_ENABLE_INPUT_A               ; BYPASS                                           ; Untyped                                                    ;
; CLOCK_ENABLE_INPUT_B               ; BYPASS                                           ; Untyped                                                    ;
; CLOCK_ENABLE_OUTPUT_A              ; BYPASS                                           ; Untyped                                                    ;
; CLOCK_ENABLE_OUTPUT_B              ; BYPASS                                           ; Untyped                                                    ;
; CLOCK_ENABLE_CORE_A                ; BYPASS                                           ; Untyped                                                    ;
; CLOCK_ENABLE_CORE_B                ; BYPASS                                           ; Untyped                                                    ;
; ENABLE_ECC                         ; FALSE                                            ; Untyped                                                    ;
; ECC_PIPELINE_STAGE_ENABLED         ; FALSE                                            ; Untyped                                                    ;
; WIDTH_ECCSTATUS                    ; 3                                                ; Untyped                                                    ;
; DEVICE_FAMILY                      ; Cyclone IV E                                     ; Untyped                                                    ;
; CBXI_PARAMETER                     ; altsyncram_bqa3                                  ; Untyped                                                    ;
+------------------------------------+--------------------------------------------------+------------------------------------------------------------+
Note: In order to hide this table in the UI and the text report file, please set the "Show Parameter Settings in Synthesis Report" option in "Analysis and Synthesis Settings -> More Settings" to "Off".


+----------------------------------------------------------------------------------------------------------------------------------------------------+
; Parameter Settings for Inferred Entity Instance: layer2_cuckoo:u_l2|altsyncram:bank_2_rtl_0|altsyncram_mq91:auto_generated|altsyncram:ram_block1a0 ;
+------------------------------------+--------------------------------------------------+------------------------------------------------------------+
; Parameter Name                     ; Value                                            ; Type                                                       ;
+------------------------------------+--------------------------------------------------+------------------------------------------------------------+
; BYTE_SIZE_BLOCK                    ; 8                                                ; Untyped                                                    ;
; AUTO_CARRY_CHAINS                  ; ON                                               ; AUTO_CARRY                                                 ;
; IGNORE_CARRY_BUFFERS               ; OFF                                              ; IGNORE_CARRY                                               ;
; AUTO_CASCADE_CHAINS                ; ON                                               ; AUTO_CASCADE                                               ;
; IGNORE_CASCADE_BUFFERS             ; OFF                                              ; IGNORE_CASCADE                                             ;
; WIDTH_BYTEENA                      ; 1                                                ; Untyped                                                    ;
; OPERATION_MODE                     ; ROM                                              ; Untyped                                                    ;
; WIDTH_A                            ; 128                                              ; Untyped                                                    ;
; WIDTHAD_A                          ; 13                                               ; Untyped                                                    ;
; NUMWORDS_A                         ; 8192                                             ; Untyped                                                    ;
; OUTDATA_REG_A                      ; UNREGISTERED                                     ; Untyped                                                    ;
; ADDRESS_ACLR_A                     ; NONE                                             ; Untyped                                                    ;
; OUTDATA_ACLR_A                     ; NONE                                             ; Untyped                                                    ;
; WRCONTROL_ACLR_A                   ; NONE                                             ; Untyped                                                    ;
; INDATA_ACLR_A                      ; NONE                                             ; Untyped                                                    ;
; BYTEENA_ACLR_A                     ; NONE                                             ; Untyped                                                    ;
; WIDTH_B                            ; 1                                                ; Untyped                                                    ;
; WIDTHAD_B                          ; 1                                                ; Untyped                                                    ;
; NUMWORDS_B                         ; 1                                                ; Untyped                                                    ;
; INDATA_REG_B                       ; CLOCK1                                           ; Untyped                                                    ;
; WRCONTROL_WRADDRESS_REG_B          ; CLOCK1                                           ; Untyped                                                    ;
; RDCONTROL_REG_B                    ; CLOCK1                                           ; Untyped                                                    ;
; ADDRESS_REG_B                      ; CLOCK1                                           ; Untyped                                                    ;
; OUTDATA_REG_B                      ; UNREGISTERED                                     ; Untyped                                                    ;
; BYTEENA_REG_B                      ; CLOCK1                                           ; Untyped                                                    ;
; INDATA_ACLR_B                      ; NONE                                             ; Untyped                                                    ;
; WRCONTROL_ACLR_B                   ; NONE                                             ; Untyped                                                    ;
; ADDRESS_ACLR_B                     ; NONE                                             ; Untyped                                                    ;
; OUTDATA_ACLR_B                     ; NONE                                             ; Untyped                                                    ;
; RDCONTROL_ACLR_B                   ; NONE                                             ; Untyped                                                    ;
; BYTEENA_ACLR_B                     ; NONE                                             ; Untyped                                                    ;
; WIDTH_BYTEENA_A                    ; 1                                                ; Untyped                                                    ;
; WIDTH_BYTEENA_B                    ; 1                                                ; Untyped                                                    ;
; RAM_BLOCK_TYPE                     ; M9K                                              ; Untyped                                                    ;
; BYTE_SIZE                          ; 8                                                ; Untyped                                                    ;
; READ_DURING_WRITE_MODE_MIXED_PORTS ; DONT_CARE                                        ; Untyped                                                    ;
; READ_DURING_WRITE_MODE_PORT_A      ; NEW_DATA_WITH_NBE_READ                           ; Untyped                                                    ;
; READ_DURING_WRITE_MODE_PORT_B      ; NEW_DATA_WITH_NBE_READ                           ; Untyped                                                    ;
; INIT_FILE                          ; db/fajerwoll.ram2_layer2_cuckoo_811a0dac.hdl.mif ; Untyped                                                    ;
; INIT_FILE_LAYOUT                   ; PORT_A                                           ; Untyped                                                    ;
; MAXIMUM_DEPTH                      ; 1024                                             ; Untyped                                                    ;
; CLOCK_ENABLE_INPUT_A               ; BYPASS                                           ; Untyped                                                    ;
; CLOCK_ENABLE_INPUT_B               ; BYPASS                                           ; Untyped                                                    ;
; CLOCK_ENABLE_OUTPUT_A              ; BYPASS                                           ; Untyped                                                    ;
; CLOCK_ENABLE_OUTPUT_B              ; BYPASS                                           ; Untyped                                                    ;
; CLOCK_ENABLE_CORE_A                ; BYPASS                                           ; Untyped                                                    ;
; CLOCK_ENABLE_CORE_B                ; BYPASS                                           ; Untyped                                                    ;
; ENABLE_ECC                         ; FALSE                                            ; Untyped                                                    ;
; ECC_PIPELINE_STAGE_ENABLED         ; FALSE                                            ; Untyped                                                    ;
; WIDTH_ECCSTATUS                    ; 3                                                ; Untyped                                                    ;
; DEVICE_FAMILY                      ; Cyclone IV E                                     ; Untyped                                                    ;
; CBXI_PARAMETER                     ; altsyncram_cqa3                                  ; Untyped                                                    ;
+------------------------------------+--------------------------------------------------+------------------------------------------------------------+
Note: In order to hide this table in the UI and the text report file, please set the "Show Parameter Settings in Synthesis Report" option in "Analysis and Synthesis Settings -> More Settings" to "Off".


+----------------------------------------------------------------------------------------------------------------------------------------------------+
; Parameter Settings for Inferred Entity Instance: layer2_cuckoo:u_l2|altsyncram:bank_0_rtl_0|altsyncram_kq91:auto_generated|altsyncram:ram_block1a0 ;
+------------------------------------+--------------------------------------------------+------------------------------------------------------------+
; Parameter Name                     ; Value                                            ; Type                                                       ;
+------------------------------------+--------------------------------------------------+------------------------------------------------------------+
; BYTE_SIZE_BLOCK                    ; 8                                                ; Untyped                                                    ;
; AUTO_CARRY_CHAINS                  ; ON                                               ; AUTO_CARRY                                                 ;
; IGNORE_CARRY_BUFFERS               ; OFF                                              ; IGNORE_CARRY                                               ;
; AUTO_CASCADE_CHAINS                ; ON                                               ; AUTO_CASCADE                                               ;
; IGNORE_CASCADE_BUFFERS             ; OFF                                              ; IGNORE_CASCADE                                             ;
; WIDTH_BYTEENA                      ; 1                                                ; Untyped                                                    ;
; OPERATION_MODE                     ; ROM                                              ; Untyped                                                    ;
; WIDTH_A                            ; 128                                              ; Untyped                                                    ;
; WIDTHAD_A                          ; 13                                               ; Untyped                                                    ;
; NUMWORDS_A                         ; 8192                                             ; Untyped                                                    ;
; OUTDATA_REG_A                      ; UNREGISTERED                                     ; Untyped                                                    ;
; ADDRESS_ACLR_A                     ; NONE                                             ; Untyped                                                    ;
; OUTDATA_ACLR_A                     ; NONE                                             ; Untyped                                                    ;
; WRCONTROL_ACLR_A                   ; NONE                                             ; Untyped                                                    ;
; INDATA_ACLR_A                      ; NONE                                             ; Untyped                                                    ;
; BYTEENA_ACLR_A                     ; NONE                                             ; Untyped                                                    ;
; WIDTH_B                            ; 1                                                ; Untyped                                                    ;
; WIDTHAD_B                          ; 1                                                ; Untyped                                                    ;
; NUMWORDS_B                         ; 1                                                ; Untyped                                                    ;
; INDATA_REG_B                       ; CLOCK1                                           ; Untyped                                                    ;
; WRCONTROL_WRADDRESS_REG_B          ; CLOCK1                                           ; Untyped                                                    ;
; RDCONTROL_REG_B                    ; CLOCK1                                           ; Untyped                                                    ;
; ADDRESS_REG_B                      ; CLOCK1                                           ; Untyped                                                    ;
; OUTDATA_REG_B                      ; UNREGISTERED                                     ; Untyped                                                    ;
; BYTEENA_REG_B                      ; CLOCK1                                           ; Untyped                                                    ;
; INDATA_ACLR_B                      ; NONE                                             ; Untyped                                                    ;
; WRCONTROL_ACLR_B                   ; NONE                                             ; Untyped                                                    ;
; ADDRESS_ACLR_B                     ; NONE                                             ; Untyped                                                    ;
; OUTDATA_ACLR_B                     ; NONE                                             ; Untyped                                                    ;
; RDCONTROL_ACLR_B                   ; NONE                                             ; Untyped                                                    ;
; BYTEENA_ACLR_B                     ; NONE                                             ; Untyped                                                    ;
; WIDTH_BYTEENA_A                    ; 1                                                ; Untyped                                                    ;
; WIDTH_BYTEENA_B                    ; 1                                                ; Untyped                                                    ;
; RAM_BLOCK_TYPE                     ; M9K                                              ; Untyped                                                    ;
; BYTE_SIZE                          ; 8                                                ; Untyped                                                    ;
; READ_DURING_WRITE_MODE_MIXED_PORTS ; DONT_CARE                                        ; Untyped                                                    ;
; READ_DURING_WRITE_MODE_PORT_A      ; NEW_DATA_WITH_NBE_READ                           ; Untyped                                                    ;
; READ_DURING_WRITE_MODE_PORT_B      ; NEW_DATA_WITH_NBE_READ                           ; Untyped                                                    ;
; INIT_FILE                          ; db/fajerwoll.ram0_layer2_cuckoo_811a0dac.hdl.mif ; Untyped                                                    ;
; INIT_FILE_LAYOUT                   ; PORT_A                                           ; Untyped                                                    ;
; MAXIMUM_DEPTH                      ; 1024                                             ; Untyped                                                    ;
; CLOCK_ENABLE_INPUT_A               ; BYPASS                                           ; Untyped                                                    ;
; CLOCK_ENABLE_INPUT_B               ; BYPASS                                           ; Untyped                                                    ;
; CLOCK_ENABLE_OUTPUT_A              ; BYPASS                                           ; Untyped                                                    ;
; CLOCK_ENABLE_OUTPUT_B              ; BYPASS                                           ; Untyped                                                    ;
; CLOCK_ENABLE_CORE_A                ; BYPASS                                           ; Untyped                                                    ;
; CLOCK_ENABLE_CORE_B                ; BYPASS                                           ; Untyped                                                    ;
; ENABLE_ECC                         ; FALSE                                            ; Untyped                                                    ;
; ECC_PIPELINE_STAGE_ENABLED         ; FALSE                                            ; Untyped                                                    ;
; WIDTH_ECCSTATUS                    ; 3                                                ; Untyped                                                    ;
; DEVICE_FAMILY                      ; Cyclone IV E                                     ; Untyped                                                    ;
; CBXI_PARAMETER                     ; altsyncram_aqa3                                  ; Untyped                                                    ;
+------------------------------------+--------------------------------------------------+------------------------------------------------------------+
Note: In order to hide this table in the UI and the text report file, please set the "Show Parameter Settings in Synthesis Report" option in "Analysis and Synthesis Settings -> More Settings" to "Off".


+-----------------------------------------------------------------------------------------------------------------------------------------------+
; altsyncram Parameter Settings by Entity Instance                                                                                              ;
+-------------------------------------------+---------------------------------------------------------------------------------------------------+
; Name                                      ; Value                                                                                             ;
+-------------------------------------------+---------------------------------------------------------------------------------------------------+
; Number of entity instances                ; 11                                                                                                ;
; Entity Instance                           ; layer2_cuckoo:u_l2|altsyncram:bank_0_rtl_0                                                        ;
;     -- OPERATION_MODE                     ; ROM                                                                                               ;
;     -- WIDTH_A                            ; 128                                                                                               ;
;     -- NUMWORDS_A                         ; 8192                                                                                              ;
;     -- OUTDATA_REG_A                      ; UNREGISTERED                                                                                      ;
;     -- WIDTH_B                            ; 1                                                                                                 ;
;     -- NUMWORDS_B                         ; 1                                                                                                 ;
;     -- ADDRESS_REG_B                      ; CLOCK1                                                                                            ;
;     -- OUTDATA_REG_B                      ; UNREGISTERED                                                                                      ;
;     -- RAM_BLOCK_TYPE                     ; M9K                                                                                               ;
;     -- READ_DURING_WRITE_MODE_MIXED_PORTS ; DONT_CARE                                                                                         ;
; Entity Instance                           ; layer2_cuckoo:u_l2|altsyncram:bank_1_rtl_0                                                        ;
;     -- OPERATION_MODE                     ; ROM                                                                                               ;
;     -- WIDTH_A                            ; 128                                                                                               ;
;     -- NUMWORDS_A                         ; 8192                                                                                              ;
;     -- OUTDATA_REG_A                      ; UNREGISTERED                                                                                      ;
;     -- WIDTH_B                            ; 1                                                                                                 ;
;     -- NUMWORDS_B                         ; 1                                                                                                 ;
;     -- ADDRESS_REG_B                      ; CLOCK1                                                                                            ;
;     -- OUTDATA_REG_B                      ; UNREGISTERED                                                                                      ;
;     -- RAM_BLOCK_TYPE                     ; M9K                                                                                               ;
;     -- READ_DURING_WRITE_MODE_MIXED_PORTS ; DONT_CARE                                                                                         ;
; Entity Instance                           ; layer2_cuckoo:u_l2|altsyncram:bank_2_rtl_0                                                        ;
;     -- OPERATION_MODE                     ; ROM                                                                                               ;
;     -- WIDTH_A                            ; 128                                                                                               ;
;     -- NUMWORDS_A                         ; 8192                                                                                              ;
;     -- OUTDATA_REG_A                      ; UNREGISTERED                                                                                      ;
;     -- WIDTH_B                            ; 1                                                                                                 ;
;     -- NUMWORDS_B                         ; 1                                                                                                 ;
;     -- ADDRESS_REG_B                      ; CLOCK1                                                                                            ;
;     -- OUTDATA_REG_B                      ; UNREGISTERED                                                                                      ;
;     -- RAM_BLOCK_TYPE                     ; M9K                                                                                               ;
;     -- READ_DURING_WRITE_MODE_MIXED_PORTS ; DONT_CARE                                                                                         ;
; Entity Instance                           ; layer1_bloom:u_l1|altsyncram:bloom_4_rtl_0                                                        ;
;     -- OPERATION_MODE                     ; ROM                                                                                               ;
;     -- WIDTH_A                            ; 1                                                                                                 ;
;     -- NUMWORDS_A                         ; 131072                                                                                            ;
;     -- OUTDATA_REG_A                      ; UNREGISTERED                                                                                      ;
;     -- WIDTH_B                            ; 1                                                                                                 ;
;     -- NUMWORDS_B                         ; 1                                                                                                 ;
;     -- ADDRESS_REG_B                      ; CLOCK1                                                                                            ;
;     -- OUTDATA_REG_B                      ; UNREGISTERED                                                                                      ;
;     -- RAM_BLOCK_TYPE                     ; M9K                                                                                               ;
;     -- READ_DURING_WRITE_MODE_MIXED_PORTS ; DONT_CARE                                                                                         ;
; Entity Instance                           ; layer1_bloom:u_l1|altsyncram:bloom_3_rtl_0                                                        ;
;     -- OPERATION_MODE                     ; ROM                                                                                               ;
;     -- WIDTH_A                            ; 1                                                                                                 ;
;     -- NUMWORDS_A                         ; 131072                                                                                            ;
;     -- OUTDATA_REG_A                      ; UNREGISTERED                                                                                      ;
;     -- WIDTH_B                            ; 1                                                                                                 ;
;     -- NUMWORDS_B                         ; 1                                                                                                 ;
;     -- ADDRESS_REG_B                      ; CLOCK1                                                                                            ;
;     -- OUTDATA_REG_B                      ; UNREGISTERED                                                                                      ;
;     -- RAM_BLOCK_TYPE                     ; M9K                                                                                               ;
;     -- READ_DURING_WRITE_MODE_MIXED_PORTS ; DONT_CARE                                                                                         ;
; Entity Instance                           ; layer1_bloom:u_l1|altsyncram:bloom_2_rtl_0                                                        ;
;     -- OPERATION_MODE                     ; ROM                                                                                               ;
;     -- WIDTH_A                            ; 1                                                                                                 ;
;     -- NUMWORDS_A                         ; 131072                                                                                            ;
;     -- OUTDATA_REG_A                      ; UNREGISTERED                                                                                      ;
;     -- WIDTH_B                            ; 1                                                                                                 ;
;     -- NUMWORDS_B                         ; 1                                                                                                 ;
;     -- ADDRESS_REG_B                      ; CLOCK1                                                                                            ;
;     -- OUTDATA_REG_B                      ; UNREGISTERED                                                                                      ;
;     -- RAM_BLOCK_TYPE                     ; M9K                                                                                               ;
;     -- READ_DURING_WRITE_MODE_MIXED_PORTS ; DONT_CARE                                                                                         ;
; Entity Instance                           ; layer1_bloom:u_l1|altsyncram:bloom_1_rtl_0                                                        ;
;     -- OPERATION_MODE                     ; ROM                                                                                               ;
;     -- WIDTH_A                            ; 1                                                                                                 ;
;     -- NUMWORDS_A                         ; 131072                                                                                            ;
;     -- OUTDATA_REG_A                      ; UNREGISTERED                                                                                      ;
;     -- WIDTH_B                            ; 1                                                                                                 ;
;     -- NUMWORDS_B                         ; 1                                                                                                 ;
;     -- ADDRESS_REG_B                      ; CLOCK1                                                                                            ;
;     -- OUTDATA_REG_B                      ; UNREGISTERED                                                                                      ;
;     -- RAM_BLOCK_TYPE                     ; M9K                                                                                               ;
;     -- READ_DURING_WRITE_MODE_MIXED_PORTS ; DONT_CARE                                                                                         ;
; Entity Instance                           ; layer1_bloom:u_l1|altsyncram:bloom_0_rtl_0                                                        ;
;     -- OPERATION_MODE                     ; ROM                                                                                               ;
;     -- WIDTH_A                            ; 1                                                                                                 ;
;     -- NUMWORDS_A                         ; 131072                                                                                            ;
;     -- OUTDATA_REG_A                      ; UNREGISTERED                                                                                      ;
;     -- WIDTH_B                            ; 1                                                                                                 ;
;     -- NUMWORDS_B                         ; 1                                                                                                 ;
;     -- ADDRESS_REG_B                      ; CLOCK1                                                                                            ;
;     -- OUTDATA_REG_B                      ; UNREGISTERED                                                                                      ;
;     -- RAM_BLOCK_TYPE                     ; M9K                                                                                               ;
;     -- READ_DURING_WRITE_MODE_MIXED_PORTS ; DONT_CARE                                                                                         ;
; Entity Instance                           ; layer2_cuckoo:u_l2|altsyncram:bank_1_rtl_0|altsyncram_lq91:auto_generated|altsyncram:ram_block1a0 ;
;     -- OPERATION_MODE                     ; ROM                                                                                               ;
;     -- WIDTH_A                            ; 128                                                                                               ;
;     -- NUMWORDS_A                         ; 8192                                                                                              ;
;     -- OUTDATA_REG_A                      ; UNREGISTERED                                                                                      ;
;     -- WIDTH_B                            ; 1                                                                                                 ;
;     -- NUMWORDS_B                         ; 1                                                                                                 ;
;     -- ADDRESS_REG_B                      ; CLOCK1                                                                                            ;
;     -- OUTDATA_REG_B                      ; UNREGISTERED                                                                                      ;
;     -- RAM_BLOCK_TYPE                     ; M9K                                                                                               ;
;     -- READ_DURING_WRITE_MODE_MIXED_PORTS ; DONT_CARE                                                                                         ;
; Entity Instance                           ; layer2_cuckoo:u_l2|altsyncram:bank_2_rtl_0|altsyncram_mq91:auto_generated|altsyncram:ram_block1a0 ;
;     -- OPERATION_MODE                     ; ROM                                                                                               ;
;     -- WIDTH_A                            ; 128                                                                                               ;
;     -- NUMWORDS_A                         ; 8192                                                                                              ;
;     -- OUTDATA_REG_A                      ; UNREGISTERED                                                                                      ;
;     -- WIDTH_B                            ; 1                                                                                                 ;
;     -- NUMWORDS_B                         ; 1                                                                                                 ;
;     -- ADDRESS_REG_B                      ; CLOCK1                                                                                            ;
;     -- OUTDATA_REG_B                      ; UNREGISTERED                                                                                      ;
;     -- RAM_BLOCK_TYPE                     ; M9K                                                                                               ;
;     -- READ_DURING_WRITE_MODE_MIXED_PORTS ; DONT_CARE                                                                                         ;
; Entity Instance                           ; layer2_cuckoo:u_l2|altsyncram:bank_0_rtl_0|altsyncram_kq91:auto_generated|altsyncram:ram_block1a0 ;
;     -- OPERATION_MODE                     ; ROM                                                                                               ;
;     -- WIDTH_A                            ; 128                                                                                               ;
;     -- NUMWORDS_A                         ; 8192                                                                                              ;
;     -- OUTDATA_REG_A                      ; UNREGISTERED                                                                                      ;
;     -- WIDTH_B                            ; 1                                                                                                 ;
;     -- NUMWORDS_B                         ; 1                                                                                                 ;
;     -- ADDRESS_REG_B                      ; CLOCK1                                                                                            ;
;     -- OUTDATA_REG_B                      ; UNREGISTERED                                                                                      ;
;     -- RAM_BLOCK_TYPE                     ; M9K                                                                                               ;
;     -- READ_DURING_WRITE_MODE_MIXED_PORTS ; DONT_CARE                                                                                         ;
+-------------------------------------------+---------------------------------------------------------------------------------------------------+


+-----------------------------------------------------+
; Post-Synthesis Netlist Statistics for Top Partition ;
+-----------------------+-----------------------------+
; Type                  ; Count                       ;
+-----------------------+-----------------------------+
; boundary_port         ; 132                         ;
; cycloneiii_ff         ; 428                         ;
;     plain             ; 428                         ;
; cycloneiii_lcell_comb ; 3219                        ;
;     arith             ; 341                         ;
;         2 data inputs ; 233                         ;
;         3 data inputs ; 108                         ;
;     normal            ; 2878                        ;
;         1 data inputs ; 16                          ;
;         2 data inputs ; 8                           ;
;         3 data inputs ; 492                         ;
;         4 data inputs ; 2362                        ;
; cycloneiii_ram_block  ; 3152                        ;
;                       ;                             ;
; Max LUT depth         ; 8.00                        ;
; Average LUT depth     ; 6.83                        ;
+-----------------------+-----------------------------+


+-------------------------------+
; Elapsed Time Per Partition    ;
+----------------+--------------+
; Partition Name ; Elapsed Time ;
+----------------+--------------+
; Top            ; 00:00:31     ;
+----------------+--------------+


+-------------------------------+
; Analysis & Synthesis Messages ;
+-------------------------------+
Info: *******************************************************************
Info: Running Quartus Prime Analysis & Synthesis
    Info: Version 20.1.1 Build 720 11/11/2020 SJ Lite Edition
    Info: Processing started: Fri Jun 05 14:42:49 2026
Info: Command: quartus_map --read_settings_files=on --write_settings_files=off fajerwoll -c fajerwoll
Info (16303): High Performance Effort optimization mode selected -- timing performance will be prioritized at the potential cost of increased compilation time
Warning (18236): Number of processors has not been specified which may cause overloading on shared machines.  Set the global assignment NUM_PARALLEL_PROCESSORS in your QSF to an appropriate value for best performance.
Info (20030): Parallel compilation is enabled and will use 6 of the 6 processors detected
Info (12021): Found 1 design units, including 1 entities, in source file fajerwoll.v
    Info (12023): Found entity 1: fajerwoll File: C:/Users/tomek/Documents/studia/fajerwoll/etapIV/quartus/fajerwoll.v Line: 1
Info (12021): Found 1 design units, including 1 entities, in source file hw_hash.v
    Info (12023): Found entity 1: hw_hash File: C:/Users/tomek/Documents/studia/fajerwoll/etapIV/quartus/hw_hash.v Line: 1
Info (12021): Found 1 design units, including 1 entities, in source file layer2_cuckoo.v
    Info (12023): Found entity 1: layer2_cuckoo File: C:/Users/tomek/Documents/studia/fajerwoll/etapIV/quartus/layer2_cuckoo.v Line: 1
Info (12021): Found 1 design units, including 1 entities, in source file layer1_bloom.v
    Info (12023): Found entity 1: layer1_bloom File: C:/Users/tomek/Documents/studia/fajerwoll/etapIV/quartus/layer1_bloom.v Line: 1
Info (12127): Elaborating entity "fajerwoll" for the top level hierarchy
Info (12128): Elaborating entity "hw_hash" for hierarchy "hw_hash:hb0" File: C:/Users/tomek/Documents/studia/fajerwoll/etapIV/quartus/fajerwoll.v Line: 16
Info (12128): Elaborating entity "hw_hash" for hierarchy "hw_hash:hb1" File: C:/Users/tomek/Documents/studia/fajerwoll/etapIV/quartus/fajerwoll.v Line: 17
Info (12128): Elaborating entity "hw_hash" for hierarchy "hw_hash:hb2" File: C:/Users/tomek/Documents/studia/fajerwoll/etapIV/quartus/fajerwoll.v Line: 18
Info (12128): Elaborating entity "hw_hash" for hierarchy "hw_hash:hb3" File: C:/Users/tomek/Documents/studia/fajerwoll/etapIV/quartus/fajerwoll.v Line: 19
Info (12128): Elaborating entity "hw_hash" for hierarchy "hw_hash:hb4" File: C:/Users/tomek/Documents/studia/fajerwoll/etapIV/quartus/fajerwoll.v Line: 20
Info (12128): Elaborating entity "hw_hash" for hierarchy "hw_hash:hc0" File: C:/Users/tomek/Documents/studia/fajerwoll/etapIV/quartus/fajerwoll.v Line: 22
Info (12128): Elaborating entity "hw_hash" for hierarchy "hw_hash:hc1" File: C:/Users/tomek/Documents/studia/fajerwoll/etapIV/quartus/fajerwoll.v Line: 23
Info (12128): Elaborating entity "hw_hash" for hierarchy "hw_hash:hc2" File: C:/Users/tomek/Documents/studia/fajerwoll/etapIV/quartus/fajerwoll.v Line: 24
Info (12128): Elaborating entity "layer1_bloom" for hierarchy "layer1_bloom:u_l1" File: C:/Users/tomek/Documents/studia/fajerwoll/etapIV/quartus/fajerwoll.v Line: 37
Warning (10030): Net "bloom_0.waddr_a" at layer1_bloom.v(11) has no driver or initial value, using a default initial value '0' File: C:/Users/tomek/Documents/studia/fajerwoll/etapIV/quartus/layer1_bloom.v Line: 11
Warning (10030): Net "bloom_1.waddr_a" at layer1_bloom.v(12) has no driver or initial value, using a default initial value '0' File: C:/Users/tomek/Documents/studia/fajerwoll/etapIV/quartus/layer1_bloom.v Line: 12
Warning (10030): Net "bloom_2.waddr_a" at layer1_bloom.v(13) has no driver or initial value, using a default initial value '0' File: C:/Users/tomek/Documents/studia/fajerwoll/etapIV/quartus/layer1_bloom.v Line: 13
Warning (10030): Net "bloom_3.waddr_a" at layer1_bloom.v(14) has no driver or initial value, using a default initial value '0' File: C:/Users/tomek/Documents/studia/fajerwoll/etapIV/quartus/layer1_bloom.v Line: 14
Warning (10030): Net "bloom_4.waddr_a" at layer1_bloom.v(15) has no driver or initial value, using a default initial value '0' File: C:/Users/tomek/Documents/studia/fajerwoll/etapIV/quartus/layer1_bloom.v Line: 15
Warning (10030): Net "bloom_0.data_a" at layer1_bloom.v(11) has no driver or initial value, using a default initial value '0' File: C:/Users/tomek/Documents/studia/fajerwoll/etapIV/quartus/layer1_bloom.v Line: 11
Warning (10030): Net "bloom_0.we_a" at layer1_bloom.v(11) has no driver or initial value, using a default initial value '0' File: C:/Users/tomek/Documents/studia/fajerwoll/etapIV/quartus/layer1_bloom.v Line: 11
Warning (10030): Net "bloom_1.data_a" at layer1_bloom.v(12) has no driver or initial value, using a default initial value '0' File: C:/Users/tomek/Documents/studia/fajerwoll/etapIV/quartus/layer1_bloom.v Line: 12
Warning (10030): Net "bloom_1.we_a" at layer1_bloom.v(12) has no driver or initial value, using a default initial value '0' File: C:/Users/tomek/Documents/studia/fajerwoll/etapIV/quartus/layer1_bloom.v Line: 12
Warning (10030): Net "bloom_2.data_a" at layer1_bloom.v(13) has no driver or initial value, using a default initial value '0' File: C:/Users/tomek/Documents/studia/fajerwoll/etapIV/quartus/layer1_bloom.v Line: 13
Warning (10030): Net "bloom_2.we_a" at layer1_bloom.v(13) has no driver or initial value, using a default initial value '0' File: C:/Users/tomek/Documents/studia/fajerwoll/etapIV/quartus/layer1_bloom.v Line: 13
Warning (10030): Net "bloom_3.data_a" at layer1_bloom.v(14) has no driver or initial value, using a default initial value '0' File: C:/Users/tomek/Documents/studia/fajerwoll/etapIV/quartus/layer1_bloom.v Line: 14
Warning (10030): Net "bloom_3.we_a" at layer1_bloom.v(14) has no driver or initial value, using a default initial value '0' File: C:/Users/tomek/Documents/studia/fajerwoll/etapIV/quartus/layer1_bloom.v Line: 14
Warning (10030): Net "bloom_4.data_a" at layer1_bloom.v(15) has no driver or initial value, using a default initial value '0' File: C:/Users/tomek/Documents/studia/fajerwoll/etapIV/quartus/layer1_bloom.v Line: 15
Warning (10030): Net "bloom_4.we_a" at layer1_bloom.v(15) has no driver or initial value, using a default initial value '0' File: C:/Users/tomek/Documents/studia/fajerwoll/etapIV/quartus/layer1_bloom.v Line: 15
Info (12128): Elaborating entity "layer2_cuckoo" for hierarchy "layer2_cuckoo:u_l2" File: C:/Users/tomek/Documents/studia/fajerwoll/etapIV/quartus/fajerwoll.v Line: 62
Warning (10030): Net "bank_0.data_a" at layer2_cuckoo.v(13) has no driver or initial value, using a default initial value '0' File: C:/Users/tomek/Documents/studia/fajerwoll/etapIV/quartus/layer2_cuckoo.v Line: 13
Warning (10030): Net "bank_0.waddr_a" at layer2_cuckoo.v(13) has no driver or initial value, using a default initial value '0' File: C:/Users/tomek/Documents/studia/fajerwoll/etapIV/quartus/layer2_cuckoo.v Line: 13
Warning (10030): Net "bank_1.data_a" at layer2_cuckoo.v(14) has no driver or initial value, using a default initial value '0' File: C:/Users/tomek/Documents/studia/fajerwoll/etapIV/quartus/layer2_cuckoo.v Line: 14
Warning (10030): Net "bank_1.waddr_a" at layer2_cuckoo.v(14) has no driver or initial value, using a default initial value '0' File: C:/Users/tomek/Documents/studia/fajerwoll/etapIV/quartus/layer2_cuckoo.v Line: 14
Warning (10030): Net "bank_2.data_a" at layer2_cuckoo.v(15) has no driver or initial value, using a default initial value '0' File: C:/Users/tomek/Documents/studia/fajerwoll/etapIV/quartus/layer2_cuckoo.v Line: 15
Warning (10030): Net "bank_2.waddr_a" at layer2_cuckoo.v(15) has no driver or initial value, using a default initial value '0' File: C:/Users/tomek/Documents/studia/fajerwoll/etapIV/quartus/layer2_cuckoo.v Line: 15
Warning (10030): Net "bank_0.we_a" at layer2_cuckoo.v(13) has no driver or initial value, using a default initial value '0' File: C:/Users/tomek/Documents/studia/fajerwoll/etapIV/quartus/layer2_cuckoo.v Line: 13
Warning (10030): Net "bank_1.we_a" at layer2_cuckoo.v(14) has no driver or initial value, using a default initial value '0' File: C:/Users/tomek/Documents/studia/fajerwoll/etapIV/quartus/layer2_cuckoo.v Line: 14
Warning (10030): Net "bank_2.we_a" at layer2_cuckoo.v(15) has no driver or initial value, using a default initial value '0' File: C:/Users/tomek/Documents/studia/fajerwoll/etapIV/quartus/layer2_cuckoo.v Line: 15
Info (19000): Inferred 8 megafunctions from design logic
    Info (276029): Inferred altsyncram megafunction from the following design logic: "layer2_cuckoo:u_l2|bank_0_rtl_0" 
        Info (286033): Parameter OPERATION_MODE set to ROM
        Info (286033): Parameter WIDTH_A set to 128
        Info (286033): Parameter WIDTHAD_A set to 13
        Info (286033): Parameter NUMWORDS_A set to 8192
        Info (286033): Parameter OUTDATA_REG_A set to UNREGISTERED
        Info (286033): Parameter ADDRESS_ACLR_A set to NONE
        Info (286033): Parameter OUTDATA_ACLR_A set to NONE
        Info (286033): Parameter INDATA_ACLR_A set to NONE
        Info (286033): Parameter WRCONTROL_ACLR_A set to NONE
        Info (286033): Parameter RAM_BLOCK_TYPE set to M9K
        Info (286033): Parameter INIT_FILE set to db/fajerwoll.ram0_layer2_cuckoo_811a0dac.hdl.mif
    Info (276029): Inferred altsyncram megafunction from the following design logic: "layer2_cuckoo:u_l2|bank_1_rtl_0" 
        Info (286033): Parameter OPERATION_MODE set to ROM
        Info (286033): Parameter WIDTH_A set to 128
        Info (286033): Parameter WIDTHAD_A set to 13
        Info (286033): Parameter NUMWORDS_A set to 8192
        Info (286033): Parameter OUTDATA_REG_A set to UNREGISTERED
        Info (286033): Parameter ADDRESS_ACLR_A set to NONE
        Info (286033): Parameter OUTDATA_ACLR_A set to NONE
        Info (286033): Parameter INDATA_ACLR_A set to NONE
        Info (286033): Parameter WRCONTROL_ACLR_A set to NONE
        Info (286033): Parameter RAM_BLOCK_TYPE set to M9K
        Info (286033): Parameter INIT_FILE set to db/fajerwoll.ram1_layer2_cuckoo_811a0dac.hdl.mif
    Info (276029): Inferred altsyncram megafunction from the following design logic: "layer2_cuckoo:u_l2|bank_2_rtl_0" 
        Info (286033): Parameter OPERATION_MODE set to ROM
        Info (286033): Parameter WIDTH_A set to 128
        Info (286033): Parameter WIDTHAD_A set to 13
        Info (286033): Parameter NUMWORDS_A set to 8192
        Info (286033): Parameter OUTDATA_REG_A set to UNREGISTERED
        Info (286033): Parameter ADDRESS_ACLR_A set to NONE
        Info (286033): Parameter OUTDATA_ACLR_A set to NONE
        Info (286033): Parameter INDATA_ACLR_A set to NONE
        Info (286033): Parameter WRCONTROL_ACLR_A set to NONE
        Info (286033): Parameter RAM_BLOCK_TYPE set to M9K
        Info (286033): Parameter INIT_FILE set to db/fajerwoll.ram2_layer2_cuckoo_811a0dac.hdl.mif
    Info (276029): Inferred altsyncram megafunction from the following design logic: "layer1_bloom:u_l1|bloom_4_rtl_0" 
        Info (286033): Parameter OPERATION_MODE set to ROM
        Info (286033): Parameter WIDTH_A set to 1
        Info (286033): Parameter WIDTHAD_A set to 17
        Info (286033): Parameter NUMWORDS_A set to 131072
        Info (286033): Parameter OUTDATA_REG_A set to UNREGISTERED
        Info (286033): Parameter ADDRESS_ACLR_A set to NONE
        Info (286033): Parameter OUTDATA_ACLR_A set to NONE
        Info (286033): Parameter INDATA_ACLR_A set to NONE
        Info (286033): Parameter WRCONTROL_ACLR_A set to NONE
        Info (286033): Parameter RAM_BLOCK_TYPE set to M9K
        Info (286033): Parameter INIT_FILE set to db/fajerwoll.ram4_layer1_bloom_b29f78ed.hdl.mif
    Info (276029): Inferred altsyncram megafunction from the following design logic: "layer1_bloom:u_l1|bloom_3_rtl_0" 
        Info (286033): Parameter OPERATION_MODE set to ROM
        Info (286033): Parameter WIDTH_A set to 1
        Info (286033): Parameter WIDTHAD_A set to 17
        Info (286033): Parameter NUMWORDS_A set to 131072
        Info (286033): Parameter OUTDATA_REG_A set to UNREGISTERED
        Info (286033): Parameter ADDRESS_ACLR_A set to NONE
        Info (286033): Parameter OUTDATA_ACLR_A set to NONE
        Info (286033): Parameter INDATA_ACLR_A set to NONE
        Info (286033): Parameter WRCONTROL_ACLR_A set to NONE
        Info (286033): Parameter RAM_BLOCK_TYPE set to M9K
        Info (286033): Parameter INIT_FILE set to db/fajerwoll.ram3_layer1_bloom_b29f78ed.hdl.mif
    Info (276029): Inferred altsyncram megafunction from the following design logic: "layer1_bloom:u_l1|bloom_2_rtl_0" 
        Info (286033): Parameter OPERATION_MODE set to ROM
        Info (286033): Parameter WIDTH_A set to 1
        Info (286033): Parameter WIDTHAD_A set to 17
        Info (286033): Parameter NUMWORDS_A set to 131072
        Info (286033): Parameter OUTDATA_REG_A set to UNREGISTERED
        Info (286033): Parameter ADDRESS_ACLR_A set to NONE
        Info (286033): Parameter OUTDATA_ACLR_A set to NONE
        Info (286033): Parameter INDATA_ACLR_A set to NONE
        Info (286033): Parameter WRCONTROL_ACLR_A set to NONE
        Info (286033): Parameter RAM_BLOCK_TYPE set to M9K
        Info (286033): Parameter INIT_FILE set to db/fajerwoll.ram2_layer1_bloom_b29f78ed.hdl.mif
    Info (276029): Inferred altsyncram megafunction from the following design logic: "layer1_bloom:u_l1|bloom_1_rtl_0" 
        Info (286033): Parameter OPERATION_MODE set to ROM
        Info (286033): Parameter WIDTH_A set to 1
        Info (286033): Parameter WIDTHAD_A set to 17
        Info (286033): Parameter NUMWORDS_A set to 131072
        Info (286033): Parameter OUTDATA_REG_A set to UNREGISTERED
        Info (286033): Parameter ADDRESS_ACLR_A set to NONE
        Info (286033): Parameter OUTDATA_ACLR_A set to NONE
        Info (286033): Parameter INDATA_ACLR_A set to NONE
        Info (286033): Parameter WRCONTROL_ACLR_A set to NONE
        Info (286033): Parameter RAM_BLOCK_TYPE set to M9K
        Info (286033): Parameter INIT_FILE set to db/fajerwoll.ram1_layer1_bloom_b29f78ed.hdl.mif
    Info (276029): Inferred altsyncram megafunction from the following design logic: "layer1_bloom:u_l1|bloom_0_rtl_0" 
        Info (286033): Parameter OPERATION_MODE set to ROM
        Info (286033): Parameter WIDTH_A set to 1
        Info (286033): Parameter WIDTHAD_A set to 17
        Info (286033): Parameter NUMWORDS_A set to 131072
        Info (286033): Parameter OUTDATA_REG_A set to UNREGISTERED
        Info (286033): Parameter ADDRESS_ACLR_A set to NONE
        Info (286033): Parameter OUTDATA_ACLR_A set to NONE
        Info (286033): Parameter INDATA_ACLR_A set to NONE
        Info (286033): Parameter WRCONTROL_ACLR_A set to NONE
        Info (286033): Parameter RAM_BLOCK_TYPE set to M9K
        Info (286033): Parameter INIT_FILE set to db/fajerwoll.ram0_layer1_bloom_b29f78ed.hdl.mif
Info (12130): Elaborated megafunction instantiation "layer2_cuckoo:u_l2|altsyncram:bank_0_rtl_0"
Info (12133): Instantiated megafunction "layer2_cuckoo:u_l2|altsyncram:bank_0_rtl_0" with the following parameter:
    Info (12134): Parameter "OPERATION_MODE" = "ROM"
    Info (12134): Parameter "WIDTH_A" = "128"
    Info (12134): Parameter "WIDTHAD_A" = "13"
    Info (12134): Parameter "NUMWORDS_A" = "8192"
    Info (12134): Parameter "OUTDATA_REG_A" = "UNREGISTERED"
    Info (12134): Parameter "ADDRESS_ACLR_A" = "NONE"
    Info (12134): Parameter "OUTDATA_ACLR_A" = "NONE"
    Info (12134): Parameter "INDATA_ACLR_A" = "NONE"
    Info (12134): Parameter "WRCONTROL_ACLR_A" = "NONE"
    Info (12134): Parameter "RAM_BLOCK_TYPE" = "M9K"
    Info (12134): Parameter "INIT_FILE" = "db/fajerwoll.ram0_layer2_cuckoo_811a0dac.hdl.mif"
Info (12021): Found 1 design units, including 1 entities, in source file db/altsyncram_kq91.tdf
    Info (12023): Found entity 1: altsyncram_kq91 File: C:/Users/tomek/Documents/studia/fajerwoll/etapIV/quartus/db/altsyncram_kq91.tdf Line: 28
Info (12130): Elaborated megafunction instantiation "layer2_cuckoo:u_l2|altsyncram:bank_1_rtl_0"
Info (12133): Instantiated megafunction "layer2_cuckoo:u_l2|altsyncram:bank_1_rtl_0" with the following parameter:
    Info (12134): Parameter "OPERATION_MODE" = "ROM"
    Info (12134): Parameter "WIDTH_A" = "128"
    Info (12134): Parameter "WIDTHAD_A" = "13"
    Info (12134): Parameter "NUMWORDS_A" = "8192"
    Info (12134): Parameter "OUTDATA_REG_A" = "UNREGISTERED"
    Info (12134): Parameter "ADDRESS_ACLR_A" = "NONE"
    Info (12134): Parameter "OUTDATA_ACLR_A" = "NONE"
    Info (12134): Parameter "INDATA_ACLR_A" = "NONE"
    Info (12134): Parameter "WRCONTROL_ACLR_A" = "NONE"
    Info (12134): Parameter "RAM_BLOCK_TYPE" = "M9K"
    Info (12134): Parameter "INIT_FILE" = "db/fajerwoll.ram1_layer2_cuckoo_811a0dac.hdl.mif"
Info (12021): Found 1 design units, including 1 entities, in source file db/altsyncram_lq91.tdf
    Info (12023): Found entity 1: altsyncram_lq91 File: C:/Users/tomek/Documents/studia/fajerwoll/etapIV/quartus/db/altsyncram_lq91.tdf Line: 28
Info (12130): Elaborated megafunction instantiation "layer2_cuckoo:u_l2|altsyncram:bank_2_rtl_0"
Info (12133): Instantiated megafunction "layer2_cuckoo:u_l2|altsyncram:bank_2_rtl_0" with the following parameter:
    Info (12134): Parameter "OPERATION_MODE" = "ROM"
    Info (12134): Parameter "WIDTH_A" = "128"
    Info (12134): Parameter "WIDTHAD_A" = "13"
    Info (12134): Parameter "NUMWORDS_A" = "8192"
    Info (12134): Parameter "OUTDATA_REG_A" = "UNREGISTERED"
    Info (12134): Parameter "ADDRESS_ACLR_A" = "NONE"
    Info (12134): Parameter "OUTDATA_ACLR_A" = "NONE"
    Info (12134): Parameter "INDATA_ACLR_A" = "NONE"
    Info (12134): Parameter "WRCONTROL_ACLR_A" = "NONE"
    Info (12134): Parameter "RAM_BLOCK_TYPE" = "M9K"
    Info (12134): Parameter "INIT_FILE" = "db/fajerwoll.ram2_layer2_cuckoo_811a0dac.hdl.mif"
Info (12021): Found 1 design units, including 1 entities, in source file db/altsyncram_mq91.tdf
    Info (12023): Found entity 1: altsyncram_mq91 File: C:/Users/tomek/Documents/studia/fajerwoll/etapIV/quartus/db/altsyncram_mq91.tdf Line: 28
Info (12130): Elaborated megafunction instantiation "layer1_bloom:u_l1|altsyncram:bloom_4_rtl_0"
Info (12133): Instantiated megafunction "layer1_bloom:u_l1|altsyncram:bloom_4_rtl_0" with the following parameter:
    Info (12134): Parameter "OPERATION_MODE" = "ROM"
    Info (12134): Parameter "WIDTH_A" = "1"
    Info (12134): Parameter "WIDTHAD_A" = "17"
    Info (12134): Parameter "NUMWORDS_A" = "131072"
    Info (12134): Parameter "OUTDATA_REG_A" = "UNREGISTERED"
    Info (12134): Parameter "ADDRESS_ACLR_A" = "NONE"
    Info (12134): Parameter "OUTDATA_ACLR_A" = "NONE"
    Info (12134): Parameter "INDATA_ACLR_A" = "NONE"
    Info (12134): Parameter "WRCONTROL_ACLR_A" = "NONE"
    Info (12134): Parameter "RAM_BLOCK_TYPE" = "M9K"
    Info (12134): Parameter "INIT_FILE" = "db/fajerwoll.ram4_layer1_bloom_b29f78ed.hdl.mif"
Info (12021): Found 1 design units, including 1 entities, in source file db/altsyncram_on91.tdf
    Info (12023): Found entity 1: altsyncram_on91 File: C:/Users/tomek/Documents/studia/fajerwoll/etapIV/quartus/db/altsyncram_on91.tdf Line: 32
Info (12021): Found 1 design units, including 1 entities, in source file db/decode_4aa.tdf
    Info (12023): Found entity 1: decode_4aa File: C:/Users/tomek/Documents/studia/fajerwoll/etapIV/quartus/db/decode_4aa.tdf Line: 23
Info (12021): Found 1 design units, including 1 entities, in source file db/mux_kob.tdf
    Info (12023): Found entity 1: mux_kob File: C:/Users/tomek/Documents/studia/fajerwoll/etapIV/quartus/db/mux_kob.tdf Line: 23
Info (12130): Elaborated megafunction instantiation "layer1_bloom:u_l1|altsyncram:bloom_3_rtl_0"
Info (12133): Instantiated megafunction "layer1_bloom:u_l1|altsyncram:bloom_3_rtl_0" with the following parameter:
    Info (12134): Parameter "OPERATION_MODE" = "ROM"
    Info (12134): Parameter "WIDTH_A" = "1"
    Info (12134): Parameter "WIDTHAD_A" = "17"
    Info (12134): Parameter "NUMWORDS_A" = "131072"
    Info (12134): Parameter "OUTDATA_REG_A" = "UNREGISTERED"
    Info (12134): Parameter "ADDRESS_ACLR_A" = "NONE"
    Info (12134): Parameter "OUTDATA_ACLR_A" = "NONE"
    Info (12134): Parameter "INDATA_ACLR_A" = "NONE"
    Info (12134): Parameter "WRCONTROL_ACLR_A" = "NONE"
    Info (12134): Parameter "RAM_BLOCK_TYPE" = "M9K"
    Info (12134): Parameter "INIT_FILE" = "db/fajerwoll.ram3_layer1_bloom_b29f78ed.hdl.mif"
Info (12021): Found 1 design units, including 1 entities, in source file db/altsyncram_nn91.tdf
    Info (12023): Found entity 1: altsyncram_nn91 File: C:/Users/tomek/Documents/studia/fajerwoll/etapIV/quartus/db/altsyncram_nn91.tdf Line: 32
Info (12130): Elaborated megafunction instantiation "layer1_bloom:u_l1|altsyncram:bloom_2_rtl_0"
Info (12133): Instantiated megafunction "layer1_bloom:u_l1|altsyncram:bloom_2_rtl_0" with the following parameter:
    Info (12134): Parameter "OPERATION_MODE" = "ROM"
    Info (12134): Parameter "WIDTH_A" = "1"
    Info (12134): Parameter "WIDTHAD_A" = "17"
    Info (12134): Parameter "NUMWORDS_A" = "131072"
    Info (12134): Parameter "OUTDATA_REG_A" = "UNREGISTERED"
    Info (12134): Parameter "ADDRESS_ACLR_A" = "NONE"
    Info (12134): Parameter "OUTDATA_ACLR_A" = "NONE"
    Info (12134): Parameter "INDATA_ACLR_A" = "NONE"
    Info (12134): Parameter "WRCONTROL_ACLR_A" = "NONE"
    Info (12134): Parameter "RAM_BLOCK_TYPE" = "M9K"
    Info (12134): Parameter "INIT_FILE" = "db/fajerwoll.ram2_layer1_bloom_b29f78ed.hdl.mif"
Info (12021): Found 1 design units, including 1 entities, in source file db/altsyncram_mn91.tdf
    Info (12023): Found entity 1: altsyncram_mn91 File: C:/Users/tomek/Documents/studia/fajerwoll/etapIV/quartus/db/altsyncram_mn91.tdf Line: 32
Info (12130): Elaborated megafunction instantiation "layer1_bloom:u_l1|altsyncram:bloom_1_rtl_0"
Info (12133): Instantiated megafunction "layer1_bloom:u_l1|altsyncram:bloom_1_rtl_0" with the following parameter:
    Info (12134): Parameter "OPERATION_MODE" = "ROM"
    Info (12134): Parameter "WIDTH_A" = "1"
    Info (12134): Parameter "WIDTHAD_A" = "17"
    Info (12134): Parameter "NUMWORDS_A" = "131072"
    Info (12134): Parameter "OUTDATA_REG_A" = "UNREGISTERED"
    Info (12134): Parameter "ADDRESS_ACLR_A" = "NONE"
    Info (12134): Parameter "OUTDATA_ACLR_A" = "NONE"
    Info (12134): Parameter "INDATA_ACLR_A" = "NONE"
    Info (12134): Parameter "WRCONTROL_ACLR_A" = "NONE"
    Info (12134): Parameter "RAM_BLOCK_TYPE" = "M9K"
    Info (12134): Parameter "INIT_FILE" = "db/fajerwoll.ram1_layer1_bloom_b29f78ed.hdl.mif"
Info (12021): Found 1 design units, including 1 entities, in source file db/altsyncram_ln91.tdf
    Info (12023): Found entity 1: altsyncram_ln91 File: C:/Users/tomek/Documents/studia/fajerwoll/etapIV/quartus/db/altsyncram_ln91.tdf Line: 32
Info (12130): Elaborated megafunction instantiation "layer1_bloom:u_l1|altsyncram:bloom_0_rtl_0"
Info (12133): Instantiated megafunction "layer1_bloom:u_l1|altsyncram:bloom_0_rtl_0" with the following parameter:
    Info (12134): Parameter "OPERATION_MODE" = "ROM"
    Info (12134): Parameter "WIDTH_A" = "1"
    Info (12134): Parameter "WIDTHAD_A" = "17"
    Info (12134): Parameter "NUMWORDS_A" = "131072"
    Info (12134): Parameter "OUTDATA_REG_A" = "UNREGISTERED"
    Info (12134): Parameter "ADDRESS_ACLR_A" = "NONE"
    Info (12134): Parameter "OUTDATA_ACLR_A" = "NONE"
    Info (12134): Parameter "INDATA_ACLR_A" = "NONE"
    Info (12134): Parameter "WRCONTROL_ACLR_A" = "NONE"
    Info (12134): Parameter "RAM_BLOCK_TYPE" = "M9K"
    Info (12134): Parameter "INIT_FILE" = "db/fajerwoll.ram0_layer1_bloom_b29f78ed.hdl.mif"
Info (12021): Found 1 design units, including 1 entities, in source file db/altsyncram_kn91.tdf
    Info (12023): Found entity 1: altsyncram_kn91 File: C:/Users/tomek/Documents/studia/fajerwoll/etapIV/quartus/db/altsyncram_kn91.tdf Line: 32
Info (270021): Converted the following 3 logical RAM block slices to smaller depth
    Info (270020): Converted the following logical RAM block "layer2_cuckoo:u_l2|altsyncram:bank_1_rtl_0|altsyncram_lq91:auto_generated|ALTSYNCRAM" slices to smaller maximum block depth of 1024
        Info (270019): RAM block slice "layer2_cuckoo:u_l2|altsyncram:bank_1_rtl_0|altsyncram_lq91:auto_generated|ram_block1a0" File: C:/Users/tomek/Documents/studia/fajerwoll/etapIV/quartus/db/altsyncram_lq91.tdf Line: 35
        Info (270019): RAM block slice "layer2_cuckoo:u_l2|altsyncram:bank_1_rtl_0|altsyncram_lq91:auto_generated|ram_block1a1" File: C:/Users/tomek/Documents/studia/fajerwoll/etapIV/quartus/db/altsyncram_lq91.tdf Line: 56
        Info (270019): RAM block slice "layer2_cuckoo:u_l2|altsyncram:bank_1_rtl_0|altsyncram_lq91:auto_generated|ram_block1a2" File: C:/Users/tomek/Documents/studia/fajerwoll/etapIV/quartus/db/altsyncram_lq91.tdf Line: 77
        Info (270019): RAM block slice "layer2_cuckoo:u_l2|altsyncram:bank_1_rtl_0|altsyncram_lq91:auto_generated|ram_block1a3" File: C:/Users/tomek/Documents/studia/fajerwoll/etapIV/quartus/db/altsyncram_lq91.tdf Line: 98
        Info (270019): RAM block slice "layer2_cuckoo:u_l2|altsyncram:bank_1_rtl_0|altsyncram_lq91:auto_generated|ram_block1a4" File: C:/Users/tomek/Documents/studia/fajerwoll/etapIV/quartus/db/altsyncram_lq91.tdf Line: 119
        Info (270019): RAM block slice "layer2_cuckoo:u_l2|altsyncram:bank_1_rtl_0|altsyncram_lq91:auto_generated|ram_block1a5" File: C:/Users/tomek/Documents/studia/fajerwoll/etapIV/quartus/db/altsyncram_lq91.tdf Line: 140
        Info (270019): RAM block slice "layer2_cuckoo:u_l2|altsyncram:bank_1_rtl_0|altsyncram_lq91:auto_generated|ram_block1a6" File: C:/Users/tomek/Documents/studia/fajerwoll/etapIV/quartus/db/altsyncram_lq91.tdf Line: 161
        Info (270019): RAM block slice "layer2_cuckoo:u_l2|altsyncram:bank_1_rtl_0|altsyncram_lq91:auto_generated|ram_block1a7" File: C:/Users/tomek/Documents/studia/fajerwoll/etapIV/quartus/db/altsyncram_lq91.tdf Line: 182
        Info (270019): RAM block slice "layer2_cuckoo:u_l2|altsyncram:bank_1_rtl_0|altsyncram_lq91:auto_generated|ram_block1a8" File: C:/Users/tomek/Documents/studia/fajerwoll/etapIV/quartus/db/altsyncram_lq91.tdf Line: 203
        Info (270019): RAM block slice "layer2_cuckoo:u_l2|altsyncram:bank_1_rtl_0|altsyncram_lq91:auto_generated|ram_block1a9" File: C:/Users/tomek/Documents/studia/fajerwoll/etapIV/quartus/db/altsyncram_lq91.tdf Line: 224
        Info (270019): RAM block slice "layer2_cuckoo:u_l2|altsyncram:bank_1_rtl_0|altsyncram_lq91:auto_generated|ram_block1a10" File: C:/Users/tomek/Documents/studia/fajerwoll/etapIV/quartus/db/altsyncram_lq91.tdf Line: 245
        Info (270019): RAM block slice "layer2_cuckoo:u_l2|altsyncram:bank_1_rtl_0|altsyncram_lq91:auto_generated|ram_block1a11" File: C:/Users/tomek/Documents/studia/fajerwoll/etapIV/quartus/db/altsyncram_lq91.tdf Line: 266
        Info (270019): RAM block slice "layer2_cuckoo:u_l2|altsyncram:bank_1_rtl_0|altsyncram_lq91:auto_generated|ram_block1a12" File: C:/Users/tomek/Documents/studia/fajerwoll/etapIV/quartus/db/altsyncram_lq91.tdf Line: 287
        Info (270019): RAM block slice "layer2_cuckoo:u_l2|altsyncram:bank_1_rtl_0|altsyncram_lq91:auto_generated|ram_block1a13" File: C:/Users/tomek/Documents/studia/fajerwoll/etapIV/quartus/db/altsyncram_lq91.tdf Line: 308
        Info (270019): RAM block slice "layer2_cuckoo:u_l2|altsyncram:bank_1_rtl_0|altsyncram_lq91:auto_generated|ram_block1a14" File: C:/Users/tomek/Documents/studia/fajerwoll/etapIV/quartus/db/altsyncram_lq91.tdf Line: 329
        Info (270019): RAM block slice "layer2_cuckoo:u_l2|altsyncram:bank_1_rtl_0|altsyncram_lq91:auto_generated|ram_block1a15" File: C:/Users/tomek/Documents/studia/fajerwoll/etapIV/quartus/db/altsyncram_lq91.tdf Line: 350
        Info (270019): RAM block slice "layer2_cuckoo:u_l2|altsyncram:bank_1_rtl_0|altsyncram_lq91:auto_generated|ram_block1a16" File: C:/Users/tomek/Documents/studia/fajerwoll/etapIV/quartus/db/altsyncram_lq91.tdf Line: 371
        Info (270019): RAM block slice "layer2_cuckoo:u_l2|altsyncram:bank_1_rtl_0|altsyncram_lq91:auto_generated|ram_block1a17" File: C:/Users/tomek/Documents/studia/fajerwoll/etapIV/quartus/db/altsyncram_lq91.tdf Line: 392
        Info (270019): RAM block slice "layer2_cuckoo:u_l2|altsyncram:bank_1_rtl_0|altsyncram_lq91:auto_generated|ram_block1a18" File: C:/Users/tomek/Documents/studia/fajerwoll/etapIV/quartus/db/altsyncram_lq91.tdf Line: 413
        Info (270019): RAM block slice "layer2_cuckoo:u_l2|altsyncram:bank_1_rtl_0|altsyncram_lq91:auto_generated|ram_block1a19" File: C:/Users/tomek/Documents/studia/fajerwoll/etapIV/quartus/db/altsyncram_lq91.tdf Line: 434
        Info (270019): RAM block slice "layer2_cuckoo:u_l2|altsyncram:bank_1_rtl_0|altsyncram_lq91:auto_generated|ram_block1a20" File: C:/Users/tomek/Documents/studia/fajerwoll/etapIV/quartus/db/altsyncram_lq91.tdf Line: 455
        Info (270019): RAM block slice "layer2_cuckoo:u_l2|altsyncram:bank_1_rtl_0|altsyncram_lq91:auto_generated|ram_block1a21" File: C:/Users/tomek/Documents/studia/fajerwoll/etapIV/quartus/db/altsyncram_lq91.tdf Line: 476
        Info (270019): RAM block slice "layer2_cuckoo:u_l2|altsyncram:bank_1_rtl_0|altsyncram_lq91:auto_generated|ram_block1a22" File: C:/Users/tomek/Documents/studia/fajerwoll/etapIV/quartus/db/altsyncram_lq91.tdf Line: 497
        Info (270019): RAM block slice "layer2_cuckoo:u_l2|altsyncram:bank_1_rtl_0|altsyncram_lq91:auto_generated|ram_block1a23" File: C:/Users/tomek/Documents/studia/fajerwoll/etapIV/quartus/db/altsyncram_lq91.tdf Line: 518
        Info (270019): RAM block slice "layer2_cuckoo:u_l2|altsyncram:bank_1_rtl_0|altsyncram_lq91:auto_generated|ram_block1a24" File: C:/Users/tomek/Documents/studia/fajerwoll/etapIV/quartus/db/altsyncram_lq91.tdf Line: 539
        Info (270019): RAM block slice "layer2_cuckoo:u_l2|altsyncram:bank_1_rtl_0|altsyncram_lq91:auto_generated|ram_block1a25" File: C:/Users/tomek/Documents/studia/fajerwoll/etapIV/quartus/db/altsyncram_lq91.tdf Line: 560
        Info (270019): RAM block slice "layer2_cuckoo:u_l2|altsyncram:bank_1_rtl_0|altsyncram_lq91:auto_generated|ram_block1a26" File: C:/Users/tomek/Documents/studia/fajerwoll/etapIV/quartus/db/altsyncram_lq91.tdf Line: 581
        Info (270019): RAM block slice "layer2_cuckoo:u_l2|altsyncram:bank_1_rtl_0|altsyncram_lq91:auto_generated|ram_block1a27" File: C:/Users/tomek/Documents/studia/fajerwoll/etapIV/quartus/db/altsyncram_lq91.tdf Line: 602
        Info (270019): RAM block slice "layer2_cuckoo:u_l2|altsyncram:bank_1_rtl_0|altsyncram_lq91:auto_generated|ram_block1a28" File: C:/Users/tomek/Documents/studia/fajerwoll/etapIV/quartus/db/altsyncram_lq91.tdf Line: 623
        Info (270019): RAM block slice "layer2_cuckoo:u_l2|altsyncram:bank_1_rtl_0|altsyncram_lq91:auto_generated|ram_block1a29" File: C:/Users/tomek/Documents/studia/fajerwoll/etapIV/quartus/db/altsyncram_lq91.tdf Line: 644
        Info (270019): RAM block slice "layer2_cuckoo:u_l2|altsyncram:bank_1_rtl_0|altsyncram_lq91:auto_generated|ram_block1a30" File: C:/Users/tomek/Documents/studia/fajerwoll/etapIV/quartus/db/altsyncram_lq91.tdf Line: 665
        Info (270019): RAM block slice "layer2_cuckoo:u_l2|altsyncram:bank_1_rtl_0|altsyncram_lq91:auto_generated|ram_block1a31" File: C:/Users/tomek/Documents/studia/fajerwoll/etapIV/quartus/db/altsyncram_lq91.tdf Line: 686
        Info (270019): RAM block slice "layer2_cuckoo:u_l2|altsyncram:bank_1_rtl_0|altsyncram_lq91:auto_generated|ram_block1a32" File: C:/Users/tomek/Documents/studia/fajerwoll/etapIV/quartus/db/altsyncram_lq91.tdf Line: 707
        Info (270019): RAM block slice "layer2_cuckoo:u_l2|altsyncram:bank_1_rtl_0|altsyncram_lq91:auto_generated|ram_block1a33" File: C:/Users/tomek/Documents/studia/fajerwoll/etapIV/quartus/db/altsyncram_lq91.tdf Line: 728
        Info (270019): RAM block slice "layer2_cuckoo:u_l2|altsyncram:bank_1_rtl_0|altsyncram_lq91:auto_generated|ram_block1a34" File: C:/Users/tomek/Documents/studia/fajerwoll/etapIV/quartus/db/altsyncram_lq91.tdf Line: 749
        Info (270019): RAM block slice "layer2_cuckoo:u_l2|altsyncram:bank_1_rtl_0|altsyncram_lq91:auto_generated|ram_block1a35" File: C:/Users/tomek/Documents/studia/fajerwoll/etapIV/quartus/db/altsyncram_lq91.tdf Line: 770
        Info (270019): RAM block slice "layer2_cuckoo:u_l2|altsyncram:bank_1_rtl_0|altsyncram_lq91:auto_generated|ram_block1a36" File: C:/Users/tomek/Documents/studia/fajerwoll/etapIV/quartus/db/altsyncram_lq91.tdf Line: 791
        Info (270019): RAM block slice "layer2_cuckoo:u_l2|altsyncram:bank_1_rtl_0|altsyncram_lq91:auto_generated|ram_block1a37" File: C:/Users/tomek/Documents/studia/fajerwoll/etapIV/quartus/db/altsyncram_lq91.tdf Line: 812
        Info (270019): RAM block slice "layer2_cuckoo:u_l2|altsyncram:bank_1_rtl_0|altsyncram_lq91:auto_generated|ram_block1a38" File: C:/Users/tomek/Documents/studia/fajerwoll/etapIV/quartus/db/altsyncram_lq91.tdf Line: 833
        Info (270019): RAM block slice "layer2_cuckoo:u_l2|altsyncram:bank_1_rtl_0|altsyncram_lq91:auto_generated|ram_block1a39" File: C:/Users/tomek/Documents/studia/fajerwoll/etapIV/quartus/db/altsyncram_lq91.tdf Line: 854
        Info (270019): RAM block slice "layer2_cuckoo:u_l2|altsyncram:bank_1_rtl_0|altsyncram_lq91:auto_generated|ram_block1a40" File: C:/Users/tomek/Documents/studia/fajerwoll/etapIV/quartus/db/altsyncram_lq91.tdf Line: 875
        Info (270019): RAM block slice "layer2_cuckoo:u_l2|altsyncram:bank_1_rtl_0|altsyncram_lq91:auto_generated|ram_block1a41" File: C:/Users/tomek/Documents/studia/fajerwoll/etapIV/quartus/db/altsyncram_lq91.tdf Line: 896
        Info (270019): RAM block slice "layer2_cuckoo:u_l2|altsyncram:bank_1_rtl_0|altsyncram_lq91:auto_generated|ram_block1a42" File: C:/Users/tomek/Documents/studia/fajerwoll/etapIV/quartus/db/altsyncram_lq91.tdf Line: 917
        Info (270019): RAM block slice "layer2_cuckoo:u_l2|altsyncram:bank_1_rtl_0|altsyncram_lq91:auto_generated|ram_block1a43" File: C:/Users/tomek/Documents/studia/fajerwoll/etapIV/quartus/db/altsyncram_lq91.tdf Line: 938
        Info (270019): RAM block slice "layer2_cuckoo:u_l2|altsyncram:bank_1_rtl_0|altsyncram_lq91:auto_generated|ram_block1a44" File: C:/Users/tomek/Documents/studia/fajerwoll/etapIV/quartus/db/altsyncram_lq91.tdf Line: 959
        Info (270019): RAM block slice "layer2_cuckoo:u_l2|altsyncram:bank_1_rtl_0|altsyncram_lq91:auto_generated|ram_block1a45" File: C:/Users/tomek/Documents/studia/fajerwoll/etapIV/quartus/db/altsyncram_lq91.tdf Line: 980
        Info (270019): RAM block slice "layer2_cuckoo:u_l2|altsyncram:bank_1_rtl_0|altsyncram_lq91:auto_generated|ram_block1a46" File: C:/Users/tomek/Documents/studia/fajerwoll/etapIV/quartus/db/altsyncram_lq91.tdf Line: 1001
        Info (270019): RAM block slice "layer2_cuckoo:u_l2|altsyncram:bank_1_rtl_0|altsyncram_lq91:auto_generated|ram_block1a47" File: C:/Users/tomek/Documents/studia/fajerwoll/etapIV/quartus/db/altsyncram_lq91.tdf Line: 1022
        Info (270019): RAM block slice "layer2_cuckoo:u_l2|altsyncram:bank_1_rtl_0|altsyncram_lq91:auto_generated|ram_block1a48" File: C:/Users/tomek/Documents/studia/fajerwoll/etapIV/quartus/db/altsyncram_lq91.tdf Line: 1043
        Info (270019): RAM block slice "layer2_cuckoo:u_l2|altsyncram:bank_1_rtl_0|altsyncram_lq91:auto_generated|ram_block1a49" File: C:/Users/tomek/Documents/studia/fajerwoll/etapIV/quartus/db/altsyncram_lq91.tdf Line: 1064
        Info (270019): RAM block slice "layer2_cuckoo:u_l2|altsyncram:bank_1_rtl_0|altsyncram_lq91:auto_generated|ram_block1a50" File: C:/Users/tomek/Documents/studia/fajerwoll/etapIV/quartus/db/altsyncram_lq91.tdf Line: 1085
        Info (270019): RAM block slice "layer2_cuckoo:u_l2|altsyncram:bank_1_rtl_0|altsyncram_lq91:auto_generated|ram_block1a51" File: C:/Users/tomek/Documents/studia/fajerwoll/etapIV/quartus/db/altsyncram_lq91.tdf Line: 1106
        Info (270019): RAM block slice "layer2_cuckoo:u_l2|altsyncram:bank_1_rtl_0|altsyncram_lq91:auto_generated|ram_block1a52" File: C:/Users/tomek/Documents/studia/fajerwoll/etapIV/quartus/db/altsyncram_lq91.tdf Line: 1127
        Info (270019): RAM block slice "layer2_cuckoo:u_l2|altsyncram:bank_1_rtl_0|altsyncram_lq91:auto_generated|ram_block1a53" File: C:/Users/tomek/Documents/studia/fajerwoll/etapIV/quartus/db/altsyncram_lq91.tdf Line: 1148
        Info (270019): RAM block slice "layer2_cuckoo:u_l2|altsyncram:bank_1_rtl_0|altsyncram_lq91:auto_generated|ram_block1a54" File: C:/Users/tomek/Documents/studia/fajerwoll/etapIV/quartus/db/altsyncram_lq91.tdf Line: 1169
        Info (270019): RAM block slice "layer2_cuckoo:u_l2|altsyncram:bank_1_rtl_0|altsyncram_lq91:auto_generated|ram_block1a55" File: C:/Users/tomek/Documents/studia/fajerwoll/etapIV/quartus/db/altsyncram_lq91.tdf Line: 1190
        Info (270019): RAM block slice "layer2_cuckoo:u_l2|altsyncram:bank_1_rtl_0|altsyncram_lq91:auto_generated|ram_block1a56" File: C:/Users/tomek/Documents/studia/fajerwoll/etapIV/quartus/db/altsyncram_lq91.tdf Line: 1211
        Info (270019): RAM block slice "layer2_cuckoo:u_l2|altsyncram:bank_1_rtl_0|altsyncram_lq91:auto_generated|ram_block1a57" File: C:/Users/tomek/Documents/studia/fajerwoll/etapIV/quartus/db/altsyncram_lq91.tdf Line: 1232
        Info (270019): RAM block slice "layer2_cuckoo:u_l2|altsyncram:bank_1_rtl_0|altsyncram_lq91:auto_generated|ram_block1a58" File: C:/Users/tomek/Documents/studia/fajerwoll/etapIV/quartus/db/altsyncram_lq91.tdf Line: 1253
        Info (270019): RAM block slice "layer2_cuckoo:u_l2|altsyncram:bank_1_rtl_0|altsyncram_lq91:auto_generated|ram_block1a59" File: C:/Users/tomek/Documents/studia/fajerwoll/etapIV/quartus/db/altsyncram_lq91.tdf Line: 1274
        Info (270019): RAM block slice "layer2_cuckoo:u_l2|altsyncram:bank_1_rtl_0|altsyncram_lq91:auto_generated|ram_block1a60" File: C:/Users/tomek/Documents/studia/fajerwoll/etapIV/quartus/db/altsyncram_lq91.tdf Line: 1295
        Info (270019): RAM block slice "layer2_cuckoo:u_l2|altsyncram:bank_1_rtl_0|altsyncram_lq91:auto_generated|ram_block1a61" File: C:/Users/tomek/Documents/studia/fajerwoll/etapIV/quartus/db/altsyncram_lq91.tdf Line: 1316
        Info (270019): RAM block slice "layer2_cuckoo:u_l2|altsyncram:bank_1_rtl_0|altsyncram_lq91:auto_generated|ram_block1a62" File: C:/Users/tomek/Documents/studia/fajerwoll/etapIV/quartus/db/altsyncram_lq91.tdf Line: 1337
        Info (270019): RAM block slice "layer2_cuckoo:u_l2|altsyncram:bank_1_rtl_0|altsyncram_lq91:auto_generated|ram_block1a63" File: C:/Users/tomek/Documents/studia/fajerwoll/etapIV/quartus/db/altsyncram_lq91.tdf Line: 1358
        Info (270019): RAM block slice "layer2_cuckoo:u_l2|altsyncram:bank_1_rtl_0|altsyncram_lq91:auto_generated|ram_block1a64" File: C:/Users/tomek/Documents/studia/fajerwoll/etapIV/quartus/db/altsyncram_lq91.tdf Line: 1379
        Info (270019): RAM block slice "layer2_cuckoo:u_l2|altsyncram:bank_1_rtl_0|altsyncram_lq91:auto_generated|ram_block1a65" File: C:/Users/tomek/Documents/studia/fajerwoll/etapIV/quartus/db/altsyncram_lq91.tdf Line: 1400
        Info (270019): RAM block slice "layer2_cuckoo:u_l2|altsyncram:bank_1_rtl_0|altsyncram_lq91:auto_generated|ram_block1a66" File: C:/Users/tomek/Documents/studia/fajerwoll/etapIV/quartus/db/altsyncram_lq91.tdf Line: 1421
        Info (270019): RAM block slice "layer2_cuckoo:u_l2|altsyncram:bank_1_rtl_0|altsyncram_lq91:auto_generated|ram_block1a67" File: C:/Users/tomek/Documents/studia/fajerwoll/etapIV/quartus/db/altsyncram_lq91.tdf Line: 1442
        Info (270019): RAM block slice "layer2_cuckoo:u_l2|altsyncram:bank_1_rtl_0|altsyncram_lq91:auto_generated|ram_block1a68" File: C:/Users/tomek/Documents/studia/fajerwoll/etapIV/quartus/db/altsyncram_lq91.tdf Line: 1463
        Info (270019): RAM block slice "layer2_cuckoo:u_l2|altsyncram:bank_1_rtl_0|altsyncram_lq91:auto_generated|ram_block1a69" File: C:/Users/tomek/Documents/studia/fajerwoll/etapIV/quartus/db/altsyncram_lq91.tdf Line: 1484
        Info (270019): RAM block slice "layer2_cuckoo:u_l2|altsyncram:bank_1_rtl_0|altsyncram_lq91:auto_generated|ram_block1a70" File: C:/Users/tomek/Documents/studia/fajerwoll/etapIV/quartus/db/altsyncram_lq91.tdf Line: 1505
        Info (270019): RAM block slice "layer2_cuckoo:u_l2|altsyncram:bank_1_rtl_0|altsyncram_lq91:auto_generated|ram_block1a71" File: C:/Users/tomek/Documents/studia/fajerwoll/etapIV/quartus/db/altsyncram_lq91.tdf Line: 1526
        Info (270019): RAM block slice "layer2_cuckoo:u_l2|altsyncram:bank_1_rtl_0|altsyncram_lq91:auto_generated|ram_block1a72" File: C:/Users/tomek/Documents/studia/fajerwoll/etapIV/quartus/db/altsyncram_lq91.tdf Line: 1547
        Info (270019): RAM block slice "layer2_cuckoo:u_l2|altsyncram:bank_1_rtl_0|altsyncram_lq91:auto_generated|ram_block1a73" File: C:/Users/tomek/Documents/studia/fajerwoll/etapIV/quartus/db/altsyncram_lq91.tdf Line: 1568
        Info (270019): RAM block slice "layer2_cuckoo:u_l2|altsyncram:bank_1_rtl_0|altsyncram_lq91:auto_generated|ram_block1a74" File: C:/Users/tomek/Documents/studia/fajerwoll/etapIV/quartus/db/altsyncram_lq91.tdf Line: 1589
        Info (270019): RAM block slice "layer2_cuckoo:u_l2|altsyncram:bank_1_rtl_0|altsyncram_lq91:auto_generated|ram_block1a75" File: C:/Users/tomek/Documents/studia/fajerwoll/etapIV/quartus/db/altsyncram_lq91.tdf Line: 1610
        Info (270019): RAM block slice "layer2_cuckoo:u_l2|altsyncram:bank_1_rtl_0|altsyncram_lq91:auto_generated|ram_block1a76" File: C:/Users/tomek/Documents/studia/fajerwoll/etapIV/quartus/db/altsyncram_lq91.tdf Line: 1631
        Info (270019): RAM block slice "layer2_cuckoo:u_l2|altsyncram:bank_1_rtl_0|altsyncram_lq91:auto_generated|ram_block1a77" File: C:/Users/tomek/Documents/studia/fajerwoll/etapIV/quartus/db/altsyncram_lq91.tdf Line: 1652
        Info (270019): RAM block slice "layer2_cuckoo:u_l2|altsyncram:bank_1_rtl_0|altsyncram_lq91:auto_generated|ram_block1a78" File: C:/Users/tomek/Documents/studia/fajerwoll/etapIV/quartus/db/altsyncram_lq91.tdf Line: 1673
        Info (270019): RAM block slice "layer2_cuckoo:u_l2|altsyncram:bank_1_rtl_0|altsyncram_lq91:auto_generated|ram_block1a79" File: C:/Users/tomek/Documents/studia/fajerwoll/etapIV/quartus/db/altsyncram_lq91.tdf Line: 1694
        Info (270019): RAM block slice "layer2_cuckoo:u_l2|altsyncram:bank_1_rtl_0|altsyncram_lq91:auto_generated|ram_block1a80" File: C:/Users/tomek/Documents/studia/fajerwoll/etapIV/quartus/db/altsyncram_lq91.tdf Line: 1715
        Info (270019): RAM block slice "layer2_cuckoo:u_l2|altsyncram:bank_1_rtl_0|altsyncram_lq91:auto_generated|ram_block1a81" File: C:/Users/tomek/Documents/studia/fajerwoll/etapIV/quartus/db/altsyncram_lq91.tdf Line: 1736
        Info (270019): RAM block slice "layer2_cuckoo:u_l2|altsyncram:bank_1_rtl_0|altsyncram_lq91:auto_generated|ram_block1a82" File: C:/Users/tomek/Documents/studia/fajerwoll/etapIV/quartus/db/altsyncram_lq91.tdf Line: 1757
        Info (270019): RAM block slice "layer2_cuckoo:u_l2|altsyncram:bank_1_rtl_0|altsyncram_lq91:auto_generated|ram_block1a83" File: C:/Users/tomek/Documents/studia/fajerwoll/etapIV/quartus/db/altsyncram_lq91.tdf Line: 1778
        Info (270019): RAM block slice "layer2_cuckoo:u_l2|altsyncram:bank_1_rtl_0|altsyncram_lq91:auto_generated|ram_block1a84" File: C:/Users/tomek/Documents/studia/fajerwoll/etapIV/quartus/db/altsyncram_lq91.tdf Line: 1799
        Info (270019): RAM block slice "layer2_cuckoo:u_l2|altsyncram:bank_1_rtl_0|altsyncram_lq91:auto_generated|ram_block1a85" File: C:/Users/tomek/Documents/studia/fajerwoll/etapIV/quartus/db/altsyncram_lq91.tdf Line: 1820
        Info (270019): RAM block slice "layer2_cuckoo:u_l2|altsyncram:bank_1_rtl_0|altsyncram_lq91:auto_generated|ram_block1a86" File: C:/Users/tomek/Documents/studia/fajerwoll/etapIV/quartus/db/altsyncram_lq91.tdf Line: 1841
        Info (270019): RAM block slice "layer2_cuckoo:u_l2|altsyncram:bank_1_rtl_0|altsyncram_lq91:auto_generated|ram_block1a87" File: C:/Users/tomek/Documents/studia/fajerwoll/etapIV/quartus/db/altsyncram_lq91.tdf Line: 1862
        Info (270019): RAM block slice "layer2_cuckoo:u_l2|altsyncram:bank_1_rtl_0|altsyncram_lq91:auto_generated|ram_block1a88" File: C:/Users/tomek/Documents/studia/fajerwoll/etapIV/quartus/db/altsyncram_lq91.tdf Line: 1883
        Info (270019): RAM block slice "layer2_cuckoo:u_l2|altsyncram:bank_1_rtl_0|altsyncram_lq91:auto_generated|ram_block1a89" File: C:/Users/tomek/Documents/studia/fajerwoll/etapIV/quartus/db/altsyncram_lq91.tdf Line: 1904
        Info (270019): RAM block slice "layer2_cuckoo:u_l2|altsyncram:bank_1_rtl_0|altsyncram_lq91:auto_generated|ram_block1a90" File: C:/Users/tomek/Documents/studia/fajerwoll/etapIV/quartus/db/altsyncram_lq91.tdf Line: 1925
        Info (270019): RAM block slice "layer2_cuckoo:u_l2|altsyncram:bank_1_rtl_0|altsyncram_lq91:auto_generated|ram_block1a91" File: C:/Users/tomek/Documents/studia/fajerwoll/etapIV/quartus/db/altsyncram_lq91.tdf Line: 1946
        Info (270019): RAM block slice "layer2_cuckoo:u_l2|altsyncram:bank_1_rtl_0|altsyncram_lq91:auto_generated|ram_block1a92" File: C:/Users/tomek/Documents/studia/fajerwoll/etapIV/quartus/db/altsyncram_lq91.tdf Line: 1967
        Info (270019): RAM block slice "layer2_cuckoo:u_l2|altsyncram:bank_1_rtl_0|altsyncram_lq91:auto_generated|ram_block1a93" File: C:/Users/tomek/Documents/studia/fajerwoll/etapIV/quartus/db/altsyncram_lq91.tdf Line: 1988
        Info (270019): RAM block slice "layer2_cuckoo:u_l2|altsyncram:bank_1_rtl_0|altsyncram_lq91:auto_generated|ram_block1a94" File: C:/Users/tomek/Documents/studia/fajerwoll/etapIV/quartus/db/altsyncram_lq91.tdf Line: 2009
        Info (270019): RAM block slice "layer2_cuckoo:u_l2|altsyncram:bank_1_rtl_0|altsyncram_lq91:auto_generated|ram_block1a95" File: C:/Users/tomek/Documents/studia/fajerwoll/etapIV/quartus/db/altsyncram_lq91.tdf Line: 2030
        Info (270019): RAM block slice "layer2_cuckoo:u_l2|altsyncram:bank_1_rtl_0|altsyncram_lq91:auto_generated|ram_block1a96" File: C:/Users/tomek/Documents/studia/fajerwoll/etapIV/quartus/db/altsyncram_lq91.tdf Line: 2051
        Info (270019): RAM block slice "layer2_cuckoo:u_l2|altsyncram:bank_1_rtl_0|altsyncram_lq91:auto_generated|ram_block1a97" File: C:/Users/tomek/Documents/studia/fajerwoll/etapIV/quartus/db/altsyncram_lq91.tdf Line: 2072
        Info (270019): RAM block slice "layer2_cuckoo:u_l2|altsyncram:bank_1_rtl_0|altsyncram_lq91:auto_generated|ram_block1a98" File: C:/Users/tomek/Documents/studia/fajerwoll/etapIV/quartus/db/altsyncram_lq91.tdf Line: 2093
        Info (270019): RAM block slice "layer2_cuckoo:u_l2|altsyncram:bank_1_rtl_0|altsyncram_lq91:auto_generated|ram_block1a99" File: C:/Users/tomek/Documents/studia/fajerwoll/etapIV/quartus/db/altsyncram_lq91.tdf Line: 2114
        Info (270019): RAM block slice "layer2_cuckoo:u_l2|altsyncram:bank_1_rtl_0|altsyncram_lq91:auto_generated|ram_block1a100" File: C:/Users/tomek/Documents/studia/fajerwoll/etapIV/quartus/db/altsyncram_lq91.tdf Line: 2135
        Info (270019): RAM block slice "layer2_cuckoo:u_l2|altsyncram:bank_1_rtl_0|altsyncram_lq91:auto_generated|ram_block1a101" File: C:/Users/tomek/Documents/studia/fajerwoll/etapIV/quartus/db/altsyncram_lq91.tdf Line: 2156
        Info (270019): RAM block slice "layer2_cuckoo:u_l2|altsyncram:bank_1_rtl_0|altsyncram_lq91:auto_generated|ram_block1a102" File: C:/Users/tomek/Documents/studia/fajerwoll/etapIV/quartus/db/altsyncram_lq91.tdf Line: 2177
        Info (270019): RAM block slice "layer2_cuckoo:u_l2|altsyncram:bank_1_rtl_0|altsyncram_lq91:auto_generated|ram_block1a103" File: C:/Users/tomek/Documents/studia/fajerwoll/etapIV/quartus/db/altsyncram_lq91.tdf Line: 2198
        Info (270019): RAM block slice "layer2_cuckoo:u_l2|altsyncram:bank_1_rtl_0|altsyncram_lq91:auto_generated|ram_block1a104" File: C:/Users/tomek/Documents/studia/fajerwoll/etapIV/quartus/db/altsyncram_lq91.tdf Line: 2219
        Info (270019): RAM block slice "layer2_cuckoo:u_l2|altsyncram:bank_1_rtl_0|altsyncram_lq91:auto_generated|ram_block1a105" File: C:/Users/tomek/Documents/studia/fajerwoll/etapIV/quartus/db/altsyncram_lq91.tdf Line: 2240
        Info (270019): RAM block slice "layer2_cuckoo:u_l2|altsyncram:bank_1_rtl_0|altsyncram_lq91:auto_generated|ram_block1a106" File: C:/Users/tomek/Documents/studia/fajerwoll/etapIV/quartus/db/altsyncram_lq91.tdf Line: 2261
        Info (270019): RAM block slice "layer2_cuckoo:u_l2|altsyncram:bank_1_rtl_0|altsyncram_lq91:auto_generated|ram_block1a107" File: C:/Users/tomek/Documents/studia/fajerwoll/etapIV/quartus/db/altsyncram_lq91.tdf Line: 2282
        Info (270019): RAM block slice "layer2_cuckoo:u_l2|altsyncram:bank_1_rtl_0|altsyncram_lq91:auto_generated|ram_block1a108" File: C:/Users/tomek/Documents/studia/fajerwoll/etapIV/quartus/db/altsyncram_lq91.tdf Line: 2303
        Info (270019): RAM block slice "layer2_cuckoo:u_l2|altsyncram:bank_1_rtl_0|altsyncram_lq91:auto_generated|ram_block1a109" File: C:/Users/tomek/Documents/studia/fajerwoll/etapIV/quartus/db/altsyncram_lq91.tdf Line: 2324
        Info (270019): RAM block slice "layer2_cuckoo:u_l2|altsyncram:bank_1_rtl_0|altsyncram_lq91:auto_generated|ram_block1a110" File: C:/Users/tomek/Documents/studia/fajerwoll/etapIV/quartus/db/altsyncram_lq91.tdf Line: 2345
        Info (270019): RAM block slice "layer2_cuckoo:u_l2|altsyncram:bank_1_rtl_0|altsyncram_lq91:auto_generated|ram_block1a111" File: C:/Users/tomek/Documents/studia/fajerwoll/etapIV/quartus/db/altsyncram_lq91.tdf Line: 2366
        Info (270019): RAM block slice "layer2_cuckoo:u_l2|altsyncram:bank_1_rtl_0|altsyncram_lq91:auto_generated|ram_block1a112" File: C:/Users/tomek/Documents/studia/fajerwoll/etapIV/quartus/db/altsyncram_lq91.tdf Line: 2387
        Info (270019): RAM block slice "layer2_cuckoo:u_l2|altsyncram:bank_1_rtl_0|altsyncram_lq91:auto_generated|ram_block1a113" File: C:/Users/tomek/Documents/studia/fajerwoll/etapIV/quartus/db/altsyncram_lq91.tdf Line: 2408
        Info (270019): RAM block slice "layer2_cuckoo:u_l2|altsyncram:bank_1_rtl_0|altsyncram_lq91:auto_generated|ram_block1a114" File: C:/Users/tomek/Documents/studia/fajerwoll/etapIV/quartus/db/altsyncram_lq91.tdf Line: 2429
        Info (270019): RAM block slice "layer2_cuckoo:u_l2|altsyncram:bank_1_rtl_0|altsyncram_lq91:auto_generated|ram_block1a115" File: C:/Users/tomek/Documents/studia/fajerwoll/etapIV/quartus/db/altsyncram_lq91.tdf Line: 2450
        Info (270019): RAM block slice "layer2_cuckoo:u_l2|altsyncram:bank_1_rtl_0|altsyncram_lq91:auto_generated|ram_block1a116" File: C:/Users/tomek/Documents/studia/fajerwoll/etapIV/quartus/db/altsyncram_lq91.tdf Line: 2471
        Info (270019): RAM block slice "layer2_cuckoo:u_l2|altsyncram:bank_1_rtl_0|altsyncram_lq91:auto_generated|ram_block1a117" File: C:/Users/tomek/Documents/studia/fajerwoll/etapIV/quartus/db/altsyncram_lq91.tdf Line: 2492
        Info (270019): RAM block slice "layer2_cuckoo:u_l2|altsyncram:bank_1_rtl_0|altsyncram_lq91:auto_generated|ram_block1a118" File: C:/Users/tomek/Documents/studia/fajerwoll/etapIV/quartus/db/altsyncram_lq91.tdf Line: 2513
        Info (270019): RAM block slice "layer2_cuckoo:u_l2|altsyncram:bank_1_rtl_0|altsyncram_lq91:auto_generated|ram_block1a119" File: C:/Users/tomek/Documents/studia/fajerwoll/etapIV/quartus/db/altsyncram_lq91.tdf Line: 2534
        Info (270019): RAM block slice "layer2_cuckoo:u_l2|altsyncram:bank_1_rtl_0|altsyncram_lq91:auto_generated|ram_block1a120" File: C:/Users/tomek/Documents/studia/fajerwoll/etapIV/quartus/db/altsyncram_lq91.tdf Line: 2555
        Info (270019): RAM block slice "layer2_cuckoo:u_l2|altsyncram:bank_1_rtl_0|altsyncram_lq91:auto_generated|ram_block1a121" File: C:/Users/tomek/Documents/studia/fajerwoll/etapIV/quartus/db/altsyncram_lq91.tdf Line: 2576
        Info (270019): RAM block slice "layer2_cuckoo:u_l2|altsyncram:bank_1_rtl_0|altsyncram_lq91:auto_generated|ram_block1a122" File: C:/Users/tomek/Documents/studia/fajerwoll/etapIV/quartus/db/altsyncram_lq91.tdf Line: 2597
        Info (270019): RAM block slice "layer2_cuckoo:u_l2|altsyncram:bank_1_rtl_0|altsyncram_lq91:auto_generated|ram_block1a123" File: C:/Users/tomek/Documents/studia/fajerwoll/etapIV/quartus/db/altsyncram_lq91.tdf Line: 2618
        Info (270019): RAM block slice "layer2_cuckoo:u_l2|altsyncram:bank_1_rtl_0|altsyncram_lq91:auto_generated|ram_block1a124" File: C:/Users/tomek/Documents/studia/fajerwoll/etapIV/quartus/db/altsyncram_lq91.tdf Line: 2639
        Info (270019): RAM block slice "layer2_cuckoo:u_l2|altsyncram:bank_1_rtl_0|altsyncram_lq91:auto_generated|ram_block1a125" File: C:/Users/tomek/Documents/studia/fajerwoll/etapIV/quartus/db/altsyncram_lq91.tdf Line: 2660
        Info (270019): RAM block slice "layer2_cuckoo:u_l2|altsyncram:bank_1_rtl_0|altsyncram_lq91:auto_generated|ram_block1a126" File: C:/Users/tomek/Documents/studia/fajerwoll/etapIV/quartus/db/altsyncram_lq91.tdf Line: 2681
        Info (270019): RAM block slice "layer2_cuckoo:u_l2|altsyncram:bank_1_rtl_0|altsyncram_lq91:auto_generated|ram_block1a127" File: C:/Users/tomek/Documents/studia/fajerwoll/etapIV/quartus/db/altsyncram_lq91.tdf Line: 2702
    Info (270020): Converted the following logical RAM block "layer2_cuckoo:u_l2|altsyncram:bank_2_rtl_0|altsyncram_mq91:auto_generated|ALTSYNCRAM" slices to smaller maximum block depth of 1024
        Info (270019): RAM block slice "layer2_cuckoo:u_l2|altsyncram:bank_2_rtl_0|altsyncram_mq91:auto_generated|ram_block1a0" File: C:/Users/tomek/Documents/studia/fajerwoll/etapIV/quartus/db/altsyncram_mq91.tdf Line: 35
        Info (270019): RAM block slice "layer2_cuckoo:u_l2|altsyncram:bank_2_rtl_0|altsyncram_mq91:auto_generated|ram_block1a1" File: C:/Users/tomek/Documents/studia/fajerwoll/etapIV/quartus/db/altsyncram_mq91.tdf Line: 56
        Info (270019): RAM block slice "layer2_cuckoo:u_l2|altsyncram:bank_2_rtl_0|altsyncram_mq91:auto_generated|ram_block1a2" File: C:/Users/tomek/Documents/studia/fajerwoll/etapIV/quartus/db/altsyncram_mq91.tdf Line: 77
        Info (270019): RAM block slice "layer2_cuckoo:u_l2|altsyncram:bank_2_rtl_0|altsyncram_mq91:auto_generated|ram_block1a3" File: C:/Users/tomek/Documents/studia/fajerwoll/etapIV/quartus/db/altsyncram_mq91.tdf Line: 98
        Info (270019): RAM block slice "layer2_cuckoo:u_l2|altsyncram:bank_2_rtl_0|altsyncram_mq91:auto_generated|ram_block1a4" File: C:/Users/tomek/Documents/studia/fajerwoll/etapIV/quartus/db/altsyncram_mq91.tdf Line: 119
        Info (270019): RAM block slice "layer2_cuckoo:u_l2|altsyncram:bank_2_rtl_0|altsyncram_mq91:auto_generated|ram_block1a5" File: C:/Users/tomek/Documents/studia/fajerwoll/etapIV/quartus/db/altsyncram_mq91.tdf Line: 140
        Info (270019): RAM block slice "layer2_cuckoo:u_l2|altsyncram:bank_2_rtl_0|altsyncram_mq91:auto_generated|ram_block1a6" File: C:/Users/tomek/Documents/studia/fajerwoll/etapIV/quartus/db/altsyncram_mq91.tdf Line: 161
        Info (270019): RAM block slice "layer2_cuckoo:u_l2|altsyncram:bank_2_rtl_0|altsyncram_mq91:auto_generated|ram_block1a7" File: C:/Users/tomek/Documents/studia/fajerwoll/etapIV/quartus/db/altsyncram_mq91.tdf Line: 182
        Info (270019): RAM block slice "layer2_cuckoo:u_l2|altsyncram:bank_2_rtl_0|altsyncram_mq91:auto_generated|ram_block1a8" File: C:/Users/tomek/Documents/studia/fajerwoll/etapIV/quartus/db/altsyncram_mq91.tdf Line: 203
        Info (270019): RAM block slice "layer2_cuckoo:u_l2|altsyncram:bank_2_rtl_0|altsyncram_mq91:auto_generated|ram_block1a9" File: C:/Users/tomek/Documents/studia/fajerwoll/etapIV/quartus/db/altsyncram_mq91.tdf Line: 224
        Info (270019): RAM block slice "layer2_cuckoo:u_l2|altsyncram:bank_2_rtl_0|altsyncram_mq91:auto_generated|ram_block1a10" File: C:/Users/tomek/Documents/studia/fajerwoll/etapIV/quartus/db/altsyncram_mq91.tdf Line: 245
        Info (270019): RAM block slice "layer2_cuckoo:u_l2|altsyncram:bank_2_rtl_0|altsyncram_mq91:auto_generated|ram_block1a11" File: C:/Users/tomek/Documents/studia/fajerwoll/etapIV/quartus/db/altsyncram_mq91.tdf Line: 266
        Info (270019): RAM block slice "layer2_cuckoo:u_l2|altsyncram:bank_2_rtl_0|altsyncram_mq91:auto_generated|ram_block1a12" File: C:/Users/tomek/Documents/studia/fajerwoll/etapIV/quartus/db/altsyncram_mq91.tdf Line: 287
        Info (270019): RAM block slice "layer2_cuckoo:u_l2|altsyncram:bank_2_rtl_0|altsyncram_mq91:auto_generated|ram_block1a13" File: C:/Users/tomek/Documents/studia/fajerwoll/etapIV/quartus/db/altsyncram_mq91.tdf Line: 308
        Info (270019): RAM block slice "layer2_cuckoo:u_l2|altsyncram:bank_2_rtl_0|altsyncram_mq91:auto_generated|ram_block1a14" File: C:/Users/tomek/Documents/studia/fajerwoll/etapIV/quartus/db/altsyncram_mq91.tdf Line: 329
        Info (270019): RAM block slice "layer2_cuckoo:u_l2|altsyncram:bank_2_rtl_0|altsyncram_mq91:auto_generated|ram_block1a15" File: C:/Users/tomek/Documents/studia/fajerwoll/etapIV/quartus/db/altsyncram_mq91.tdf Line: 350
        Info (270019): RAM block slice "layer2_cuckoo:u_l2|altsyncram:bank_2_rtl_0|altsyncram_mq91:auto_generated|ram_block1a16" File: C:/Users/tomek/Documents/studia/fajerwoll/etapIV/quartus/db/altsyncram_mq91.tdf Line: 371
        Info (270019): RAM block slice "layer2_cuckoo:u_l2|altsyncram:bank_2_rtl_0|altsyncram_mq91:auto_generated|ram_block1a17" File: C:/Users/tomek/Documents/studia/fajerwoll/etapIV/quartus/db/altsyncram_mq91.tdf Line: 392
        Info (270019): RAM block slice "layer2_cuckoo:u_l2|altsyncram:bank_2_rtl_0|altsyncram_mq91:auto_generated|ram_block1a18" File: C:/Users/tomek/Documents/studia/fajerwoll/etapIV/quartus/db/altsyncram_mq91.tdf Line: 413
        Info (270019): RAM block slice "layer2_cuckoo:u_l2|altsyncram:bank_2_rtl_0|altsyncram_mq91:auto_generated|ram_block1a19" File: C:/Users/tomek/Documents/studia/fajerwoll/etapIV/quartus/db/altsyncram_mq91.tdf Line: 434
        Info (270019): RAM block slice "layer2_cuckoo:u_l2|altsyncram:bank_2_rtl_0|altsyncram_mq91:auto_generated|ram_block1a20" File: C:/Users/tomek/Documents/studia/fajerwoll/etapIV/quartus/db/altsyncram_mq91.tdf Line: 455
        Info (270019): RAM block slice "layer2_cuckoo:u_l2|altsyncram:bank_2_rtl_0|altsyncram_mq91:auto_generated|ram_block1a21" File: C:/Users/tomek/Documents/studia/fajerwoll/etapIV/quartus/db/altsyncram_mq91.tdf Line: 476
        Info (270019): RAM block slice "layer2_cuckoo:u_l2|altsyncram:bank_2_rtl_0|altsyncram_mq91:auto_generated|ram_block1a22" File: C:/Users/tomek/Documents/studia/fajerwoll/etapIV/quartus/db/altsyncram_mq91.tdf Line: 497
        Info (270019): RAM block slice "layer2_cuckoo:u_l2|altsyncram:bank_2_rtl_0|altsyncram_mq91:auto_generated|ram_block1a23" File: C:/Users/tomek/Documents/studia/fajerwoll/etapIV/quartus/db/altsyncram_mq91.tdf Line: 518
        Info (270019): RAM block slice "layer2_cuckoo:u_l2|altsyncram:bank_2_rtl_0|altsyncram_mq91:auto_generated|ram_block1a24" File: C:/Users/tomek/Documents/studia/fajerwoll/etapIV/quartus/db/altsyncram_mq91.tdf Line: 539
        Info (270019): RAM block slice "layer2_cuckoo:u_l2|altsyncram:bank_2_rtl_0|altsyncram_mq91:auto_generated|ram_block1a25" File: C:/Users/tomek/Documents/studia/fajerwoll/etapIV/quartus/db/altsyncram_mq91.tdf Line: 560
        Info (270019): RAM block slice "layer2_cuckoo:u_l2|altsyncram:bank_2_rtl_0|altsyncram_mq91:auto_generated|ram_block1a26" File: C:/Users/tomek/Documents/studia/fajerwoll/etapIV/quartus/db/altsyncram_mq91.tdf Line: 581
        Info (270019): RAM block slice "layer2_cuckoo:u_l2|altsyncram:bank_2_rtl_0|altsyncram_mq91:auto_generated|ram_block1a27" File: C:/Users/tomek/Documents/studia/fajerwoll/etapIV/quartus/db/altsyncram_mq91.tdf Line: 602
        Info (270019): RAM block slice "layer2_cuckoo:u_l2|altsyncram:bank_2_rtl_0|altsyncram_mq91:auto_generated|ram_block1a28" File: C:/Users/tomek/Documents/studia/fajerwoll/etapIV/quartus/db/altsyncram_mq91.tdf Line: 623
        Info (270019): RAM block slice "layer2_cuckoo:u_l2|altsyncram:bank_2_rtl_0|altsyncram_mq91:auto_generated|ram_block1a29" File: C:/Users/tomek/Documents/studia/fajerwoll/etapIV/quartus/db/altsyncram_mq91.tdf Line: 644
        Info (270019): RAM block slice "layer2_cuckoo:u_l2|altsyncram:bank_2_rtl_0|altsyncram_mq91:auto_generated|ram_block1a30" File: C:/Users/tomek/Documents/studia/fajerwoll/etapIV/quartus/db/altsyncram_mq91.tdf Line: 665
        Info (270019): RAM block slice "layer2_cuckoo:u_l2|altsyncram:bank_2_rtl_0|altsyncram_mq91:auto_generated|ram_block1a31" File: C:/Users/tomek/Documents/studia/fajerwoll/etapIV/quartus/db/altsyncram_mq91.tdf Line: 686
        Info (270019): RAM block slice "layer2_cuckoo:u_l2|altsyncram:bank_2_rtl_0|altsyncram_mq91:auto_generated|ram_block1a32" File: C:/Users/tomek/Documents/studia/fajerwoll/etapIV/quartus/db/altsyncram_mq91.tdf Line: 707
        Info (270019): RAM block slice "layer2_cuckoo:u_l2|altsyncram:bank_2_rtl_0|altsyncram_mq91:auto_generated|ram_block1a33" File: C:/Users/tomek/Documents/studia/fajerwoll/etapIV/quartus/db/altsyncram_mq91.tdf Line: 728
        Info (270019): RAM block slice "layer2_cuckoo:u_l2|altsyncram:bank_2_rtl_0|altsyncram_mq91:auto_generated|ram_block1a34" File: C:/Users/tomek/Documents/studia/fajerwoll/etapIV/quartus/db/altsyncram_mq91.tdf Line: 749
        Info (270019): RAM block slice "layer2_cuckoo:u_l2|altsyncram:bank_2_rtl_0|altsyncram_mq91:auto_generated|ram_block1a35" File: C:/Users/tomek/Documents/studia/fajerwoll/etapIV/quartus/db/altsyncram_mq91.tdf Line: 770
        Info (270019): RAM block slice "layer2_cuckoo:u_l2|altsyncram:bank_2_rtl_0|altsyncram_mq91:auto_generated|ram_block1a36" File: C:/Users/tomek/Documents/studia/fajerwoll/etapIV/quartus/db/altsyncram_mq91.tdf Line: 791
        Info (270019): RAM block slice "layer2_cuckoo:u_l2|altsyncram:bank_2_rtl_0|altsyncram_mq91:auto_generated|ram_block1a37" File: C:/Users/tomek/Documents/studia/fajerwoll/etapIV/quartus/db/altsyncram_mq91.tdf Line: 812
        Info (270019): RAM block slice "layer2_cuckoo:u_l2|altsyncram:bank_2_rtl_0|altsyncram_mq91:auto_generated|ram_block1a38" File: C:/Users/tomek/Documents/studia/fajerwoll/etapIV/quartus/db/altsyncram_mq91.tdf Line: 833
        Info (270019): RAM block slice "layer2_cuckoo:u_l2|altsyncram:bank_2_rtl_0|altsyncram_mq91:auto_generated|ram_block1a39" File: C:/Users/tomek/Documents/studia/fajerwoll/etapIV/quartus/db/altsyncram_mq91.tdf Line: 854
        Info (270019): RAM block slice "layer2_cuckoo:u_l2|altsyncram:bank_2_rtl_0|altsyncram_mq91:auto_generated|ram_block1a40" File: C:/Users/tomek/Documents/studia/fajerwoll/etapIV/quartus/db/altsyncram_mq91.tdf Line: 875
        Info (270019): RAM block slice "layer2_cuckoo:u_l2|altsyncram:bank_2_rtl_0|altsyncram_mq91:auto_generated|ram_block1a41" File: C:/Users/tomek/Documents/studia/fajerwoll/etapIV/quartus/db/altsyncram_mq91.tdf Line: 896
        Info (270019): RAM block slice "layer2_cuckoo:u_l2|altsyncram:bank_2_rtl_0|altsyncram_mq91:auto_generated|ram_block1a42" File: C:/Users/tomek/Documents/studia/fajerwoll/etapIV/quartus/db/altsyncram_mq91.tdf Line: 917
        Info (270019): RAM block slice "layer2_cuckoo:u_l2|altsyncram:bank_2_rtl_0|altsyncram_mq91:auto_generated|ram_block1a43" File: C:/Users/tomek/Documents/studia/fajerwoll/etapIV/quartus/db/altsyncram_mq91.tdf Line: 938
        Info (270019): RAM block slice "layer2_cuckoo:u_l2|altsyncram:bank_2_rtl_0|altsyncram_mq91:auto_generated|ram_block1a44" File: C:/Users/tomek/Documents/studia/fajerwoll/etapIV/quartus/db/altsyncram_mq91.tdf Line: 959
        Info (270019): RAM block slice "layer2_cuckoo:u_l2|altsyncram:bank_2_rtl_0|altsyncram_mq91:auto_generated|ram_block1a45" File: C:/Users/tomek/Documents/studia/fajerwoll/etapIV/quartus/db/altsyncram_mq91.tdf Line: 980
        Info (270019): RAM block slice "layer2_cuckoo:u_l2|altsyncram:bank_2_rtl_0|altsyncram_mq91:auto_generated|ram_block1a46" File: C:/Users/tomek/Documents/studia/fajerwoll/etapIV/quartus/db/altsyncram_mq91.tdf Line: 1001
        Info (270019): RAM block slice "layer2_cuckoo:u_l2|altsyncram:bank_2_rtl_0|altsyncram_mq91:auto_generated|ram_block1a47" File: C:/Users/tomek/Documents/studia/fajerwoll/etapIV/quartus/db/altsyncram_mq91.tdf Line: 1022
        Info (270019): RAM block slice "layer2_cuckoo:u_l2|altsyncram:bank_2_rtl_0|altsyncram_mq91:auto_generated|ram_block1a48" File: C:/Users/tomek/Documents/studia/fajerwoll/etapIV/quartus/db/altsyncram_mq91.tdf Line: 1043
        Info (270019): RAM block slice "layer2_cuckoo:u_l2|altsyncram:bank_2_rtl_0|altsyncram_mq91:auto_generated|ram_block1a49" File: C:/Users/tomek/Documents/studia/fajerwoll/etapIV/quartus/db/altsyncram_mq91.tdf Line: 1064
        Info (270019): RAM block slice "layer2_cuckoo:u_l2|altsyncram:bank_2_rtl_0|altsyncram_mq91:auto_generated|ram_block1a50" File: C:/Users/tomek/Documents/studia/fajerwoll/etapIV/quartus/db/altsyncram_mq91.tdf Line: 1085
        Info (270019): RAM block slice "layer2_cuckoo:u_l2|altsyncram:bank_2_rtl_0|altsyncram_mq91:auto_generated|ram_block1a51" File: C:/Users/tomek/Documents/studia/fajerwoll/etapIV/quartus/db/altsyncram_mq91.tdf Line: 1106
        Info (270019): RAM block slice "layer2_cuckoo:u_l2|altsyncram:bank_2_rtl_0|altsyncram_mq91:auto_generated|ram_block1a52" File: C:/Users/tomek/Documents/studia/fajerwoll/etapIV/quartus/db/altsyncram_mq91.tdf Line: 1127
        Info (270019): RAM block slice "layer2_cuckoo:u_l2|altsyncram:bank_2_rtl_0|altsyncram_mq91:auto_generated|ram_block1a53" File: C:/Users/tomek/Documents/studia/fajerwoll/etapIV/quartus/db/altsyncram_mq91.tdf Line: 1148
        Info (270019): RAM block slice "layer2_cuckoo:u_l2|altsyncram:bank_2_rtl_0|altsyncram_mq91:auto_generated|ram_block1a54" File: C:/Users/tomek/Documents/studia/fajerwoll/etapIV/quartus/db/altsyncram_mq91.tdf Line: 1169
        Info (270019): RAM block slice "layer2_cuckoo:u_l2|altsyncram:bank_2_rtl_0|altsyncram_mq91:auto_generated|ram_block1a55" File: C:/Users/tomek/Documents/studia/fajerwoll/etapIV/quartus/db/altsyncram_mq91.tdf Line: 1190
        Info (270019): RAM block slice "layer2_cuckoo:u_l2|altsyncram:bank_2_rtl_0|altsyncram_mq91:auto_generated|ram_block1a56" File: C:/Users/tomek/Documents/studia/fajerwoll/etapIV/quartus/db/altsyncram_mq91.tdf Line: 1211
        Info (270019): RAM block slice "layer2_cuckoo:u_l2|altsyncram:bank_2_rtl_0|altsyncram_mq91:auto_generated|ram_block1a57" File: C:/Users/tomek/Documents/studia/fajerwoll/etapIV/quartus/db/altsyncram_mq91.tdf Line: 1232
        Info (270019): RAM block slice "layer2_cuckoo:u_l2|altsyncram:bank_2_rtl_0|altsyncram_mq91:auto_generated|ram_block1a58" File: C:/Users/tomek/Documents/studia/fajerwoll/etapIV/quartus/db/altsyncram_mq91.tdf Line: 1253
        Info (270019): RAM block slice "layer2_cuckoo:u_l2|altsyncram:bank_2_rtl_0|altsyncram_mq91:auto_generated|ram_block1a59" File: C:/Users/tomek/Documents/studia/fajerwoll/etapIV/quartus/db/altsyncram_mq91.tdf Line: 1274
        Info (270019): RAM block slice "layer2_cuckoo:u_l2|altsyncram:bank_2_rtl_0|altsyncram_mq91:auto_generated|ram_block1a60" File: C:/Users/tomek/Documents/studia/fajerwoll/etapIV/quartus/db/altsyncram_mq91.tdf Line: 1295
        Info (270019): RAM block slice "layer2_cuckoo:u_l2|altsyncram:bank_2_rtl_0|altsyncram_mq91:auto_generated|ram_block1a61" File: C:/Users/tomek/Documents/studia/fajerwoll/etapIV/quartus/db/altsyncram_mq91.tdf Line: 1316
        Info (270019): RAM block slice "layer2_cuckoo:u_l2|altsyncram:bank_2_rtl_0|altsyncram_mq91:auto_generated|ram_block1a62" File: C:/Users/tomek/Documents/studia/fajerwoll/etapIV/quartus/db/altsyncram_mq91.tdf Line: 1337
        Info (270019): RAM block slice "layer2_cuckoo:u_l2|altsyncram:bank_2_rtl_0|altsyncram_mq91:auto_generated|ram_block1a63" File: C:/Users/tomek/Documents/studia/fajerwoll/etapIV/quartus/db/altsyncram_mq91.tdf Line: 1358
        Info (270019): RAM block slice "layer2_cuckoo:u_l2|altsyncram:bank_2_rtl_0|altsyncram_mq91:auto_generated|ram_block1a64" File: C:/Users/tomek/Documents/studia/fajerwoll/etapIV/quartus/db/altsyncram_mq91.tdf Line: 1379
        Info (270019): RAM block slice "layer2_cuckoo:u_l2|altsyncram:bank_2_rtl_0|altsyncram_mq91:auto_generated|ram_block1a65" File: C:/Users/tomek/Documents/studia/fajerwoll/etapIV/quartus/db/altsyncram_mq91.tdf Line: 1400
        Info (270019): RAM block slice "layer2_cuckoo:u_l2|altsyncram:bank_2_rtl_0|altsyncram_mq91:auto_generated|ram_block1a66" File: C:/Users/tomek/Documents/studia/fajerwoll/etapIV/quartus/db/altsyncram_mq91.tdf Line: 1421
        Info (270019): RAM block slice "layer2_cuckoo:u_l2|altsyncram:bank_2_rtl_0|altsyncram_mq91:auto_generated|ram_block1a67" File: C:/Users/tomek/Documents/studia/fajerwoll/etapIV/quartus/db/altsyncram_mq91.tdf Line: 1442
        Info (270019): RAM block slice "layer2_cuckoo:u_l2|altsyncram:bank_2_rtl_0|altsyncram_mq91:auto_generated|ram_block1a68" File: C:/Users/tomek/Documents/studia/fajerwoll/etapIV/quartus/db/altsyncram_mq91.tdf Line: 1463
        Info (270019): RAM block slice "layer2_cuckoo:u_l2|altsyncram:bank_2_rtl_0|altsyncram_mq91:auto_generated|ram_block1a69" File: C:/Users/tomek/Documents/studia/fajerwoll/etapIV/quartus/db/altsyncram_mq91.tdf Line: 1484
        Info (270019): RAM block slice "layer2_cuckoo:u_l2|altsyncram:bank_2_rtl_0|altsyncram_mq91:auto_generated|ram_block1a70" File: C:/Users/tomek/Documents/studia/fajerwoll/etapIV/quartus/db/altsyncram_mq91.tdf Line: 1505
        Info (270019): RAM block slice "layer2_cuckoo:u_l2|altsyncram:bank_2_rtl_0|altsyncram_mq91:auto_generated|ram_block1a71" File: C:/Users/tomek/Documents/studia/fajerwoll/etapIV/quartus/db/altsyncram_mq91.tdf Line: 1526
        Info (270019): RAM block slice "layer2_cuckoo:u_l2|altsyncram:bank_2_rtl_0|altsyncram_mq91:auto_generated|ram_block1a72" File: C:/Users/tomek/Documents/studia/fajerwoll/etapIV/quartus/db/altsyncram_mq91.tdf Line: 1547
        Info (270019): RAM block slice "layer2_cuckoo:u_l2|altsyncram:bank_2_rtl_0|altsyncram_mq91:auto_generated|ram_block1a73" File: C:/Users/tomek/Documents/studia/fajerwoll/etapIV/quartus/db/altsyncram_mq91.tdf Line: 1568
        Info (270019): RAM block slice "layer2_cuckoo:u_l2|altsyncram:bank_2_rtl_0|altsyncram_mq91:auto_generated|ram_block1a74" File: C:/Users/tomek/Documents/studia/fajerwoll/etapIV/quartus/db/altsyncram_mq91.tdf Line: 1589
        Info (270019): RAM block slice "layer2_cuckoo:u_l2|altsyncram:bank_2_rtl_0|altsyncram_mq91:auto_generated|ram_block1a75" File: C:/Users/tomek/Documents/studia/fajerwoll/etapIV/quartus/db/altsyncram_mq91.tdf Line: 1610
        Info (270019): RAM block slice "layer2_cuckoo:u_l2|altsyncram:bank_2_rtl_0|altsyncram_mq91:auto_generated|ram_block1a76" File: C:/Users/tomek/Documents/studia/fajerwoll/etapIV/quartus/db/altsyncram_mq91.tdf Line: 1631
        Info (270019): RAM block slice "layer2_cuckoo:u_l2|altsyncram:bank_2_rtl_0|altsyncram_mq91:auto_generated|ram_block1a77" File: C:/Users/tomek/Documents/studia/fajerwoll/etapIV/quartus/db/altsyncram_mq91.tdf Line: 1652
        Info (270019): RAM block slice "layer2_cuckoo:u_l2|altsyncram:bank_2_rtl_0|altsyncram_mq91:auto_generated|ram_block1a78" File: C:/Users/tomek/Documents/studia/fajerwoll/etapIV/quartus/db/altsyncram_mq91.tdf Line: 1673
        Info (270019): RAM block slice "layer2_cuckoo:u_l2|altsyncram:bank_2_rtl_0|altsyncram_mq91:auto_generated|ram_block1a79" File: C:/Users/tomek/Documents/studia/fajerwoll/etapIV/quartus/db/altsyncram_mq91.tdf Line: 1694
        Info (270019): RAM block slice "layer2_cuckoo:u_l2|altsyncram:bank_2_rtl_0|altsyncram_mq91:auto_generated|ram_block1a80" File: C:/Users/tomek/Documents/studia/fajerwoll/etapIV/quartus/db/altsyncram_mq91.tdf Line: 1715
        Info (270019): RAM block slice "layer2_cuckoo:u_l2|altsyncram:bank_2_rtl_0|altsyncram_mq91:auto_generated|ram_block1a81" File: C:/Users/tomek/Documents/studia/fajerwoll/etapIV/quartus/db/altsyncram_mq91.tdf Line: 1736
        Info (270019): RAM block slice "layer2_cuckoo:u_l2|altsyncram:bank_2_rtl_0|altsyncram_mq91:auto_generated|ram_block1a82" File: C:/Users/tomek/Documents/studia/fajerwoll/etapIV/quartus/db/altsyncram_mq91.tdf Line: 1757
        Info (270019): RAM block slice "layer2_cuckoo:u_l2|altsyncram:bank_2_rtl_0|altsyncram_mq91:auto_generated|ram_block1a83" File: C:/Users/tomek/Documents/studia/fajerwoll/etapIV/quartus/db/altsyncram_mq91.tdf Line: 1778
        Info (270019): RAM block slice "layer2_cuckoo:u_l2|altsyncram:bank_2_rtl_0|altsyncram_mq91:auto_generated|ram_block1a84" File: C:/Users/tomek/Documents/studia/fajerwoll/etapIV/quartus/db/altsyncram_mq91.tdf Line: 1799
        Info (270019): RAM block slice "layer2_cuckoo:u_l2|altsyncram:bank_2_rtl_0|altsyncram_mq91:auto_generated|ram_block1a85" File: C:/Users/tomek/Documents/studia/fajerwoll/etapIV/quartus/db/altsyncram_mq91.tdf Line: 1820
        Info (270019): RAM block slice "layer2_cuckoo:u_l2|altsyncram:bank_2_rtl_0|altsyncram_mq91:auto_generated|ram_block1a86" File: C:/Users/tomek/Documents/studia/fajerwoll/etapIV/quartus/db/altsyncram_mq91.tdf Line: 1841
        Info (270019): RAM block slice "layer2_cuckoo:u_l2|altsyncram:bank_2_rtl_0|altsyncram_mq91:auto_generated|ram_block1a87" File: C:/Users/tomek/Documents/studia/fajerwoll/etapIV/quartus/db/altsyncram_mq91.tdf Line: 1862
        Info (270019): RAM block slice "layer2_cuckoo:u_l2|altsyncram:bank_2_rtl_0|altsyncram_mq91:auto_generated|ram_block1a88" File: C:/Users/tomek/Documents/studia/fajerwoll/etapIV/quartus/db/altsyncram_mq91.tdf Line: 1883
        Info (270019): RAM block slice "layer2_cuckoo:u_l2|altsyncram:bank_2_rtl_0|altsyncram_mq91:auto_generated|ram_block1a89" File: C:/Users/tomek/Documents/studia/fajerwoll/etapIV/quartus/db/altsyncram_mq91.tdf Line: 1904
        Info (270019): RAM block slice "layer2_cuckoo:u_l2|altsyncram:bank_2_rtl_0|altsyncram_mq91:auto_generated|ram_block1a90" File: C:/Users/tomek/Documents/studia/fajerwoll/etapIV/quartus/db/altsyncram_mq91.tdf Line: 1925
        Info (270019): RAM block slice "layer2_cuckoo:u_l2|altsyncram:bank_2_rtl_0|altsyncram_mq91:auto_generated|ram_block1a91" File: C:/Users/tomek/Documents/studia/fajerwoll/etapIV/quartus/db/altsyncram_mq91.tdf Line: 1946
        Info (270019): RAM block slice "layer2_cuckoo:u_l2|altsyncram:bank_2_rtl_0|altsyncram_mq91:auto_generated|ram_block1a92" File: C:/Users/tomek/Documents/studia/fajerwoll/etapIV/quartus/db/altsyncram_mq91.tdf Line: 1967
        Info (270019): RAM block slice "layer2_cuckoo:u_l2|altsyncram:bank_2_rtl_0|altsyncram_mq91:auto_generated|ram_block1a93" File: C:/Users/tomek/Documents/studia/fajerwoll/etapIV/quartus/db/altsyncram_mq91.tdf Line: 1988
        Info (270019): RAM block slice "layer2_cuckoo:u_l2|altsyncram:bank_2_rtl_0|altsyncram_mq91:auto_generated|ram_block1a94" File: C:/Users/tomek/Documents/studia/fajerwoll/etapIV/quartus/db/altsyncram_mq91.tdf Line: 2009
        Info (270019): RAM block slice "layer2_cuckoo:u_l2|altsyncram:bank_2_rtl_0|altsyncram_mq91:auto_generated|ram_block1a95" File: C:/Users/tomek/Documents/studia/fajerwoll/etapIV/quartus/db/altsyncram_mq91.tdf Line: 2030
        Info (270019): RAM block slice "layer2_cuckoo:u_l2|altsyncram:bank_2_rtl_0|altsyncram_mq91:auto_generated|ram_block1a96" File: C:/Users/tomek/Documents/studia/fajerwoll/etapIV/quartus/db/altsyncram_mq91.tdf Line: 2051
        Info (270019): RAM block slice "layer2_cuckoo:u_l2|altsyncram:bank_2_rtl_0|altsyncram_mq91:auto_generated|ram_block1a97" File: C:/Users/tomek/Documents/studia/fajerwoll/etapIV/quartus/db/altsyncram_mq91.tdf Line: 2072
        Info (270019): RAM block slice "layer2_cuckoo:u_l2|altsyncram:bank_2_rtl_0|altsyncram_mq91:auto_generated|ram_block1a98" File: C:/Users/tomek/Documents/studia/fajerwoll/etapIV/quartus/db/altsyncram_mq91.tdf Line: 2093
        Info (270019): RAM block slice "layer2_cuckoo:u_l2|altsyncram:bank_2_rtl_0|altsyncram_mq91:auto_generated|ram_block1a99" File: C:/Users/tomek/Documents/studia/fajerwoll/etapIV/quartus/db/altsyncram_mq91.tdf Line: 2114
        Info (270019): RAM block slice "layer2_cuckoo:u_l2|altsyncram:bank_2_rtl_0|altsyncram_mq91:auto_generated|ram_block1a100" File: C:/Users/tomek/Documents/studia/fajerwoll/etapIV/quartus/db/altsyncram_mq91.tdf Line: 2135
        Info (270019): RAM block slice "layer2_cuckoo:u_l2|altsyncram:bank_2_rtl_0|altsyncram_mq91:auto_generated|ram_block1a101" File: C:/Users/tomek/Documents/studia/fajerwoll/etapIV/quartus/db/altsyncram_mq91.tdf Line: 2156
        Info (270019): RAM block slice "layer2_cuckoo:u_l2|altsyncram:bank_2_rtl_0|altsyncram_mq91:auto_generated|ram_block1a102" File: C:/Users/tomek/Documents/studia/fajerwoll/etapIV/quartus/db/altsyncram_mq91.tdf Line: 2177
        Info (270019): RAM block slice "layer2_cuckoo:u_l2|altsyncram:bank_2_rtl_0|altsyncram_mq91:auto_generated|ram_block1a103" File: C:/Users/tomek/Documents/studia/fajerwoll/etapIV/quartus/db/altsyncram_mq91.tdf Line: 2198
        Info (270019): RAM block slice "layer2_cuckoo:u_l2|altsyncram:bank_2_rtl_0|altsyncram_mq91:auto_generated|ram_block1a104" File: C:/Users/tomek/Documents/studia/fajerwoll/etapIV/quartus/db/altsyncram_mq91.tdf Line: 2219
        Info (270019): RAM block slice "layer2_cuckoo:u_l2|altsyncram:bank_2_rtl_0|altsyncram_mq91:auto_generated|ram_block1a105" File: C:/Users/tomek/Documents/studia/fajerwoll/etapIV/quartus/db/altsyncram_mq91.tdf Line: 2240
        Info (270019): RAM block slice "layer2_cuckoo:u_l2|altsyncram:bank_2_rtl_0|altsyncram_mq91:auto_generated|ram_block1a106" File: C:/Users/tomek/Documents/studia/fajerwoll/etapIV/quartus/db/altsyncram_mq91.tdf Line: 2261
        Info (270019): RAM block slice "layer2_cuckoo:u_l2|altsyncram:bank_2_rtl_0|altsyncram_mq91:auto_generated|ram_block1a107" File: C:/Users/tomek/Documents/studia/fajerwoll/etapIV/quartus/db/altsyncram_mq91.tdf Line: 2282
        Info (270019): RAM block slice "layer2_cuckoo:u_l2|altsyncram:bank_2_rtl_0|altsyncram_mq91:auto_generated|ram_block1a108" File: C:/Users/tomek/Documents/studia/fajerwoll/etapIV/quartus/db/altsyncram_mq91.tdf Line: 2303
        Info (270019): RAM block slice "layer2_cuckoo:u_l2|altsyncram:bank_2_rtl_0|altsyncram_mq91:auto_generated|ram_block1a109" File: C:/Users/tomek/Documents/studia/fajerwoll/etapIV/quartus/db/altsyncram_mq91.tdf Line: 2324
        Info (270019): RAM block slice "layer2_cuckoo:u_l2|altsyncram:bank_2_rtl_0|altsyncram_mq91:auto_generated|ram_block1a110" File: C:/Users/tomek/Documents/studia/fajerwoll/etapIV/quartus/db/altsyncram_mq91.tdf Line: 2345
        Info (270019): RAM block slice "layer2_cuckoo:u_l2|altsyncram:bank_2_rtl_0|altsyncram_mq91:auto_generated|ram_block1a111" File: C:/Users/tomek/Documents/studia/fajerwoll/etapIV/quartus/db/altsyncram_mq91.tdf Line: 2366
        Info (270019): RAM block slice "layer2_cuckoo:u_l2|altsyncram:bank_2_rtl_0|altsyncram_mq91:auto_generated|ram_block1a112" File: C:/Users/tomek/Documents/studia/fajerwoll/etapIV/quartus/db/altsyncram_mq91.tdf Line: 2387
        Info (270019): RAM block slice "layer2_cuckoo:u_l2|altsyncram:bank_2_rtl_0|altsyncram_mq91:auto_generated|ram_block1a113" File: C:/Users/tomek/Documents/studia/fajerwoll/etapIV/quartus/db/altsyncram_mq91.tdf Line: 2408
        Info (270019): RAM block slice "layer2_cuckoo:u_l2|altsyncram:bank_2_rtl_0|altsyncram_mq91:auto_generated|ram_block1a114" File: C:/Users/tomek/Documents/studia/fajerwoll/etapIV/quartus/db/altsyncram_mq91.tdf Line: 2429
        Info (270019): RAM block slice "layer2_cuckoo:u_l2|altsyncram:bank_2_rtl_0|altsyncram_mq91:auto_generated|ram_block1a115" File: C:/Users/tomek/Documents/studia/fajerwoll/etapIV/quartus/db/altsyncram_mq91.tdf Line: 2450
        Info (270019): RAM block slice "layer2_cuckoo:u_l2|altsyncram:bank_2_rtl_0|altsyncram_mq91:auto_generated|ram_block1a116" File: C:/Users/tomek/Documents/studia/fajerwoll/etapIV/quartus/db/altsyncram_mq91.tdf Line: 2471
        Info (270019): RAM block slice "layer2_cuckoo:u_l2|altsyncram:bank_2_rtl_0|altsyncram_mq91:auto_generated|ram_block1a117" File: C:/Users/tomek/Documents/studia/fajerwoll/etapIV/quartus/db/altsyncram_mq91.tdf Line: 2492
        Info (270019): RAM block slice "layer2_cuckoo:u_l2|altsyncram:bank_2_rtl_0|altsyncram_mq91:auto_generated|ram_block1a118" File: C:/Users/tomek/Documents/studia/fajerwoll/etapIV/quartus/db/altsyncram_mq91.tdf Line: 2513
        Info (270019): RAM block slice "layer2_cuckoo:u_l2|altsyncram:bank_2_rtl_0|altsyncram_mq91:auto_generated|ram_block1a119" File: C:/Users/tomek/Documents/studia/fajerwoll/etapIV/quartus/db/altsyncram_mq91.tdf Line: 2534
        Info (270019): RAM block slice "layer2_cuckoo:u_l2|altsyncram:bank_2_rtl_0|altsyncram_mq91:auto_generated|ram_block1a120" File: C:/Users/tomek/Documents/studia/fajerwoll/etapIV/quartus/db/altsyncram_mq91.tdf Line: 2555
        Info (270019): RAM block slice "layer2_cuckoo:u_l2|altsyncram:bank_2_rtl_0|altsyncram_mq91:auto_generated|ram_block1a121" File: C:/Users/tomek/Documents/studia/fajerwoll/etapIV/quartus/db/altsyncram_mq91.tdf Line: 2576
        Info (270019): RAM block slice "layer2_cuckoo:u_l2|altsyncram:bank_2_rtl_0|altsyncram_mq91:auto_generated|ram_block1a122" File: C:/Users/tomek/Documents/studia/fajerwoll/etapIV/quartus/db/altsyncram_mq91.tdf Line: 2597
        Info (270019): RAM block slice "layer2_cuckoo:u_l2|altsyncram:bank_2_rtl_0|altsyncram_mq91:auto_generated|ram_block1a123" File: C:/Users/tomek/Documents/studia/fajerwoll/etapIV/quartus/db/altsyncram_mq91.tdf Line: 2618
        Info (270019): RAM block slice "layer2_cuckoo:u_l2|altsyncram:bank_2_rtl_0|altsyncram_mq91:auto_generated|ram_block1a124" File: C:/Users/tomek/Documents/studia/fajerwoll/etapIV/quartus/db/altsyncram_mq91.tdf Line: 2639
        Info (270019): RAM block slice "layer2_cuckoo:u_l2|altsyncram:bank_2_rtl_0|altsyncram_mq91:auto_generated|ram_block1a125" File: C:/Users/tomek/Documents/studia/fajerwoll/etapIV/quartus/db/altsyncram_mq91.tdf Line: 2660
        Info (270019): RAM block slice "layer2_cuckoo:u_l2|altsyncram:bank_2_rtl_0|altsyncram_mq91:auto_generated|ram_block1a126" File: C:/Users/tomek/Documents/studia/fajerwoll/etapIV/quartus/db/altsyncram_mq91.tdf Line: 2681
        Info (270019): RAM block slice "layer2_cuckoo:u_l2|altsyncram:bank_2_rtl_0|altsyncram_mq91:auto_generated|ram_block1a127" File: C:/Users/tomek/Documents/studia/fajerwoll/etapIV/quartus/db/altsyncram_mq91.tdf Line: 2702
    Info (270020): Converted the following logical RAM block "layer2_cuckoo:u_l2|altsyncram:bank_0_rtl_0|altsyncram_kq91:auto_generated|ALTSYNCRAM" slices to smaller maximum block depth of 1024
        Info (270019): RAM block slice "layer2_cuckoo:u_l2|altsyncram:bank_0_rtl_0|altsyncram_kq91:auto_generated|ram_block1a0" File: C:/Users/tomek/Documents/studia/fajerwoll/etapIV/quartus/db/altsyncram_kq91.tdf Line: 35
        Info (270019): RAM block slice "layer2_cuckoo:u_l2|altsyncram:bank_0_rtl_0|altsyncram_kq91:auto_generated|ram_block1a1" File: C:/Users/tomek/Documents/studia/fajerwoll/etapIV/quartus/db/altsyncram_kq91.tdf Line: 56
        Info (270019): RAM block slice "layer2_cuckoo:u_l2|altsyncram:bank_0_rtl_0|altsyncram_kq91:auto_generated|ram_block1a2" File: C:/Users/tomek/Documents/studia/fajerwoll/etapIV/quartus/db/altsyncram_kq91.tdf Line: 77
        Info (270019): RAM block slice "layer2_cuckoo:u_l2|altsyncram:bank_0_rtl_0|altsyncram_kq91:auto_generated|ram_block1a3" File: C:/Users/tomek/Documents/studia/fajerwoll/etapIV/quartus/db/altsyncram_kq91.tdf Line: 98
        Info (270019): RAM block slice "layer2_cuckoo:u_l2|altsyncram:bank_0_rtl_0|altsyncram_kq91:auto_generated|ram_block1a4" File: C:/Users/tomek/Documents/studia/fajerwoll/etapIV/quartus/db/altsyncram_kq91.tdf Line: 119
        Info (270019): RAM block slice "layer2_cuckoo:u_l2|altsyncram:bank_0_rtl_0|altsyncram_kq91:auto_generated|ram_block1a5" File: C:/Users/tomek/Documents/studia/fajerwoll/etapIV/quartus/db/altsyncram_kq91.tdf Line: 140
        Info (270019): RAM block slice "layer2_cuckoo:u_l2|altsyncram:bank_0_rtl_0|altsyncram_kq91:auto_generated|ram_block1a6" File: C:/Users/tomek/Documents/studia/fajerwoll/etapIV/quartus/db/altsyncram_kq91.tdf Line: 161
        Info (270019): RAM block slice "layer2_cuckoo:u_l2|altsyncram:bank_0_rtl_0|altsyncram_kq91:auto_generated|ram_block1a7" File: C:/Users/tomek/Documents/studia/fajerwoll/etapIV/quartus/db/altsyncram_kq91.tdf Line: 182
        Info (270019): RAM block slice "layer2_cuckoo:u_l2|altsyncram:bank_0_rtl_0|altsyncram_kq91:auto_generated|ram_block1a8" File: C:/Users/tomek/Documents/studia/fajerwoll/etapIV/quartus/db/altsyncram_kq91.tdf Line: 203
        Info (270019): RAM block slice "layer2_cuckoo:u_l2|altsyncram:bank_0_rtl_0|altsyncram_kq91:auto_generated|ram_block1a9" File: C:/Users/tomek/Documents/studia/fajerwoll/etapIV/quartus/db/altsyncram_kq91.tdf Line: 224
        Info (270019): RAM block slice "layer2_cuckoo:u_l2|altsyncram:bank_0_rtl_0|altsyncram_kq91:auto_generated|ram_block1a10" File: C:/Users/tomek/Documents/studia/fajerwoll/etapIV/quartus/db/altsyncram_kq91.tdf Line: 245
        Info (270019): RAM block slice "layer2_cuckoo:u_l2|altsyncram:bank_0_rtl_0|altsyncram_kq91:auto_generated|ram_block1a11" File: C:/Users/tomek/Documents/studia/fajerwoll/etapIV/quartus/db/altsyncram_kq91.tdf Line: 266
        Info (270019): RAM block slice "layer2_cuckoo:u_l2|altsyncram:bank_0_rtl_0|altsyncram_kq91:auto_generated|ram_block1a12" File: C:/Users/tomek/Documents/studia/fajerwoll/etapIV/quartus/db/altsyncram_kq91.tdf Line: 287
        Info (270019): RAM block slice "layer2_cuckoo:u_l2|altsyncram:bank_0_rtl_0|altsyncram_kq91:auto_generated|ram_block1a13" File: C:/Users/tomek/Documents/studia/fajerwoll/etapIV/quartus/db/altsyncram_kq91.tdf Line: 308
        Info (270019): RAM block slice "layer2_cuckoo:u_l2|altsyncram:bank_0_rtl_0|altsyncram_kq91:auto_generated|ram_block1a14" File: C:/Users/tomek/Documents/studia/fajerwoll/etapIV/quartus/db/altsyncram_kq91.tdf Line: 329
        Info (270019): RAM block slice "layer2_cuckoo:u_l2|altsyncram:bank_0_rtl_0|altsyncram_kq91:auto_generated|ram_block1a15" File: C:/Users/tomek/Documents/studia/fajerwoll/etapIV/quartus/db/altsyncram_kq91.tdf Line: 350
        Info (270019): RAM block slice "layer2_cuckoo:u_l2|altsyncram:bank_0_rtl_0|altsyncram_kq91:auto_generated|ram_block1a16" File: C:/Users/tomek/Documents/studia/fajerwoll/etapIV/quartus/db/altsyncram_kq91.tdf Line: 371
        Info (270019): RAM block slice "layer2_cuckoo:u_l2|altsyncram:bank_0_rtl_0|altsyncram_kq91:auto_generated|ram_block1a17" File: C:/Users/tomek/Documents/studia/fajerwoll/etapIV/quartus/db/altsyncram_kq91.tdf Line: 392
        Info (270019): RAM block slice "layer2_cuckoo:u_l2|altsyncram:bank_0_rtl_0|altsyncram_kq91:auto_generated|ram_block1a18" File: C:/Users/tomek/Documents/studia/fajerwoll/etapIV/quartus/db/altsyncram_kq91.tdf Line: 413
        Info (270019): RAM block slice "layer2_cuckoo:u_l2|altsyncram:bank_0_rtl_0|altsyncram_kq91:auto_generated|ram_block1a19" File: C:/Users/tomek/Documents/studia/fajerwoll/etapIV/quartus/db/altsyncram_kq91.tdf Line: 434
        Info (270019): RAM block slice "layer2_cuckoo:u_l2|altsyncram:bank_0_rtl_0|altsyncram_kq91:auto_generated|ram_block1a20" File: C:/Users/tomek/Documents/studia/fajerwoll/etapIV/quartus/db/altsyncram_kq91.tdf Line: 455
        Info (270019): RAM block slice "layer2_cuckoo:u_l2|altsyncram:bank_0_rtl_0|altsyncram_kq91:auto_generated|ram_block1a21" File: C:/Users/tomek/Documents/studia/fajerwoll/etapIV/quartus/db/altsyncram_kq91.tdf Line: 476
        Info (270019): RAM block slice "layer2_cuckoo:u_l2|altsyncram:bank_0_rtl_0|altsyncram_kq91:auto_generated|ram_block1a22" File: C:/Users/tomek/Documents/studia/fajerwoll/etapIV/quartus/db/altsyncram_kq91.tdf Line: 497
        Info (270019): RAM block slice "layer2_cuckoo:u_l2|altsyncram:bank_0_rtl_0|altsyncram_kq91:auto_generated|ram_block1a23" File: C:/Users/tomek/Documents/studia/fajerwoll/etapIV/quartus/db/altsyncram_kq91.tdf Line: 518
        Info (270019): RAM block slice "layer2_cuckoo:u_l2|altsyncram:bank_0_rtl_0|altsyncram_kq91:auto_generated|ram_block1a24" File: C:/Users/tomek/Documents/studia/fajerwoll/etapIV/quartus/db/altsyncram_kq91.tdf Line: 539
        Info (270019): RAM block slice "layer2_cuckoo:u_l2|altsyncram:bank_0_rtl_0|altsyncram_kq91:auto_generated|ram_block1a25" File: C:/Users/tomek/Documents/studia/fajerwoll/etapIV/quartus/db/altsyncram_kq91.tdf Line: 560
        Info (270019): RAM block slice "layer2_cuckoo:u_l2|altsyncram:bank_0_rtl_0|altsyncram_kq91:auto_generated|ram_block1a26" File: C:/Users/tomek/Documents/studia/fajerwoll/etapIV/quartus/db/altsyncram_kq91.tdf Line: 581
        Info (270019): RAM block slice "layer2_cuckoo:u_l2|altsyncram:bank_0_rtl_0|altsyncram_kq91:auto_generated|ram_block1a27" File: C:/Users/tomek/Documents/studia/fajerwoll/etapIV/quartus/db/altsyncram_kq91.tdf Line: 602
        Info (270019): RAM block slice "layer2_cuckoo:u_l2|altsyncram:bank_0_rtl_0|altsyncram_kq91:auto_generated|ram_block1a28" File: C:/Users/tomek/Documents/studia/fajerwoll/etapIV/quartus/db/altsyncram_kq91.tdf Line: 623
        Info (270019): RAM block slice "layer2_cuckoo:u_l2|altsyncram:bank_0_rtl_0|altsyncram_kq91:auto_generated|ram_block1a29" File: C:/Users/tomek/Documents/studia/fajerwoll/etapIV/quartus/db/altsyncram_kq91.tdf Line: 644
        Info (270019): RAM block slice "layer2_cuckoo:u_l2|altsyncram:bank_0_rtl_0|altsyncram_kq91:auto_generated|ram_block1a30" File: C:/Users/tomek/Documents/studia/fajerwoll/etapIV/quartus/db/altsyncram_kq91.tdf Line: 665
        Info (270019): RAM block slice "layer2_cuckoo:u_l2|altsyncram:bank_0_rtl_0|altsyncram_kq91:auto_generated|ram_block1a31" File: C:/Users/tomek/Documents/studia/fajerwoll/etapIV/quartus/db/altsyncram_kq91.tdf Line: 686
        Info (270019): RAM block slice "layer2_cuckoo:u_l2|altsyncram:bank_0_rtl_0|altsyncram_kq91:auto_generated|ram_block1a32" File: C:/Users/tomek/Documents/studia/fajerwoll/etapIV/quartus/db/altsyncram_kq91.tdf Line: 707
        Info (270019): RAM block slice "layer2_cuckoo:u_l2|altsyncram:bank_0_rtl_0|altsyncram_kq91:auto_generated|ram_block1a33" File: C:/Users/tomek/Documents/studia/fajerwoll/etapIV/quartus/db/altsyncram_kq91.tdf Line: 728
        Info (270019): RAM block slice "layer2_cuckoo:u_l2|altsyncram:bank_0_rtl_0|altsyncram_kq91:auto_generated|ram_block1a34" File: C:/Users/tomek/Documents/studia/fajerwoll/etapIV/quartus/db/altsyncram_kq91.tdf Line: 749
        Info (270019): RAM block slice "layer2_cuckoo:u_l2|altsyncram:bank_0_rtl_0|altsyncram_kq91:auto_generated|ram_block1a35" File: C:/Users/tomek/Documents/studia/fajerwoll/etapIV/quartus/db/altsyncram_kq91.tdf Line: 770
        Info (270019): RAM block slice "layer2_cuckoo:u_l2|altsyncram:bank_0_rtl_0|altsyncram_kq91:auto_generated|ram_block1a36" File: C:/Users/tomek/Documents/studia/fajerwoll/etapIV/quartus/db/altsyncram_kq91.tdf Line: 791
        Info (270019): RAM block slice "layer2_cuckoo:u_l2|altsyncram:bank_0_rtl_0|altsyncram_kq91:auto_generated|ram_block1a37" File: C:/Users/tomek/Documents/studia/fajerwoll/etapIV/quartus/db/altsyncram_kq91.tdf Line: 812
        Info (270019): RAM block slice "layer2_cuckoo:u_l2|altsyncram:bank_0_rtl_0|altsyncram_kq91:auto_generated|ram_block1a38" File: C:/Users/tomek/Documents/studia/fajerwoll/etapIV/quartus/db/altsyncram_kq91.tdf Line: 833
        Info (270019): RAM block slice "layer2_cuckoo:u_l2|altsyncram:bank_0_rtl_0|altsyncram_kq91:auto_generated|ram_block1a39" File: C:/Users/tomek/Documents/studia/fajerwoll/etapIV/quartus/db/altsyncram_kq91.tdf Line: 854
        Info (270019): RAM block slice "layer2_cuckoo:u_l2|altsyncram:bank_0_rtl_0|altsyncram_kq91:auto_generated|ram_block1a40" File: C:/Users/tomek/Documents/studia/fajerwoll/etapIV/quartus/db/altsyncram_kq91.tdf Line: 875
        Info (270019): RAM block slice "layer2_cuckoo:u_l2|altsyncram:bank_0_rtl_0|altsyncram_kq91:auto_generated|ram_block1a41" File: C:/Users/tomek/Documents/studia/fajerwoll/etapIV/quartus/db/altsyncram_kq91.tdf Line: 896
        Info (270019): RAM block slice "layer2_cuckoo:u_l2|altsyncram:bank_0_rtl_0|altsyncram_kq91:auto_generated|ram_block1a42" File: C:/Users/tomek/Documents/studia/fajerwoll/etapIV/quartus/db/altsyncram_kq91.tdf Line: 917
        Info (270019): RAM block slice "layer2_cuckoo:u_l2|altsyncram:bank_0_rtl_0|altsyncram_kq91:auto_generated|ram_block1a43" File: C:/Users/tomek/Documents/studia/fajerwoll/etapIV/quartus/db/altsyncram_kq91.tdf Line: 938
        Info (270019): RAM block slice "layer2_cuckoo:u_l2|altsyncram:bank_0_rtl_0|altsyncram_kq91:auto_generated|ram_block1a44" File: C:/Users/tomek/Documents/studia/fajerwoll/etapIV/quartus/db/altsyncram_kq91.tdf Line: 959
        Info (270019): RAM block slice "layer2_cuckoo:u_l2|altsyncram:bank_0_rtl_0|altsyncram_kq91:auto_generated|ram_block1a45" File: C:/Users/tomek/Documents/studia/fajerwoll/etapIV/quartus/db/altsyncram_kq91.tdf Line: 980
        Info (270019): RAM block slice "layer2_cuckoo:u_l2|altsyncram:bank_0_rtl_0|altsyncram_kq91:auto_generated|ram_block1a46" File: C:/Users/tomek/Documents/studia/fajerwoll/etapIV/quartus/db/altsyncram_kq91.tdf Line: 1001
        Info (270019): RAM block slice "layer2_cuckoo:u_l2|altsyncram:bank_0_rtl_0|altsyncram_kq91:auto_generated|ram_block1a47" File: C:/Users/tomek/Documents/studia/fajerwoll/etapIV/quartus/db/altsyncram_kq91.tdf Line: 1022
        Info (270019): RAM block slice "layer2_cuckoo:u_l2|altsyncram:bank_0_rtl_0|altsyncram_kq91:auto_generated|ram_block1a48" File: C:/Users/tomek/Documents/studia/fajerwoll/etapIV/quartus/db/altsyncram_kq91.tdf Line: 1043
        Info (270019): RAM block slice "layer2_cuckoo:u_l2|altsyncram:bank_0_rtl_0|altsyncram_kq91:auto_generated|ram_block1a49" File: C:/Users/tomek/Documents/studia/fajerwoll/etapIV/quartus/db/altsyncram_kq91.tdf Line: 1064
        Info (270019): RAM block slice "layer2_cuckoo:u_l2|altsyncram:bank_0_rtl_0|altsyncram_kq91:auto_generated|ram_block1a50" File: C:/Users/tomek/Documents/studia/fajerwoll/etapIV/quartus/db/altsyncram_kq91.tdf Line: 1085
        Info (270019): RAM block slice "layer2_cuckoo:u_l2|altsyncram:bank_0_rtl_0|altsyncram_kq91:auto_generated|ram_block1a51" File: C:/Users/tomek/Documents/studia/fajerwoll/etapIV/quartus/db/altsyncram_kq91.tdf Line: 1106
        Info (270019): RAM block slice "layer2_cuckoo:u_l2|altsyncram:bank_0_rtl_0|altsyncram_kq91:auto_generated|ram_block1a52" File: C:/Users/tomek/Documents/studia/fajerwoll/etapIV/quartus/db/altsyncram_kq91.tdf Line: 1127
        Info (270019): RAM block slice "layer2_cuckoo:u_l2|altsyncram:bank_0_rtl_0|altsyncram_kq91:auto_generated|ram_block1a53" File: C:/Users/tomek/Documents/studia/fajerwoll/etapIV/quartus/db/altsyncram_kq91.tdf Line: 1148
        Info (270019): RAM block slice "layer2_cuckoo:u_l2|altsyncram:bank_0_rtl_0|altsyncram_kq91:auto_generated|ram_block1a54" File: C:/Users/tomek/Documents/studia/fajerwoll/etapIV/quartus/db/altsyncram_kq91.tdf Line: 1169
        Info (270019): RAM block slice "layer2_cuckoo:u_l2|altsyncram:bank_0_rtl_0|altsyncram_kq91:auto_generated|ram_block1a55" File: C:/Users/tomek/Documents/studia/fajerwoll/etapIV/quartus/db/altsyncram_kq91.tdf Line: 1190
        Info (270019): RAM block slice "layer2_cuckoo:u_l2|altsyncram:bank_0_rtl_0|altsyncram_kq91:auto_generated|ram_block1a56" File: C:/Users/tomek/Documents/studia/fajerwoll/etapIV/quartus/db/altsyncram_kq91.tdf Line: 1211
        Info (270019): RAM block slice "layer2_cuckoo:u_l2|altsyncram:bank_0_rtl_0|altsyncram_kq91:auto_generated|ram_block1a57" File: C:/Users/tomek/Documents/studia/fajerwoll/etapIV/quartus/db/altsyncram_kq91.tdf Line: 1232
        Info (270019): RAM block slice "layer2_cuckoo:u_l2|altsyncram:bank_0_rtl_0|altsyncram_kq91:auto_generated|ram_block1a58" File: C:/Users/tomek/Documents/studia/fajerwoll/etapIV/quartus/db/altsyncram_kq91.tdf Line: 1253
        Info (270019): RAM block slice "layer2_cuckoo:u_l2|altsyncram:bank_0_rtl_0|altsyncram_kq91:auto_generated|ram_block1a59" File: C:/Users/tomek/Documents/studia/fajerwoll/etapIV/quartus/db/altsyncram_kq91.tdf Line: 1274
        Info (270019): RAM block slice "layer2_cuckoo:u_l2|altsyncram:bank_0_rtl_0|altsyncram_kq91:auto_generated|ram_block1a60" File: C:/Users/tomek/Documents/studia/fajerwoll/etapIV/quartus/db/altsyncram_kq91.tdf Line: 1295
        Info (270019): RAM block slice "layer2_cuckoo:u_l2|altsyncram:bank_0_rtl_0|altsyncram_kq91:auto_generated|ram_block1a61" File: C:/Users/tomek/Documents/studia/fajerwoll/etapIV/quartus/db/altsyncram_kq91.tdf Line: 1316
        Info (270019): RAM block slice "layer2_cuckoo:u_l2|altsyncram:bank_0_rtl_0|altsyncram_kq91:auto_generated|ram_block1a62" File: C:/Users/tomek/Documents/studia/fajerwoll/etapIV/quartus/db/altsyncram_kq91.tdf Line: 1337
        Info (270019): RAM block slice "layer2_cuckoo:u_l2|altsyncram:bank_0_rtl_0|altsyncram_kq91:auto_generated|ram_block1a63" File: C:/Users/tomek/Documents/studia/fajerwoll/etapIV/quartus/db/altsyncram_kq91.tdf Line: 1358
        Info (270019): RAM block slice "layer2_cuckoo:u_l2|altsyncram:bank_0_rtl_0|altsyncram_kq91:auto_generated|ram_block1a64" File: C:/Users/tomek/Documents/studia/fajerwoll/etapIV/quartus/db/altsyncram_kq91.tdf Line: 1379
        Info (270019): RAM block slice "layer2_cuckoo:u_l2|altsyncram:bank_0_rtl_0|altsyncram_kq91:auto_generated|ram_block1a65" File: C:/Users/tomek/Documents/studia/fajerwoll/etapIV/quartus/db/altsyncram_kq91.tdf Line: 1400
        Info (270019): RAM block slice "layer2_cuckoo:u_l2|altsyncram:bank_0_rtl_0|altsyncram_kq91:auto_generated|ram_block1a66" File: C:/Users/tomek/Documents/studia/fajerwoll/etapIV/quartus/db/altsyncram_kq91.tdf Line: 1421
        Info (270019): RAM block slice "layer2_cuckoo:u_l2|altsyncram:bank_0_rtl_0|altsyncram_kq91:auto_generated|ram_block1a67" File: C:/Users/tomek/Documents/studia/fajerwoll/etapIV/quartus/db/altsyncram_kq91.tdf Line: 1442
        Info (270019): RAM block slice "layer2_cuckoo:u_l2|altsyncram:bank_0_rtl_0|altsyncram_kq91:auto_generated|ram_block1a68" File: C:/Users/tomek/Documents/studia/fajerwoll/etapIV/quartus/db/altsyncram_kq91.tdf Line: 1463
        Info (270019): RAM block slice "layer2_cuckoo:u_l2|altsyncram:bank_0_rtl_0|altsyncram_kq91:auto_generated|ram_block1a69" File: C:/Users/tomek/Documents/studia/fajerwoll/etapIV/quartus/db/altsyncram_kq91.tdf Line: 1484
        Info (270019): RAM block slice "layer2_cuckoo:u_l2|altsyncram:bank_0_rtl_0|altsyncram_kq91:auto_generated|ram_block1a70" File: C:/Users/tomek/Documents/studia/fajerwoll/etapIV/quartus/db/altsyncram_kq91.tdf Line: 1505
        Info (270019): RAM block slice "layer2_cuckoo:u_l2|altsyncram:bank_0_rtl_0|altsyncram_kq91:auto_generated|ram_block1a71" File: C:/Users/tomek/Documents/studia/fajerwoll/etapIV/quartus/db/altsyncram_kq91.tdf Line: 1526
        Info (270019): RAM block slice "layer2_cuckoo:u_l2|altsyncram:bank_0_rtl_0|altsyncram_kq91:auto_generated|ram_block1a72" File: C:/Users/tomek/Documents/studia/fajerwoll/etapIV/quartus/db/altsyncram_kq91.tdf Line: 1547
        Info (270019): RAM block slice "layer2_cuckoo:u_l2|altsyncram:bank_0_rtl_0|altsyncram_kq91:auto_generated|ram_block1a73" File: C:/Users/tomek/Documents/studia/fajerwoll/etapIV/quartus/db/altsyncram_kq91.tdf Line: 1568
        Info (270019): RAM block slice "layer2_cuckoo:u_l2|altsyncram:bank_0_rtl_0|altsyncram_kq91:auto_generated|ram_block1a74" File: C:/Users/tomek/Documents/studia/fajerwoll/etapIV/quartus/db/altsyncram_kq91.tdf Line: 1589
        Info (270019): RAM block slice "layer2_cuckoo:u_l2|altsyncram:bank_0_rtl_0|altsyncram_kq91:auto_generated|ram_block1a75" File: C:/Users/tomek/Documents/studia/fajerwoll/etapIV/quartus/db/altsyncram_kq91.tdf Line: 1610
        Info (270019): RAM block slice "layer2_cuckoo:u_l2|altsyncram:bank_0_rtl_0|altsyncram_kq91:auto_generated|ram_block1a76" File: C:/Users/tomek/Documents/studia/fajerwoll/etapIV/quartus/db/altsyncram_kq91.tdf Line: 1631
        Info (270019): RAM block slice "layer2_cuckoo:u_l2|altsyncram:bank_0_rtl_0|altsyncram_kq91:auto_generated|ram_block1a77" File: C:/Users/tomek/Documents/studia/fajerwoll/etapIV/quartus/db/altsyncram_kq91.tdf Line: 1652
        Info (270019): RAM block slice "layer2_cuckoo:u_l2|altsyncram:bank_0_rtl_0|altsyncram_kq91:auto_generated|ram_block1a78" File: C:/Users/tomek/Documents/studia/fajerwoll/etapIV/quartus/db/altsyncram_kq91.tdf Line: 1673
        Info (270019): RAM block slice "layer2_cuckoo:u_l2|altsyncram:bank_0_rtl_0|altsyncram_kq91:auto_generated|ram_block1a79" File: C:/Users/tomek/Documents/studia/fajerwoll/etapIV/quartus/db/altsyncram_kq91.tdf Line: 1694
        Info (270019): RAM block slice "layer2_cuckoo:u_l2|altsyncram:bank_0_rtl_0|altsyncram_kq91:auto_generated|ram_block1a80" File: C:/Users/tomek/Documents/studia/fajerwoll/etapIV/quartus/db/altsyncram_kq91.tdf Line: 1715
        Info (270019): RAM block slice "layer2_cuckoo:u_l2|altsyncram:bank_0_rtl_0|altsyncram_kq91:auto_generated|ram_block1a81" File: C:/Users/tomek/Documents/studia/fajerwoll/etapIV/quartus/db/altsyncram_kq91.tdf Line: 1736
        Info (270019): RAM block slice "layer2_cuckoo:u_l2|altsyncram:bank_0_rtl_0|altsyncram_kq91:auto_generated|ram_block1a82" File: C:/Users/tomek/Documents/studia/fajerwoll/etapIV/quartus/db/altsyncram_kq91.tdf Line: 1757
        Info (270019): RAM block slice "layer2_cuckoo:u_l2|altsyncram:bank_0_rtl_0|altsyncram_kq91:auto_generated|ram_block1a83" File: C:/Users/tomek/Documents/studia/fajerwoll/etapIV/quartus/db/altsyncram_kq91.tdf Line: 1778
        Info (270019): RAM block slice "layer2_cuckoo:u_l2|altsyncram:bank_0_rtl_0|altsyncram_kq91:auto_generated|ram_block1a84" File: C:/Users/tomek/Documents/studia/fajerwoll/etapIV/quartus/db/altsyncram_kq91.tdf Line: 1799
        Info (270019): RAM block slice "layer2_cuckoo:u_l2|altsyncram:bank_0_rtl_0|altsyncram_kq91:auto_generated|ram_block1a85" File: C:/Users/tomek/Documents/studia/fajerwoll/etapIV/quartus/db/altsyncram_kq91.tdf Line: 1820
        Info (270019): RAM block slice "layer2_cuckoo:u_l2|altsyncram:bank_0_rtl_0|altsyncram_kq91:auto_generated|ram_block1a86" File: C:/Users/tomek/Documents/studia/fajerwoll/etapIV/quartus/db/altsyncram_kq91.tdf Line: 1841
        Info (270019): RAM block slice "layer2_cuckoo:u_l2|altsyncram:bank_0_rtl_0|altsyncram_kq91:auto_generated|ram_block1a87" File: C:/Users/tomek/Documents/studia/fajerwoll/etapIV/quartus/db/altsyncram_kq91.tdf Line: 1862
        Info (270019): RAM block slice "layer2_cuckoo:u_l2|altsyncram:bank_0_rtl_0|altsyncram_kq91:auto_generated|ram_block1a88" File: C:/Users/tomek/Documents/studia/fajerwoll/etapIV/quartus/db/altsyncram_kq91.tdf Line: 1883
        Info (270019): RAM block slice "layer2_cuckoo:u_l2|altsyncram:bank_0_rtl_0|altsyncram_kq91:auto_generated|ram_block1a89" File: C:/Users/tomek/Documents/studia/fajerwoll/etapIV/quartus/db/altsyncram_kq91.tdf Line: 1904
        Info (270019): RAM block slice "layer2_cuckoo:u_l2|altsyncram:bank_0_rtl_0|altsyncram_kq91:auto_generated|ram_block1a90" File: C:/Users/tomek/Documents/studia/fajerwoll/etapIV/quartus/db/altsyncram_kq91.tdf Line: 1925
        Info (270019): RAM block slice "layer2_cuckoo:u_l2|altsyncram:bank_0_rtl_0|altsyncram_kq91:auto_generated|ram_block1a91" File: C:/Users/tomek/Documents/studia/fajerwoll/etapIV/quartus/db/altsyncram_kq91.tdf Line: 1946
        Info (270019): RAM block slice "layer2_cuckoo:u_l2|altsyncram:bank_0_rtl_0|altsyncram_kq91:auto_generated|ram_block1a92" File: C:/Users/tomek/Documents/studia/fajerwoll/etapIV/quartus/db/altsyncram_kq91.tdf Line: 1967
        Info (270019): RAM block slice "layer2_cuckoo:u_l2|altsyncram:bank_0_rtl_0|altsyncram_kq91:auto_generated|ram_block1a93" File: C:/Users/tomek/Documents/studia/fajerwoll/etapIV/quartus/db/altsyncram_kq91.tdf Line: 1988
        Info (270019): RAM block slice "layer2_cuckoo:u_l2|altsyncram:bank_0_rtl_0|altsyncram_kq91:auto_generated|ram_block1a94" File: C:/Users/tomek/Documents/studia/fajerwoll/etapIV/quartus/db/altsyncram_kq91.tdf Line: 2009
        Info (270019): RAM block slice "layer2_cuckoo:u_l2|altsyncram:bank_0_rtl_0|altsyncram_kq91:auto_generated|ram_block1a95" File: C:/Users/tomek/Documents/studia/fajerwoll/etapIV/quartus/db/altsyncram_kq91.tdf Line: 2030
        Info (270019): RAM block slice "layer2_cuckoo:u_l2|altsyncram:bank_0_rtl_0|altsyncram_kq91:auto_generated|ram_block1a96" File: C:/Users/tomek/Documents/studia/fajerwoll/etapIV/quartus/db/altsyncram_kq91.tdf Line: 2051
        Info (270019): RAM block slice "layer2_cuckoo:u_l2|altsyncram:bank_0_rtl_0|altsyncram_kq91:auto_generated|ram_block1a97" File: C:/Users/tomek/Documents/studia/fajerwoll/etapIV/quartus/db/altsyncram_kq91.tdf Line: 2072
        Info (270019): RAM block slice "layer2_cuckoo:u_l2|altsyncram:bank_0_rtl_0|altsyncram_kq91:auto_generated|ram_block1a98" File: C:/Users/tomek/Documents/studia/fajerwoll/etapIV/quartus/db/altsyncram_kq91.tdf Line: 2093
        Info (270019): RAM block slice "layer2_cuckoo:u_l2|altsyncram:bank_0_rtl_0|altsyncram_kq91:auto_generated|ram_block1a99" File: C:/Users/tomek/Documents/studia/fajerwoll/etapIV/quartus/db/altsyncram_kq91.tdf Line: 2114
        Info (270019): RAM block slice "layer2_cuckoo:u_l2|altsyncram:bank_0_rtl_0|altsyncram_kq91:auto_generated|ram_block1a100" File: C:/Users/tomek/Documents/studia/fajerwoll/etapIV/quartus/db/altsyncram_kq91.tdf Line: 2135
        Info (270019): RAM block slice "layer2_cuckoo:u_l2|altsyncram:bank_0_rtl_0|altsyncram_kq91:auto_generated|ram_block1a101" File: C:/Users/tomek/Documents/studia/fajerwoll/etapIV/quartus/db/altsyncram_kq91.tdf Line: 2156
        Info (270019): RAM block slice "layer2_cuckoo:u_l2|altsyncram:bank_0_rtl_0|altsyncram_kq91:auto_generated|ram_block1a102" File: C:/Users/tomek/Documents/studia/fajerwoll/etapIV/quartus/db/altsyncram_kq91.tdf Line: 2177
        Info (270019): RAM block slice "layer2_cuckoo:u_l2|altsyncram:bank_0_rtl_0|altsyncram_kq91:auto_generated|ram_block1a103" File: C:/Users/tomek/Documents/studia/fajerwoll/etapIV/quartus/db/altsyncram_kq91.tdf Line: 2198
        Info (270019): RAM block slice "layer2_cuckoo:u_l2|altsyncram:bank_0_rtl_0|altsyncram_kq91:auto_generated|ram_block1a104" File: C:/Users/tomek/Documents/studia/fajerwoll/etapIV/quartus/db/altsyncram_kq91.tdf Line: 2219
        Info (270019): RAM block slice "layer2_cuckoo:u_l2|altsyncram:bank_0_rtl_0|altsyncram_kq91:auto_generated|ram_block1a105" File: C:/Users/tomek/Documents/studia/fajerwoll/etapIV/quartus/db/altsyncram_kq91.tdf Line: 2240
        Info (270019): RAM block slice "layer2_cuckoo:u_l2|altsyncram:bank_0_rtl_0|altsyncram_kq91:auto_generated|ram_block1a106" File: C:/Users/tomek/Documents/studia/fajerwoll/etapIV/quartus/db/altsyncram_kq91.tdf Line: 2261
        Info (270019): RAM block slice "layer2_cuckoo:u_l2|altsyncram:bank_0_rtl_0|altsyncram_kq91:auto_generated|ram_block1a107" File: C:/Users/tomek/Documents/studia/fajerwoll/etapIV/quartus/db/altsyncram_kq91.tdf Line: 2282
        Info (270019): RAM block slice "layer2_cuckoo:u_l2|altsyncram:bank_0_rtl_0|altsyncram_kq91:auto_generated|ram_block1a108" File: C:/Users/tomek/Documents/studia/fajerwoll/etapIV/quartus/db/altsyncram_kq91.tdf Line: 2303
        Info (270019): RAM block slice "layer2_cuckoo:u_l2|altsyncram:bank_0_rtl_0|altsyncram_kq91:auto_generated|ram_block1a109" File: C:/Users/tomek/Documents/studia/fajerwoll/etapIV/quartus/db/altsyncram_kq91.tdf Line: 2324
        Info (270019): RAM block slice "layer2_cuckoo:u_l2|altsyncram:bank_0_rtl_0|altsyncram_kq91:auto_generated|ram_block1a110" File: C:/Users/tomek/Documents/studia/fajerwoll/etapIV/quartus/db/altsyncram_kq91.tdf Line: 2345
        Info (270019): RAM block slice "layer2_cuckoo:u_l2|altsyncram:bank_0_rtl_0|altsyncram_kq91:auto_generated|ram_block1a111" File: C:/Users/tomek/Documents/studia/fajerwoll/etapIV/quartus/db/altsyncram_kq91.tdf Line: 2366
        Info (270019): RAM block slice "layer2_cuckoo:u_l2|altsyncram:bank_0_rtl_0|altsyncram_kq91:auto_generated|ram_block1a112" File: C:/Users/tomek/Documents/studia/fajerwoll/etapIV/quartus/db/altsyncram_kq91.tdf Line: 2387
        Info (270019): RAM block slice "layer2_cuckoo:u_l2|altsyncram:bank_0_rtl_0|altsyncram_kq91:auto_generated|ram_block1a113" File: C:/Users/tomek/Documents/studia/fajerwoll/etapIV/quartus/db/altsyncram_kq91.tdf Line: 2408
        Info (270019): RAM block slice "layer2_cuckoo:u_l2|altsyncram:bank_0_rtl_0|altsyncram_kq91:auto_generated|ram_block1a114" File: C:/Users/tomek/Documents/studia/fajerwoll/etapIV/quartus/db/altsyncram_kq91.tdf Line: 2429
        Info (270019): RAM block slice "layer2_cuckoo:u_l2|altsyncram:bank_0_rtl_0|altsyncram_kq91:auto_generated|ram_block1a115" File: C:/Users/tomek/Documents/studia/fajerwoll/etapIV/quartus/db/altsyncram_kq91.tdf Line: 2450
        Info (270019): RAM block slice "layer2_cuckoo:u_l2|altsyncram:bank_0_rtl_0|altsyncram_kq91:auto_generated|ram_block1a116" File: C:/Users/tomek/Documents/studia/fajerwoll/etapIV/quartus/db/altsyncram_kq91.tdf Line: 2471
        Info (270019): RAM block slice "layer2_cuckoo:u_l2|altsyncram:bank_0_rtl_0|altsyncram_kq91:auto_generated|ram_block1a117" File: C:/Users/tomek/Documents/studia/fajerwoll/etapIV/quartus/db/altsyncram_kq91.tdf Line: 2492
        Info (270019): RAM block slice "layer2_cuckoo:u_l2|altsyncram:bank_0_rtl_0|altsyncram_kq91:auto_generated|ram_block1a118" File: C:/Users/tomek/Documents/studia/fajerwoll/etapIV/quartus/db/altsyncram_kq91.tdf Line: 2513
        Info (270019): RAM block slice "layer2_cuckoo:u_l2|altsyncram:bank_0_rtl_0|altsyncram_kq91:auto_generated|ram_block1a119" File: C:/Users/tomek/Documents/studia/fajerwoll/etapIV/quartus/db/altsyncram_kq91.tdf Line: 2534
        Info (270019): RAM block slice "layer2_cuckoo:u_l2|altsyncram:bank_0_rtl_0|altsyncram_kq91:auto_generated|ram_block1a120" File: C:/Users/tomek/Documents/studia/fajerwoll/etapIV/quartus/db/altsyncram_kq91.tdf Line: 2555
        Info (270019): RAM block slice "layer2_cuckoo:u_l2|altsyncram:bank_0_rtl_0|altsyncram_kq91:auto_generated|ram_block1a121" File: C:/Users/tomek/Documents/studia/fajerwoll/etapIV/quartus/db/altsyncram_kq91.tdf Line: 2576
        Info (270019): RAM block slice "layer2_cuckoo:u_l2|altsyncram:bank_0_rtl_0|altsyncram_kq91:auto_generated|ram_block1a122" File: C:/Users/tomek/Documents/studia/fajerwoll/etapIV/quartus/db/altsyncram_kq91.tdf Line: 2597
        Info (270019): RAM block slice "layer2_cuckoo:u_l2|altsyncram:bank_0_rtl_0|altsyncram_kq91:auto_generated|ram_block1a123" File: C:/Users/tomek/Documents/studia/fajerwoll/etapIV/quartus/db/altsyncram_kq91.tdf Line: 2618
        Info (270019): RAM block slice "layer2_cuckoo:u_l2|altsyncram:bank_0_rtl_0|altsyncram_kq91:auto_generated|ram_block1a124" File: C:/Users/tomek/Documents/studia/fajerwoll/etapIV/quartus/db/altsyncram_kq91.tdf Line: 2639
        Info (270019): RAM block slice "layer2_cuckoo:u_l2|altsyncram:bank_0_rtl_0|altsyncram_kq91:auto_generated|ram_block1a125" File: C:/Users/tomek/Documents/studia/fajerwoll/etapIV/quartus/db/altsyncram_kq91.tdf Line: 2660
        Info (270019): RAM block slice "layer2_cuckoo:u_l2|altsyncram:bank_0_rtl_0|altsyncram_kq91:auto_generated|ram_block1a126" File: C:/Users/tomek/Documents/studia/fajerwoll/etapIV/quartus/db/altsyncram_kq91.tdf Line: 2681
        Info (270019): RAM block slice "layer2_cuckoo:u_l2|altsyncram:bank_0_rtl_0|altsyncram_kq91:auto_generated|ram_block1a127" File: C:/Users/tomek/Documents/studia/fajerwoll/etapIV/quartus/db/altsyncram_kq91.tdf Line: 2702
Info (12130): Elaborated megafunction instantiation "layer2_cuckoo:u_l2|altsyncram:bank_1_rtl_0|altsyncram_lq91:auto_generated|altsyncram:ram_block1a0" File: C:/Users/tomek/Documents/studia/fajerwoll/etapIV/quartus/db/altsyncram_lq91.tdf Line: 35
Info (12133): Instantiated megafunction "layer2_cuckoo:u_l2|altsyncram:bank_1_rtl_0|altsyncram_lq91:auto_generated|altsyncram:ram_block1a0" with the following parameter: File: C:/Users/tomek/Documents/studia/fajerwoll/etapIV/quartus/db/altsyncram_lq91.tdf Line: 35
    Info (12134): Parameter "LPM_TYPE" = "altsyncram"
    Info (12134): Parameter "OPERATION_MODE" = "ROM"
    Info (12134): Parameter "WIDTH_A" = "128"
    Info (12134): Parameter "WIDTHAD_A" = "13"
    Info (12134): Parameter "NUMWORDS_A" = "8192"
    Info (12134): Parameter "OUTDATA_REG_A" = "UNREGISTERED"
    Info (12134): Parameter "ADDRESS_ACLR_A" = "NONE"
    Info (12134): Parameter "OUTDATA_ACLR_A" = "NONE"
    Info (12134): Parameter "WRCONTROL_ACLR_A" = "NONE"
    Info (12134): Parameter "INDATA_ACLR_A" = "NONE"
    Info (12134): Parameter "BYTEENA_ACLR_A" = "NONE"
    Info (12134): Parameter "CLOCK_ENABLE_INPUT_A" = "BYPASS"
    Info (12134): Parameter "CLOCK_ENABLE_OUTPUT_A" = "BYPASS"
    Info (12134): Parameter "WIDTH_B" = "1"
    Info (12134): Parameter "WIDTHAD_B" = "1"
    Info (12134): Parameter "NUMWORDS_B" = "1"
    Info (12134): Parameter "INDATA_REG_B" = "UNUSED"
    Info (12134): Parameter "WRCONTROL_WRADDRESS_REG_B" = "UNUSED"
    Info (12134): Parameter "RDCONTROL_REG_B" = "UNUSED"
    Info (12134): Parameter "ADDRESS_REG_B" = "UNUSED"
    Info (12134): Parameter "BYTEENA_REG_B" = "UNUSED"
    Info (12134): Parameter "OUTDATA_REG_B" = "UNREGISTERED"
    Info (12134): Parameter "INDATA_ACLR_B" = "NONE"
    Info (12134): Parameter "WRCONTROL_ACLR_B" = "NONE"
    Info (12134): Parameter "ADDRESS_ACLR_B" = "NONE"
    Info (12134): Parameter "OUTDATA_ACLR_B" = "NONE"
    Info (12134): Parameter "RDCONTROL_ACLR_B" = "NONE"
    Info (12134): Parameter "BYTEENA_ACLR_B" = "NONE"
    Info (12134): Parameter "CLOCK_ENABLE_INPUT_B" = "BYPASS"
    Info (12134): Parameter "CLOCK_ENABLE_OUTPUT_B" = "BYPASS"
    Info (12134): Parameter "WIDTH_BYTEENA_A" = "1"
    Info (12134): Parameter "WIDTH_BYTEENA_B" = "1"
    Info (12134): Parameter "RAM_BLOCK_TYPE" = "M9K"
    Info (12134): Parameter "BYTE_SIZE" = "8"
    Info (12134): Parameter "READ_DURING_WRITE_MODE_MIXED_PORTS" = "DONT_CARE"
    Info (12134): Parameter "INIT_FILE" = "db/fajerwoll.ram1_layer2_cuckoo_811a0dac.hdl.mif"
    Info (12134): Parameter "INIT_FILE_LAYOUT" = "PORT_A"
    Info (12134): Parameter "MAXIMUM_DEPTH" = "1024"
    Info (12134): Parameter "ENABLE_RUNTIME_MOD" = "NO"
    Info (12134): Parameter "INSTANCE_NAME" = "UNUSED"
    Info (12134): Parameter "ENABLE_ECC" = "FALSE"
    Info (12134): Parameter "ECCSTATUS_REG" = "UNREGISTERED"
    Info (12134): Parameter "CLOCK_ENABLE_CORE_A" = "BYPASS"
    Info (12134): Parameter "CLOCK_ENABLE_CORE_B" = "BYPASS"
    Info (12134): Parameter "READ_DURING_WRITE_MODE_PORT_A" = "NEW_DATA_WITH_NBE_READ"
    Info (12134): Parameter "READ_DURING_WRITE_MODE_PORT_B" = "NEW_DATA_WITH_NBE_READ"
    Info (12134): Parameter "CLOCK_ENABLE_ECC_STATUS" = "NORMAL"
Info (12021): Found 1 design units, including 1 entities, in source file db/altsyncram_bqa3.tdf
    Info (12023): Found entity 1: altsyncram_bqa3 File: C:/Users/tomek/Documents/studia/fajerwoll/etapIV/quartus/db/altsyncram_bqa3.tdf Line: 32
Info (12021): Found 1 design units, including 1 entities, in source file db/decode_k8a.tdf
    Info (12023): Found entity 1: decode_k8a File: C:/Users/tomek/Documents/studia/fajerwoll/etapIV/quartus/db/decode_k8a.tdf Line: 23
Info (12021): Found 1 design units, including 1 entities, in source file db/mux_eqb.tdf
    Info (12023): Found entity 1: mux_eqb File: C:/Users/tomek/Documents/studia/fajerwoll/etapIV/quartus/db/mux_eqb.tdf Line: 23
Info (12130): Elaborated megafunction instantiation "layer2_cuckoo:u_l2|altsyncram:bank_2_rtl_0|altsyncram_mq91:auto_generated|altsyncram:ram_block1a0" File: C:/Users/tomek/Documents/studia/fajerwoll/etapIV/quartus/db/altsyncram_mq91.tdf Line: 35
Info (12133): Instantiated megafunction "layer2_cuckoo:u_l2|altsyncram:bank_2_rtl_0|altsyncram_mq91:auto_generated|altsyncram:ram_block1a0" with the following parameter: File: C:/Users/tomek/Documents/studia/fajerwoll/etapIV/quartus/db/altsyncram_mq91.tdf Line: 35
    Info (12134): Parameter "LPM_TYPE" = "altsyncram"
    Info (12134): Parameter "OPERATION_MODE" = "ROM"
    Info (12134): Parameter "WIDTH_A" = "128"
    Info (12134): Parameter "WIDTHAD_A" = "13"
    Info (12134): Parameter "NUMWORDS_A" = "8192"
    Info (12134): Parameter "OUTDATA_REG_A" = "UNREGISTERED"
    Info (12134): Parameter "ADDRESS_ACLR_A" = "NONE"
    Info (12134): Parameter "OUTDATA_ACLR_A" = "NONE"
    Info (12134): Parameter "WRCONTROL_ACLR_A" = "NONE"
    Info (12134): Parameter "INDATA_ACLR_A" = "NONE"
    Info (12134): Parameter "BYTEENA_ACLR_A" = "NONE"
    Info (12134): Parameter "CLOCK_ENABLE_INPUT_A" = "BYPASS"
    Info (12134): Parameter "CLOCK_ENABLE_OUTPUT_A" = "BYPASS"
    Info (12134): Parameter "WIDTH_B" = "1"
    Info (12134): Parameter "WIDTHAD_B" = "1"
    Info (12134): Parameter "NUMWORDS_B" = "1"
    Info (12134): Parameter "INDATA_REG_B" = "UNUSED"
    Info (12134): Parameter "WRCONTROL_WRADDRESS_REG_B" = "UNUSED"
    Info (12134): Parameter "RDCONTROL_REG_B" = "UNUSED"
    Info (12134): Parameter "ADDRESS_REG_B" = "UNUSED"
    Info (12134): Parameter "BYTEENA_REG_B" = "UNUSED"
    Info (12134): Parameter "OUTDATA_REG_B" = "UNREGISTERED"
    Info (12134): Parameter "INDATA_ACLR_B" = "NONE"
    Info (12134): Parameter "WRCONTROL_ACLR_B" = "NONE"
    Info (12134): Parameter "ADDRESS_ACLR_B" = "NONE"
    Info (12134): Parameter "OUTDATA_ACLR_B" = "NONE"
    Info (12134): Parameter "RDCONTROL_ACLR_B" = "NONE"
    Info (12134): Parameter "BYTEENA_ACLR_B" = "NONE"
    Info (12134): Parameter "CLOCK_ENABLE_INPUT_B" = "BYPASS"
    Info (12134): Parameter "CLOCK_ENABLE_OUTPUT_B" = "BYPASS"
    Info (12134): Parameter "WIDTH_BYTEENA_A" = "1"
    Info (12134): Parameter "WIDTH_BYTEENA_B" = "1"
    Info (12134): Parameter "RAM_BLOCK_TYPE" = "M9K"
    Info (12134): Parameter "BYTE_SIZE" = "8"
    Info (12134): Parameter "READ_DURING_WRITE_MODE_MIXED_PORTS" = "DONT_CARE"
    Info (12134): Parameter "INIT_FILE" = "db/fajerwoll.ram2_layer2_cuckoo_811a0dac.hdl.mif"
    Info (12134): Parameter "INIT_FILE_LAYOUT" = "PORT_A"
    Info (12134): Parameter "MAXIMUM_DEPTH" = "1024"
    Info (12134): Parameter "ENABLE_RUNTIME_MOD" = "NO"
    Info (12134): Parameter "INSTANCE_NAME" = "UNUSED"
    Info (12134): Parameter "ENABLE_ECC" = "FALSE"
    Info (12134): Parameter "ECCSTATUS_REG" = "UNREGISTERED"
    Info (12134): Parameter "CLOCK_ENABLE_CORE_A" = "BYPASS"
    Info (12134): Parameter "CLOCK_ENABLE_CORE_B" = "BYPASS"
    Info (12134): Parameter "READ_DURING_WRITE_MODE_PORT_A" = "NEW_DATA_WITH_NBE_READ"
    Info (12134): Parameter "READ_DURING_WRITE_MODE_PORT_B" = "NEW_DATA_WITH_NBE_READ"
    Info (12134): Parameter "CLOCK_ENABLE_ECC_STATUS" = "NORMAL"
Info (12021): Found 1 design units, including 1 entities, in source file db/altsyncram_cqa3.tdf
    Info (12023): Found entity 1: altsyncram_cqa3 File: C:/Users/tomek/Documents/studia/fajerwoll/etapIV/quartus/db/altsyncram_cqa3.tdf Line: 32
Info (12130): Elaborated megafunction instantiation "layer2_cuckoo:u_l2|altsyncram:bank_0_rtl_0|altsyncram_kq91:auto_generated|altsyncram:ram_block1a0" File: C:/Users/tomek/Documents/studia/fajerwoll/etapIV/quartus/db/altsyncram_kq91.tdf Line: 35
Info (12133): Instantiated megafunction "layer2_cuckoo:u_l2|altsyncram:bank_0_rtl_0|altsyncram_kq91:auto_generated|altsyncram:ram_block1a0" with the following parameter: File: C:/Users/tomek/Documents/studia/fajerwoll/etapIV/quartus/db/altsyncram_kq91.tdf Line: 35
    Info (12134): Parameter "LPM_TYPE" = "altsyncram"
    Info (12134): Parameter "OPERATION_MODE" = "ROM"
    Info (12134): Parameter "WIDTH_A" = "128"
    Info (12134): Parameter "WIDTHAD_A" = "13"
    Info (12134): Parameter "NUMWORDS_A" = "8192"
    Info (12134): Parameter "OUTDATA_REG_A" = "UNREGISTERED"
    Info (12134): Parameter "ADDRESS_ACLR_A" = "NONE"
    Info (12134): Parameter "OUTDATA_ACLR_A" = "NONE"
    Info (12134): Parameter "WRCONTROL_ACLR_A" = "NONE"
    Info (12134): Parameter "INDATA_ACLR_A" = "NONE"
    Info (12134): Parameter "BYTEENA_ACLR_A" = "NONE"
    Info (12134): Parameter "CLOCK_ENABLE_INPUT_A" = "BYPASS"
    Info (12134): Parameter "CLOCK_ENABLE_OUTPUT_A" = "BYPASS"
    Info (12134): Parameter "WIDTH_B" = "1"
    Info (12134): Parameter "WIDTHAD_B" = "1"
    Info (12134): Parameter "NUMWORDS_B" = "1"
    Info (12134): Parameter "INDATA_REG_B" = "UNUSED"
    Info (12134): Parameter "WRCONTROL_WRADDRESS_REG_B" = "UNUSED"
    Info (12134): Parameter "RDCONTROL_REG_B" = "UNUSED"
    Info (12134): Parameter "ADDRESS_REG_B" = "UNUSED"
    Info (12134): Parameter "BYTEENA_REG_B" = "UNUSED"
    Info (12134): Parameter "OUTDATA_REG_B" = "UNREGISTERED"
    Info (12134): Parameter "INDATA_ACLR_B" = "NONE"
    Info (12134): Parameter "WRCONTROL_ACLR_B" = "NONE"
    Info (12134): Parameter "ADDRESS_ACLR_B" = "NONE"
    Info (12134): Parameter "OUTDATA_ACLR_B" = "NONE"
    Info (12134): Parameter "RDCONTROL_ACLR_B" = "NONE"
    Info (12134): Parameter "BYTEENA_ACLR_B" = "NONE"
    Info (12134): Parameter "CLOCK_ENABLE_INPUT_B" = "BYPASS"
    Info (12134): Parameter "CLOCK_ENABLE_OUTPUT_B" = "BYPASS"
    Info (12134): Parameter "WIDTH_BYTEENA_A" = "1"
    Info (12134): Parameter "WIDTH_BYTEENA_B" = "1"
    Info (12134): Parameter "RAM_BLOCK_TYPE" = "M9K"
    Info (12134): Parameter "BYTE_SIZE" = "8"
    Info (12134): Parameter "READ_DURING_WRITE_MODE_MIXED_PORTS" = "DONT_CARE"
    Info (12134): Parameter "INIT_FILE" = "db/fajerwoll.ram0_layer2_cuckoo_811a0dac.hdl.mif"
    Info (12134): Parameter "INIT_FILE_LAYOUT" = "PORT_A"
    Info (12134): Parameter "MAXIMUM_DEPTH" = "1024"
    Info (12134): Parameter "ENABLE_RUNTIME_MOD" = "NO"
    Info (12134): Parameter "INSTANCE_NAME" = "UNUSED"
    Info (12134): Parameter "ENABLE_ECC" = "FALSE"
    Info (12134): Parameter "ECCSTATUS_REG" = "UNREGISTERED"
    Info (12134): Parameter "CLOCK_ENABLE_CORE_A" = "BYPASS"
    Info (12134): Parameter "CLOCK_ENABLE_CORE_B" = "BYPASS"
    Info (12134): Parameter "READ_DURING_WRITE_MODE_PORT_A" = "NEW_DATA_WITH_NBE_READ"
    Info (12134): Parameter "READ_DURING_WRITE_MODE_PORT_B" = "NEW_DATA_WITH_NBE_READ"
    Info (12134): Parameter "CLOCK_ENABLE_ECC_STATUS" = "NORMAL"
Info (12021): Found 1 design units, including 1 entities, in source file db/altsyncram_aqa3.tdf
    Info (12023): Found entity 1: altsyncram_aqa3 File: C:/Users/tomek/Documents/studia/fajerwoll/etapIV/quartus/db/altsyncram_aqa3.tdf Line: 32
Info (286030): Timing-Driven Synthesis is running
Info (128000): Starting physical synthesis optimizations for speed
Info (332104): Reading SDC File: 'fajerwoll.sdc'
Info (332151): Clock uncertainty is not calculated until you update the timing netlist.
Info (332154): The derive_clock_uncertainty command did not apply clock uncertainty to any clock-to-clock transfers.
Info (332129): Detected timing requirements -- optimizing circuit to achieve only the specified requirements
Info (332111): Found 1 clocks
    Info (332111):   Period   Clock Name
    Info (332111): ======== ============
    Info (332111):    8.000          clk
Info (128002): Starting physical synthesis algorithm register retiming
Info (128003): Physical synthesis algorithm register retiming complete: estimated slack improvement of 2357 ps
Info (128002): Starting physical synthesis algorithm combinational resynthesis using boolean division
Info (128003): Physical synthesis algorithm combinational resynthesis using boolean division complete: estimated slack improvement of 0 ps
Info (128001): Physical synthesis optimizations for speed complete: elapsed time is 00:00:04
Info (16010): Generating hard_block partition "hard_block:auto_generated_inst"
    Info (16011): Adding 0 node(s), including 0 DDIO, 0 PLL, 0 transceiver and 0 LCELL
Info (21057): Implemented 6890 device resources after synthesis - the final resource count might be different
    Info (21058): Implemented 130 input pins
    Info (21059): Implemented 2 output pins
    Info (21061): Implemented 3606 logic cells
    Info (21064): Implemented 3152 RAM segments
Info: Quartus Prime Analysis & Synthesis was successful. 0 errors, 25 warnings
    Info: Peak virtual memory: 5249 megabytes
    Info: Processing ended: Fri Jun 05 14:44:22 2026
    Info: Elapsed time: 00:01:33
    Info: Total CPU time (on all processors): 00:01:38


