c0a8268c0a000001005001bb06000000
00000000000000000000000000000000
00000000000000000000000000000000
c0a823ec0a000001005001bb06000000
c0a8069c0a000001005001bb06000000
00000000000000000000000000000000
c0a816940a000001005001bb06000000
c0a803fc0a000001005001bb06000000
00000000000000000000000000000000
00000000000000000000000000000000
00000000000000000000000000000000
00000000000000000000000000000000
00000000000000000000000000000000
00000000000000000000000000000000
00000000000000000000000000000000
00000000000000000000000000000000
00000000000000000000000000000000
00000000000000000000000000000000
00000000000000000000000000000000
00000000000000000000000000000000
c0a8226f0a000001005001bb06000000
00000000000000000000000000000000
00000000000000000000000000000000
00000000000000000000000000000000
c0a818110a000001005001bb06000000
00000000000000000000000000000000
c0a8242a0a000001005001bb06000000
00000000000000000000000000000000
00000000000000000000000000000000
00000000000000000000000000000000
c0a816560a000001005001bb06000000
c0a81e520a000001005001bb06000000
00000000000000000000000000000000
00000000000000000000000000000000
c0a822f30a000001005001bb06000000
c0a81af70a000001005001bb06000000
00000000000000000000000000000000
00000000000000000000000000000000
00000000000000000000000000000000
00000000000000000000000000000000
c0a823a60a000001005001bb06000000
00000000000000000000000000000000
00000000000000000000000000000000
00000000000000000000000000000000
00000000000000000000000000000000
00000000000000000000000000000000
c0a8178d0a000001005001bb06000000
c0a81ed60a000001005001bb06000000
00000000000000000000000000000000
00000000000000000000000000000000
c0a81b6c0a000001005001bb06000000
c0a823680a000001005001bb06000000
00000000000000000000000000000000
00000000000000000000000000000000
00000000000000000000000000000000
c0a803780a000001005001bb06000000
00000000000000000000000000000000
00000000000000000000000000000000
00000000000000000000000000000000
00000000000000000000000000000000
00000000000000000000000000000000
00000000000000000000000000000000
00000000000000000000000000000000
00000000000000000000000000000000
00000000000000000000000000000000
00000000000000000000000000000000
00000000000000000000000000000000
00000000000000000000000000000000
00000000000000000000000000000000
00000000000000000000000000000000
00000000000000000000000000000000
00000000000000000000000000000000
00000000000000000000000000000000
00000000000000000000000000000000
00000000000000000000000000000000
00000000000000000000000000000000
00000000000000000000000000000000
00000000000000000000000000000000
c0a825db0a000001005001bb06000000
00000000000000000000000000000000
00000000000000000000000000000000
00000000000000000000000000000000
00000000000000000000000000000000
c0a81c630a000001005001bb06000000
00000000000000000000000000000000
00000000000000000000000000000000
c0a826190a000001005001bb06000000
c0a81e1d0a000001005001bb06000000
00000000000000000000000000000000
00000000000000000000000000000000
00000000000000000000000000000000
00000000000000000000000000000000
c0a8245f0a000001005001bb06000000
00000000000000000000000000000000
00000000000000000000000000000000
00000000000000000000000000000000
c0a814eb0a000001005001bb06000000
00000000000000000000000000000000
c0a824e30a000001005001bb06000000
c0a810520a000001005001bb06000000
c0a8184e0a000001005001bb06000000
c0a8204a0a000001005001bb06000000
00000000000000000000000000000000
00000000000000000000000000000000
00000000000000000000000000000000
00000000000000000000000000000000
00000000000000000000000000000000
00000000000000000000000000000000
00000000000000000000000000000000
00000000000000000000000000000000
00000000000000000000000000000000
00000000000000000000000000000000
00000000000000000000000000000000
00000000000000000000000000000000
00000000000000000000000000000000
00000000000000000000000000000000
00000000000000000000000000000000
00000000000000000000000000000000
00000000000000000000000000000000
00000000000000000000000000000000
c0a815290a000001005001bb06000000
00000000000000000000000000000000
00000000000000000000000000000000
00000000000000000000000000000000
c0a825570a000001005001bb06000000
00000000000000000000000000000000
00000000000000000000000000000000
c0a81d5b0a000001005001bb06000000
00000000000000000000000000000000
00000000000000000000000000000000
c0a80e970a000001005001bb06000000
c0a8114b0a000001005001bb06000000
c0a81e8f0a000001005001bb06000000
c0a8268b0a000001005001bb06000000
c0a823eb0a000001005001bb06000000
c0a81bef0a000001005001bb06000000
00000000000000000000000000000000
00000000000000000000000000000000
00000000000000000000000000000000
00000000000000000000000000000000
00000000000000000000000000000000
00000000000000000000000000000000
00000000000000000000000000000000
00000000000000000000000000000000
00000000000000000000000000000000
00000000000000000000000000000000
c0a81fc80a000001005001bb06000000
c0a817cc0a000001005001bb06000000
00000000000000000000000000000000
00000000000000000000000000000000
00000000000000000000000000000000
00000000000000000000000000000000
00000000000000000000000000000000
00000000000000000000000000000000
c0a816550a000001005001bb06000000
c0a81e510a000001005001bb06000000
c0a818120a000001005001bb06000000
c0a810160a000001005001bb06000000
c0a824290a000001005001bb06000000
00000000000000000000000000000000
00000000000000000000000000000000
00000000000000000000000000000000
00000000000000000000000000000000
00000000000000000000000000000000
00000000000000000000000000000000
00000000000000000000000000000000
00000000000000000000000000000000
c0a822f40a000001005001bb06000000
00000000000000000000000000000000
00000000000000000000000000000000
c0a8178e0a000001005001bb06000000
c0a81ed50a000001005001bb06000000
00000000000000000000000000000000
c0a80f920a000001005001bb06000000
c0a813ad0a000001005001bb06000000
c0a81ba90a000001005001bb06000000
00000000000000000000000000000000
00000000000000000000000000000000
c0a81f130a000001005001bb06000000
c0a817170a000001005001bb06000000
c0a823670a000001005001bb06000000
c0a8270f0a000001005001bb06000000
c0a8136f0a000001005001bb06000000
c0a81b6b0a000001005001bb06000000
00000000000000000000000000000000
00000000000000000000000000000000
00000000000000000000000000000000
00000000000000000000000000000000
00000000000000000000000000000000
00000000000000000000000000000000
00000000000000000000000000000000
00000000000000000000000000000000
00000000000000000000000000000000
00000000000000000000000000000000
00000000000000000000000000000000
00000000000000000000000000000000
00000000000000000000000000000000
00000000000000000000000000000000
00000000000000000000000000000000
00000000000000000000000000000000
00000000000000000000000000000000
00000000000000000000000000000000
c0a825da0a000001005001bb06000000
00000000000000000000000000000000
c0a804ac0a000001005001bb06000000
00000000000000000000000000000000
00000000000000000000000000000000
00000000000000000000000000000000
00000000000000000000000000000000
00000000000000000000000000000000
c0a826180a000001005001bb06000000
c0a81e1c0a000001005001bb06000000
00000000000000000000000000000000
00000000000000000000000000000000
00000000000000000000000000000000
00000000000000000000000000000000
c0a8245e0a000001005001bb06000000
00000000000000000000000000000000
00000000000000000000000000000000
00000000000000000000000000000000
00000000000000000000000000000000
00000000000000000000000000000000
c0a806280a000001005001bb06000000
00000000000000000000000000000000
c0a8184f0a000001005001bb06000000
c0a8204b0a000001005001bb06000000
00000000000000000000000000000000
00000000000000000000000000000000
c0a814ea0a000001005001bb06000000
00000000000000000000000000000000
c0a824e20a000001005001bb06000000
00000000000000000000000000000000
00000000000000000000000000000000
00000000000000000000000000000000
00000000000000000000000000000000
00000000000000000000000000000000
c0a805a40a000001005001bb06000000
00000000000000000000000000000000
00000000000000000000000000000000
00000000000000000000000000000000
00000000000000000000000000000000
00000000000000000000000000000000
00000000000000000000000000000000
00000000000000000000000000000000
00000000000000000000000000000000
00000000000000000000000000000000
00000000000000000000000000000000
00000000000000000000000000000000
c0a825560a000001005001bb06000000
00000000000000000000000000000000
c0a805300a000001005001bb06000000
00000000000000000000000000000000
c0a815280a000001005001bb06000000
00000000000000000000000000000000
00000000000000000000000000000000
00000000000000000000000000000000
00000000000000000000000000000000
00000000000000000000000000000000
00000000000000000000000000000000
00000000000000000000000000000000
c0a822af0a000001005001bb06000000
00000000000000000000000000000000
00000000000000000000000000000000
00000000000000000000000000000000
c0a8268e0a000001005001bb06000000
00000000000000000000000000000000
00000000000000000000000000000000
c0a81bee0a000001005001bb06000000
c0a813f20a000001005001bb06000000
00000000000000000000000000000000
c0a816960a000001005001bb06000000
c0a819480a000001005001bb06000000
c0a8264c0a000001005001bb06000000
00000000000000000000000000000000
00000000000000000000000000000000
c0a8242c0a000001005001bb06000000
c0a8065c0a000001005001bb06000000
00000000000000000000000000000000
c0a816540a000001005001bb06000000
c0a8043c0a000001005001bb06000000
00000000000000000000000000000000
00000000000000000000000000000000
00000000000000000000000000000000
00000000000000000000000000000000
c0a8226d0a000001005001bb06000000
00000000000000000000000000000000
c0a81fc90a000001005001bb06000000
c0a817cd0a000001005001bb06000000
00000000000000000000000000000000
00000000000000000000000000000000
00000000000000000000000000000000
c0a823a80a000001005001bb06000000
00000000000000000000000000000000
00000000000000000000000000000000
c0a826d00a000001005001bb06000000
c0a803b80a000001005001bb06000000
00000000000000000000000000000000
00000000000000000000000000000000
c0a806e00a000001005001bb06000000
c0a81af50a000001005001bb06000000
00000000000000000000000000000000
00000000000000000000000000000000
00000000000000000000000000000000
00000000000000000000000000000000
00000000000000000000000000000000
00000000000000000000000000000000
c0a823330a000001005001bb06000000
00000000000000000000000000000000
00000000000000000000000000000000
00000000000000000000000000000000
00000000000000000000000000000000
00000000000000000000000000000000
00000000000000000000000000000000
00000000000000000000000000000000
c0a8136e0a000001005001bb06000000
c0a81b6a0a000001005001bb06000000
00000000000000000000000000000000
00000000000000000000000000000000
00000000000000000000000000000000
c0a81f160a000001005001bb06000000
00000000000000000000000000000000
00000000000000000000000000000000
00000000000000000000000000000000
00000000000000000000000000000000
00000000000000000000000000000000
00000000000000000000000000000000
c0a825d90a000001005001bb06000000
00000000000000000000000000000000
00000000000000000000000000000000
00000000000000000000000000000000
00000000000000000000000000000000
00000000000000000000000000000000
00000000000000000000000000000000
00000000000000000000000000000000
00000000000000000000000000000000
00000000000000000000000000000000
00000000000000000000000000000000
00000000000000000000000000000000
00000000000000000000000000000000
00000000000000000000000000000000
c0a8245d0a000001005001bb06000000
00000000000000000000000000000000
00000000000000000000000000000000
00000000000000000000000000000000
00000000000000000000000000000000
00000000000000000000000000000000
00000000000000000000000000000000
00000000000000000000000000000000
00000000000000000000000000000000
00000000000000000000000000000000
c0a8261b0a000001005001bb06000000
c0a81e1f0a000001005001bb06000000
00000000000000000000000000000000
00000000000000000000000000000000
00000000000000000000000000000000
00000000000000000000000000000000
00000000000000000000000000000000
00000000000000000000000000000000
00000000000000000000000000000000
00000000000000000000000000000000
c0a814e90a000001005001bb06000000
00000000000000000000000000000000
c0a824e10a000001005001bb06000000
c0a818500a000001005001bb06000000
c0a8204c0a000001005001bb06000000
00000000000000000000000000000000
00000000000000000000000000000000
00000000000000000000000000000000
c0a8152b0a000001005001bb06000000
00000000000000000000000000000000
00000000000000000000000000000000
00000000000000000000000000000000
c0a825550a000001005001bb06000000
00000000000000000000000000000000
00000000000000000000000000000000
00000000000000000000000000000000
00000000000000000000000000000000
00000000000000000000000000000000
00000000000000000000000000000000
00000000000000000000000000000000
00000000000000000000000000000000
00000000000000000000000000000000
00000000000000000000000000000000
00000000000000000000000000000000
00000000000000000000000000000000
00000000000000000000000000000000
00000000000000000000000000000000
00000000000000000000000000000000
00000000000000000000000000000000
00000000000000000000000000000000
00000000000000000000000000000000
c0a822b00a000001005001bb06000000
c0a813f10a000001005001bb06000000
00000000000000000000000000000000
c0a816950a000001005001bb06000000
c0a819490a000001005001bb06000000
c0a8268d0a000001005001bb06000000
00000000000000000000000000000000
c0a823e90a000001005001bb06000000
00000000000000000000000000000000
00000000000000000000000000000000
00000000000000000000000000000000
c0a80e570a000001005001bb06000000
c0a816530a000001005001bb06000000
c0a818100a000001005001bb06000000
c0a8264b0a000001005001bb06000000
c0a8242b0a000001005001bb06000000
c0a81c2f0a000001005001bb06000000
c0a8226e0a000001005001bb06000000
00000000000000000000000000000000
c0a81fca0a000001005001bb06000000
c0a817ce0a000001005001bb06000000
c0a80fd20a000001005001bb06000000
00000000000000000000000000000000
00000000000000000000000000000000
00000000000000000000000000000000
00000000000000000000000000000000
00000000000000000000000000000000
c0a8178c0a000001005001bb06000000
c0a816d70a000001005001bb06000000
c0a823a70a000001005001bb06000000
c0a826cf0a000001005001bb06000000
00000000000000000000000000000000
c0a81bab0a000001005001bb06000000
00000000000000000000000000000000
00000000000000000000000000000000
00000000000000000000000000000000
00000000000000000000000000000000
00000000000000000000000000000000
00000000000000000000000000000000
c0a822f20a000001005001bb06000000
c0a81af60a000001005001bb06000000
00000000000000000000000000000000
00000000000000000000000000000000
00000000000000000000000000000000
00000000000000000000000000000000
00000000000000000000000000000000
00000000000000000000000000000000
00000000000000000000000000000000
c0a823340a000001005001bb06000000
00000000000000000000000000000000
00000000000000000000000000000000
00000000000000000000000000000000
c0a81f150a000001005001bb06000000
00000000000000000000000000000000
00000000000000000000000000000000
c0a8136d0a000001005001bb06000000
c0a81b690a000001005001bb06000000
00000000000000000000000000000000
00000000000000000000000000000000
c0a825d80a000001005001bb06000000
00000000000000000000000000000000
00000000000000000000000000000000
00000000000000000000000000000000
00000000000000000000000000000000
00000000000000000000000000000000
00000000000000000000000000000000
00000000000000000000000000000000
00000000000000000000000000000000
00000000000000000000000000000000
00000000000000000000000000000000
00000000000000000000000000000000
c0a805e80a000001005001bb06000000
00000000000000000000000000000000
c0a8245c0a000001005001bb06000000
00000000000000000000000000000000
00000000000000000000000000000000
00000000000000000000000000000000
00000000000000000000000000000000
00000000000000000000000000000000
00000000000000000000000000000000
00000000000000000000000000000000
00000000000000000000000000000000
00000000000000000000000000000000
c0a8261a0a000001005001bb06000000
c0a81e1e0a000001005001bb06000000
c0a8046c0a000001005001bb06000000
00000000000000000000000000000000
00000000000000000000000000000000
00000000000000000000000000000000
00000000000000000000000000000000
00000000000000000000000000000000
00000000000000000000000000000000
00000000000000000000000000000000
00000000000000000000000000000000
00000000000000000000000000000000
00000000000000000000000000000000
00000000000000000000000000000000
c0a8204d0a000001005001bb06000000
00000000000000000000000000000000
c0a804f00a000001005001bb06000000
00000000000000000000000000000000
c0a814e80a000001005001bb06000000
00000000000000000000000000000000
c0a824e00a000001005001bb06000000
c0a818510a000001005001bb06000000
c0a825540a000001005001bb06000000
00000000000000000000000000000000
00000000000000000000000000000000
00000000000000000000000000000000
c0a8152a0a000001005001bb06000000
00000000000000000000000000000000
00000000000000000000000000000000
00000000000000000000000000000000
00000000000000000000000000000000
00000000000000000000000000000000
00000000000000000000000000000000
00000000000000000000000000000000
c0a805640a000001005001bb06000000
00000000000000000000000000000000
00000000000000000000000000000000
00000000000000000000000000000000
00000000000000000000000000000000
00000000000000000000000000000000
00000000000000000000000000000000
00000000000000000000000000000000
00000000000000000000000000000000
00000000000000000000000000000000
c0a81fcb0a000001005001bb06000000
c0a817cf0a000001005001bb06000000
00000000000000000000000000000000
c0a824260a000001005001bb06000000
00000000000000000000000000000000
00000000000000000000000000000000
00000000000000000000000000000000
00000000000000000000000000000000
c0a81e560a000001005001bb06000000
c0a8180d0a000001005001bb06000000
00000000000000000000000000000000
00000000000000000000000000000000
c0a823e80a000001005001bb06000000
00000000000000000000000000000000
c0a813f00a000001005001bb06000000
00000000000000000000000000000000
c0a803f80a000001005001bb06000000
c0a826900a000001005001bb06000000
00000000000000000000000000000000
00000000000000000000000000000000
00000000000000000000000000000000
c0a806a00a000001005001bb06000000
00000000000000000000000000000000
00000000000000000000000000000000
00000000000000000000000000000000
00000000000000000000000000000000
00000000000000000000000000000000
c0a8270c0a000001005001bb06000000
c0a8236c0a000001005001bb06000000
00000000000000000000000000000000
c0a813740a000001005001bb06000000
c0a81b700a000001005001bb06000000
c0a8037c0a000001005001bb06000000
c0a817140a000001005001bb06000000
00000000000000000000000000000000
00000000000000000000000000000000
00000000000000000000000000000000
00000000000000000000000000000000
00000000000000000000000000000000
00000000000000000000000000000000
00000000000000000000000000000000
00000000000000000000000000000000
00000000000000000000000000000000
00000000000000000000000000000000
c0a81af30a000001005001bb06000000
c0a812f70a000001005001bb06000000
00000000000000000000000000000000
c0a822ef0a000001005001bb06000000
00000000000000000000000000000000
00000000000000000000000000000000
00000000000000000000000000000000
c0a817910a000001005001bb06000000
00000000000000000000000000000000
c0a823aa0a000001005001bb06000000
00000000000000000000000000000000
00000000000000000000000000000000
c0a81ed20a000001005001bb06000000
c0a816d60a000001005001bb06000000
00000000000000000000000000000000
c0a8146b0a000001005001bb06000000
c0a81c670a000001005001bb06000000
c0a824630a000001005001bb06000000
00000000000000000000000000000000
c0a826150a000001005001bb06000000
c0a81e190a000001005001bb06000000
c0a8161d0a000001005001bb06000000
00000000000000000000000000000000
00000000000000000000000000000000
00000000000000000000000000000000
00000000000000000000000000000000
00000000000000000000000000000000
00000000000000000000000000000000
00000000000000000000000000000000
00000000000000000000000000000000
00000000000000000000000000000000
00000000000000000000000000000000
00000000000000000000000000000000
00000000000000000000000000000000
00000000000000000000000000000000
00000000000000000000000000000000
00000000000000000000000000000000
00000000000000000000000000000000
00000000000000000000000000000000
c0a814a90a000001005001bb06000000
00000000000000000000000000000000
00000000000000000000000000000000
00000000000000000000000000000000
c0a825d70a000001005001bb06000000
00000000000000000000000000000000
00000000000000000000000000000000
00000000000000000000000000000000
00000000000000000000000000000000
00000000000000000000000000000000
00000000000000000000000000000000
00000000000000000000000000000000
c0a8251d0a000001005001bb06000000
00000000000000000000000000000000
00000000000000000000000000000000
00000000000000000000000000000000
00000000000000000000000000000000
00000000000000000000000000000000
00000000000000000000000000000000
00000000000000000000000000000000
00000000000000000000000000000000
c0a81d5f0a000001005001bb06000000
c0a8255b0a000001005001bb06000000
00000000000000000000000000000000
00000000000000000000000000000000
c0a81ce30a000001005001bb06000000
00000000000000000000000000000000
00000000000000000000000000000000
c0a8184a0a000001005001bb06000000
00000000000000000000000000000000
00000000000000000000000000000000
00000000000000000000000000000000
00000000000000000000000000000000
00000000000000000000000000000000
00000000000000000000000000000000
00000000000000000000000000000000
c0a824df0a000001005001bb06000000
00000000000000000000000000000000
00000000000000000000000000000000
00000000000000000000000000000000
00000000000000000000000000000000
00000000000000000000000000000000
c0a81fcc0a000001005001bb06000000
c0a817d00a000001005001bb06000000
00000000000000000000000000000000
00000000000000000000000000000000
00000000000000000000000000000000
00000000000000000000000000000000
00000000000000000000000000000000
c0a81e550a000001005001bb06000000
c0a8180e0a000001005001bb06000000
c0a810120a000001005001bb06000000
00000000000000000000000000000000
c0a81c290a000001005001bb06000000
c0a8142d0a000001005001bb06000000
00000000000000000000000000000000
00000000000000000000000000000000
c0a816970a000001005001bb06000000
c0a81e930a000001005001bb06000000
c0a8268f0a000001005001bb06000000
00000000000000000000000000000000
c0a81beb0a000001005001bb06000000
c0a813ef0a000001005001bb06000000
00000000000000000000000000000000
00000000000000000000000000000000
00000000000000000000000000000000
00000000000000000000000000000000
00000000000000000000000000000000
00000000000000000000000000000000
00000000000000000000000000000000
00000000000000000000000000000000
00000000000000000000000000000000
00000000000000000000000000000000
c0a817130a000001005001bb06000000
c0a80f170a000001005001bb06000000
c0a8270b0a000001005001bb06000000
c0a81f0f0a000001005001bb06000000
c0a81b6f0a000001005001bb06000000
c0a8236b0a000001005001bb06000000
00000000000000000000000000000000
00000000000000000000000000000000
00000000000000000000000000000000
00000000000000000000000000000000
00000000000000000000000000000000
00000000000000000000000000000000
00000000000000000000000000000000
00000000000000000000000000000000
00000000000000000000000000000000
00000000000000000000000000000000
00000000000000000000000000000000
00000000000000000000000000000000
00000000000000000000000000000000
00000000000000000000000000000000
c0a822f00a000001005001bb06000000
c0a81af40a000001005001bb06000000
00000000000000000000000000000000
00000000000000000000000000000000
c0a81ed10a000001005001bb06000000
c0a816d50a000001005001bb06000000
c0a80f960a000001005001bb06000000
c0a817920a000001005001bb06000000
00000000000000000000000000000000
c0a823a90a000001005001bb06000000
00000000000000000000000000000000
c0a826140a000001005001bb06000000
00000000000000000000000000000000
00000000000000000000000000000000
00000000000000000000000000000000
c0a8146a0a000001005001bb06000000
00000000000000000000000000000000
c0a824620a000001005001bb06000000
00000000000000000000000000000000
00000000000000000000000000000000
00000000000000000000000000000000
00000000000000000000000000000000
00000000000000000000000000000000
c0a806240a000001005001bb06000000
00000000000000000000000000000000
00000000000000000000000000000000
00000000000000000000000000000000
00000000000000000000000000000000
00000000000000000000000000000000
00000000000000000000000000000000
00000000000000000000000000000000
00000000000000000000000000000000
00000000000000000000000000000000
00000000000000000000000000000000
00000000000000000000000000000000
c0a825d60a000001005001bb06000000
00000000000000000000000000000000
c0a804b00a000001005001bb06000000
00000000000000000000000000000000
c0a814a80a000001005001bb06000000
00000000000000000000000000000000
00000000000000000000000000000000
00000000000000000000000000000000
c0a8251c0a000001005001bb06000000
00000000000000000000000000000000
00000000000000000000000000000000
00000000000000000000000000000000
00000000000000000000000000000000
00000000000000000000000000000000
00000000000000000000000000000000
00000000000000000000000000000000
00000000000000000000000000000000
00000000000000000000000000000000
c0a8255a0a000001005001bb06000000
00000000000000000000000000000000
c0a8052c0a000001005001bb06000000
00000000000000000000000000000000
00000000000000000000000000000000
00000000000000000000000000000000
c0a8184b0a000001005001bb06000000
00000000000000000000000000000000
00000000000000000000000000000000
00000000000000000000000000000000
00000000000000000000000000000000
00000000000000000000000000000000
00000000000000000000000000000000
00000000000000000000000000000000
c0a824de0a000001005001bb06000000
00000000000000000000000000000000
00000000000000000000000000000000
00000000000000000000000000000000
00000000000000000000000000000000
00000000000000000000000000000000
c0a805a80a000001005001bb06000000
00000000000000000000000000000000
00000000000000000000000000000000
c0a824280a000001005001bb06000000
00000000000000000000000000000000
00000000000000000000000000000000
00000000000000000000000000000000
c0a804380a000001005001bb06000000
c0a826500a000001005001bb06000000
c0a817d10a000001005001bb06000000
00000000000000000000000000000000
00000000000000000000000000000000
c0a806600a000001005001bb06000000
00000000000000000000000000000000
00000000000000000000000000000000
00000000000000000000000000000000
c0a81fcd0a000001005001bb06000000
00000000000000000000000000000000
00000000000000000000000000000000
00000000000000000000000000000000
c0a822b30a000001005001bb06000000
00000000000000000000000000000000
00000000000000000000000000000000
00000000000000000000000000000000
00000000000000000000000000000000
00000000000000000000000000000000
00000000000000000000000000000000
c0a81bea0a000001005001bb06000000
00000000000000000000000000000000
c0a80bf20a000001005001bb06000000
00000000000000000000000000000000
c0a81e960a000001005001bb06000000
c0a811480a000001005001bb06000000
00000000000000000000000000000000
00000000000000000000000000000000
00000000000000000000000000000000
00000000000000000000000000000000
00000000000000000000000000000000
c0a8232f0a000001005001bb06000000
00000000000000000000000000000000
00000000000000000000000000000000
00000000000000000000000000000000
c0a8270e0a000001005001bb06000000
c0a81b6e0a000001005001bb06000000
c0a8236a0a000001005001bb06000000
00000000000000000000000000000000
00000000000000000000000000000000
c0a81f120a000001005001bb06000000
c0a817160a000001005001bb06000000
00000000000000000000000000000000
c0a826cc0a000001005001bb06000000
c0a823ac0a000001005001bb06000000
00000000000000000000000000000000
00000000000000000000000000000000
c0a806dc0a000001005001bb06000000
c0a803bc0a000001005001bb06000000
c0a816d40a000001005001bb06000000
00000000000000000000000000000000
00000000000000000000000000000000
c0a81af10a000001005001bb06000000
00000000000000000000000000000000
00000000000000000000000000000000
c0a822ed0a000001005001bb06000000
00000000000000000000000000000000
00000000000000000000000000000000
00000000000000000000000000000000
00000000000000000000000000000000
00000000000000000000000000000000
00000000000000000000000000000000
00000000000000000000000000000000
00000000000000000000000000000000
00000000000000000000000000000000
00000000000000000000000000000000
00000000000000000000000000000000
c0a814690a000001005001bb06000000
00000000000000000000000000000000
c0a824610a000001005001bb06000000
00000000000000000000000000000000
c0a826170a000001005001bb06000000
00000000000000000000000000000000
00000000000000000000000000000000
00000000000000000000000000000000
c0a814ab0a000001005001bb06000000
00000000000000000000000000000000
00000000000000000000000000000000
00000000000000000000000000000000
c0a825d50a000001005001bb06000000
00000000000000000000000000000000
00000000000000000000000000000000
00000000000000000000000000000000
c0a821f60a000001005001bb06000000
00000000000000000000000000000000
00000000000000000000000000000000
00000000000000000000000000000000
00000000000000000000000000000000
00000000000000000000000000000000
00000000000000000000000000000000
00000000000000000000000000000000
00000000000000000000000000000000
00000000000000000000000000000000
00000000000000000000000000000000
00000000000000000000000000000000
00000000000000000000000000000000
00000000000000000000000000000000
c0a825590a000001005001bb06000000
00000000000000000000000000000000
00000000000000000000000000000000
00000000000000000000000000000000
00000000000000000000000000000000
00000000000000000000000000000000
c0a8251f0a000001005001bb06000000
00000000000000000000000000000000
00000000000000000000000000000000
00000000000000000000000000000000
00000000000000000000000000000000
00000000000000000000000000000000
00000000000000000000000000000000
00000000000000000000000000000000
c0a824dd0a000001005001bb06000000
00000000000000000000000000000000
00000000000000000000000000000000
00000000000000000000000000000000
00000000000000000000000000000000
00000000000000000000000000000000
00000000000000000000000000000000
c0a8184c0a000001005001bb06000000
c0a820480a000001005001bb06000000
00000000000000000000000000000000
00000000000000000000000000000000
00000000000000000000000000000000
00000000000000000000000000000000
c0a816570a000001005001bb06000000
c0a8180c0a000001005001bb06000000
c0a8264f0a000001005001bb06000000
c0a824270a000001005001bb06000000
c0a81c2b0a000001005001bb06000000
00000000000000000000000000000000
00000000000000000000000000000000
00000000000000000000000000000000
00000000000000000000000000000000
c0a81fce0a000001005001bb06000000
c0a817d20a000001005001bb06000000
c0a80fd60a000001005001bb06000000
00000000000000000000000000000000
00000000000000000000000000000000
00000000000000000000000000000000
00000000000000000000000000000000
00000000000000000000000000000000
00000000000000000000000000000000
00000000000000000000000000000000
00000000000000000000000000000000
c0a822b40a000001005001bb06000000
00000000000000000000000000000000
00000000000000000000000000000000
00000000000000000000000000000000
c0a81e950a000001005001bb06000000
c0a811490a000001005001bb06000000
00000000000000000000000000000000
c0a823e50a000001005001bb06000000
c0a81be90a000001005001bb06000000
c0a813ed0a000001005001bb06000000
00000000000000000000000000000000
00000000000000000000000000000000
00000000000000000000000000000000
00000000000000000000000000000000
00000000000000000000000000000000
00000000000000000000000000000000
c0a823300a000001005001bb06000000
00000000000000000000000000000000
00000000000000000000000000000000
00000000000000000000000000000000
c0a81f110a000001005001bb06000000
c0a817150a000001005001bb06000000
00000000000000000000000000000000
c0a8270d0a000001005001bb06000000
c0a81b6d0a000001005001bb06000000
c0a823690a000001005001bb06000000
00000000000000000000000000000000
00000000000000000000000000000000
c0a816d30a000001005001bb06000000
c0a80ed70a000001005001bb06000000
c0a826cb0a000001005001bb06000000
c0a817900a000001005001bb06000000
c0a81baf0a000001005001bb06000000
c0a823ab0a000001005001bb06000000
00000000000000000000000000000000
c0a822ee0a000001005001bb06000000
00000000000000000000000000000000
00000000000000000000000000000000
00000000000000000000000000000000
00000000000000000000000000000000
c0a81af20a000001005001bb06000000
00000000000000000000000000000000
00000000000000000000000000000000
00000000000000000000000000000000
00000000000000000000000000000000
00000000000000000000000000000000
00000000000000000000000000000000
00000000000000000000000000000000
00000000000000000000000000000000
00000000000000000000000000000000
00000000000000000000000000000000
c0a826160a000001005001bb06000000
c0a81e1a0a000001005001bb06000000
c0a804700a000001005001bb06000000
00000000000000000000000000000000
c0a814680a000001005001bb06000000
00000000000000000000000000000000
c0a824600a000001005001bb06000000
00000000000000000000000000000000
c0a825d40a000001005001bb06000000
00000000000000000000000000000000
00000000000000000000000000000000
00000000000000000000000000000000
c0a814aa0a000001005001bb06000000
00000000000000000000000000000000
00000000000000000000000000000000
00000000000000000000000000000000
00000000000000000000000000000000
00000000000000000000000000000000
00000000000000000000000000000000
00000000000000000000000000000000
c0a805e40a000001005001bb06000000
00000000000000000000000000000000
00000000000000000000000000000000
00000000000000000000000000000000
00000000000000000000000000000000
00000000000000000000000000000000
c0a825580a000001005001bb06000000
00000000000000000000000000000000
00000000000000000000000000000000
00000000000000000000000000000000
00000000000000000000000000000000
00000000000000000000000000000000
c0a8251e0a000001005001bb06000000
00000000000000000000000000000000
00000000000000000000000000000000
00000000000000000000000000000000
00000000000000000000000000000000
00000000000000000000000000000000
c0a805680a000001005001bb06000000
00000000000000000000000000000000
c0a824dc0a000001005001bb06000000
00000000000000000000000000000000
00000000000000000000000000000000
00000000000000000000000000000000
00000000000000000000000000000000
00000000000000000000000000000000
00000000000000000000000000000000
c0a8184d0a000001005001bb06000000
c0a820490a000001005001bb06000000
00000000000000000000000000000000
00000000000000000000000000000000
00000000000000000000000000000000
c0a804ec0a000001005001bb06000000
00000000000000000000000000000000
00000000000000000000000000000000
00000000000000000000000000000000
00000000000000000000000000000000
00000000000000000000000000000000
00000000000000000000000000000000
00000000000000000000000000000000
00000000000000000000000000000000
00000000000000000000000000000000
00000000000000000000000000000000
00000000000000000000000000000000
00000000000000000000000000000000
00000000000000000000000000000000
00000000000000000000000000000000
c0a826da0a000001005001bb06000000
00000000000000000000000000000000
00000000000000000000000000000000
00000000000000000000000000000000
00000000000000000000000000000000
c0a823600a000001005001bb06000000
00000000000000000000000000000000
c0a813680a000001005001bb06000000
00000000000000000000000000000000
c0a81f1c0a000001005001bb06000000
00000000000000000000000000000000
00000000000000000000000000000000
00000000000000000000000000000000
00000000000000000000000000000000
00000000000000000000000000000000
00000000000000000000000000000000
00000000000000000000000000000000
00000000000000000000000000000000
00000000000000000000000000000000
00000000000000000000000000000000
00000000000000000000000000000000
c0a811520a000001005001bb06000000
c0a81be80a000001005001bb06000000
c0a813ec0a000001005001bb06000000
00000000000000000000000000000000
c0a803f40a000001005001bb06000000
c0a8194e0a000001005001bb06000000
c0a8214a0a000001005001bb06000000
00000000000000000000000000000000
00000000000000000000000000000000
c0a806a40a000001005001bb06000000
00000000000000000000000000000000
00000000000000000000000000000000
00000000000000000000000000000000
00000000000000000000000000000000
00000000000000000000000000000000
00000000000000000000000000000000
00000000000000000000000000000000
c0a822770a000001005001bb06000000
00000000000000000000000000000000
00000000000000000000000000000000
00000000000000000000000000000000
00000000000000000000000000000000
00000000000000000000000000000000
00000000000000000000000000000000
00000000000000000000000000000000
c0a8142a0a000001005001bb06000000
00000000000000000000000000000000
00000000000000000000000000000000
00000000000000000000000000000000
c0a826560a000001005001bb06000000
00000000000000000000000000000000
c0a824eb0a000001005001bb06000000
c0a81cef0a000001005001bb06000000
c0a8258d0a000001005001bb06000000
00000000000000000000000000000000
c0a815950a000001005001bb06000000
c0a8104a0a000001005001bb06000000
00000000000000000000000000000000
00000000000000000000000000000000
00000000000000000000000000000000
00000000000000000000000000000000
00000000000000000000000000000000
00000000000000000000000000000000
00000000000000000000000000000000
00000000000000000000000000000000
00000000000000000000000000000000
00000000000000000000000000000000
00000000000000000000000000000000
00000000000000000000000000000000
00000000000000000000000000000000
00000000000000000000000000000000
00000000000000000000000000000000
00000000000000000000000000000000
00000000000000000000000000000000
00000000000000000000000000000000
c0a825290a000001005001bb06000000
00000000000000000000000000000000
c0a819100a000001005001bb06000000
00000000000000000000000000000000
c0a815570a000001005001bb06000000
c0a81d530a000001005001bb06000000
00000000000000000000000000000000
00000000000000000000000000000000
00000000000000000000000000000000
c0a821f40a000001005001bb06000000
00000000000000000000000000000000
00000000000000000000000000000000
00000000000000000000000000000000
00000000000000000000000000000000
00000000000000000000000000000000
00000000000000000000000000000000
c0a814ad0a000001005001bb06000000
c0a81ca90a000001005001bb06000000
00000000000000000000000000000000
00000000000000000000000000000000
c0a8188c0a000001005001bb06000000
c0a81dd70a000001005001bb06000000
00000000000000000000000000000000
00000000000000000000000000000000
c0a8146f0a000001005001bb06000000
c0a81c6b0a000001005001bb06000000
c0a824670a000001005001bb06000000
00000000000000000000000000000000
c0a826110a000001005001bb06000000
c0a81e150a000001005001bb06000000
00000000000000000000000000000000
00000000000000000000000000000000
00000000000000000000000000000000
00000000000000000000000000000000
00000000000000000000000000000000
00000000000000000000000000000000
00000000000000000000000000000000
00000000000000000000000000000000
00000000000000000000000000000000
00000000000000000000000000000000
00000000000000000000000000000000
00000000000000000000000000000000
00000000000000000000000000000000
00000000000000000000000000000000
00000000000000000000000000000000
00000000000000000000000000000000
00000000000000000000000000000000
00000000000000000000000000000000
c0a826d90a000001005001bb06000000
00000000000000000000000000000000
00000000000000000000000000000000
00000000000000000000000000000000
00000000000000000000000000000000
00000000000000000000000000000000
00000000000000000000000000000000
00000000000000000000000000000000
c0a81f1b0a000001005001bb06000000
c0a8171f0a000001005001bb06000000
00000000000000000000000000000000
00000000000000000000000000000000
00000000000000000000000000000000
00000000000000000000000000000000
00000000000000000000000000000000
00000000000000000000000000000000
00000000000000000000000000000000
00000000000000000000000000000000
c0a8235f0a000001005001bb06000000
00000000000000000000000000000000
00000000000000000000000000000000
00000000000000000000000000000000
00000000000000000000000000000000
00000000000000000000000000000000
00000000000000000000000000000000
00000000000000000000000000000000
c0a8194f0a000001005001bb06000000
c0a8214b0a000001005001bb06000000
c0a823e30a000001005001bb06000000
c0a81be70a000001005001bb06000000
c0a813eb0a000001005001bb06000000
00000000000000000000000000000000
00000000000000000000000000000000
00000000000000000000000000000000
00000000000000000000000000000000
00000000000000000000000000000000
00000000000000000000000000000000
00000000000000000000000000000000
00000000000000000000000000000000
00000000000000000000000000000000
00000000000000000000000000000000
00000000000000000000000000000000
00000000000000000000000000000000
00000000000000000000000000000000
00000000000000000000000000000000
00000000000000000000000000000000
00000000000000000000000000000000
00000000000000000000000000000000
00000000000000000000000000000000
00000000000000000000000000000000
c0a826550a000001005001bb06000000
00000000000000000000000000000000
00000000000000000000000000000000
00000000000000000000000000000000
c0a814290a000001005001bb06000000
00000000000000000000000000000000
c0a815940a000001005001bb06000000
c0a8104b0a000001005001bb06000000
c0a8059c0a000001005001bb06000000
00000000000000000000000000000000
c0a824ea0a000001005001bb06000000
c0a81cee0a000001005001bb06000000
c0a8258c0a000001005001bb06000000
00000000000000000000000000000000
00000000000000000000000000000000
00000000000000000000000000000000
c0a821af0a000001005001bb06000000
00000000000000000000000000000000
00000000000000000000000000000000
00000000000000000000000000000000
00000000000000000000000000000000
00000000000000000000000000000000
00000000000000000000000000000000
00000000000000000000000000000000
00000000000000000000000000000000
00000000000000000000000000000000
00000000000000000000000000000000
00000000000000000000000000000000
00000000000000000000000000000000
00000000000000000000000000000000
c0a805380a000001005001bb06000000
c0a81d520a000001005001bb06000000
00000000000000000000000000000000
00000000000000000000000000000000
c0a825280a000001005001bb06000000
00000000000000000000000000000000
c0a819110a000001005001bb06000000
00000000000000000000000000000000
00000000000000000000000000000000
00000000000000000000000000000000
00000000000000000000000000000000
00000000000000000000000000000000
00000000000000000000000000000000
c0a821f50a000001005001bb06000000
00000000000000000000000000000000
00000000000000000000000000000000
c0a8188d0a000001005001bb06000000
c0a81dd60a000001005001bb06000000
c0a804b40a000001005001bb06000000
00000000000000000000000000000000
c0a814ac0a000001005001bb06000000
c0a81ca80a000001005001bb06000000
00000000000000000000000000000000
00000000000000000000000000000000
c0a826100a000001005001bb06000000
c0a81e140a000001005001bb06000000
00000000000000000000000000000000
00000000000000000000000000000000
c0a8146e0a000001005001bb06000000
c0a81c6a0a000001005001bb06000000
c0a824660a000001005001bb06000000
00000000000000000000000000000000
00000000000000000000000000000000
00000000000000000000000000000000
00000000000000000000000000000000
00000000000000000000000000000000
c0a822330a000001005001bb06000000
00000000000000000000000000000000
00000000000000000000000000000000
00000000000000000000000000000000
00000000000000000000000000000000
00000000000000000000000000000000
00000000000000000000000000000000
c0a813a80a000001005001bb06000000
c0a826d80a000001005001bb06000000
c0a803b00a000001005001bb06000000
00000000000000000000000000000000
00000000000000000000000000000000
c0a806e80a000001005001bb06000000
00000000000000000000000000000000
00000000000000000000000000000000
00000000000000000000000000000000
00000000000000000000000000000000
00000000000000000000000000000000
00000000000000000000000000000000
00000000000000000000000000000000
00000000000000000000000000000000
00000000000000000000000000000000
00000000000000000000000000000000
00000000000000000000000000000000
00000000000000000000000000000000
00000000000000000000000000000000
00000000000000000000000000000000
00000000000000000000000000000000
00000000000000000000000000000000
00000000000000000000000000000000
00000000000000000000000000000000
00000000000000000000000000000000
00000000000000000000000000000000
c0a81f1e0a000001005001bb06000000
00000000000000000000000000000000
00000000000000000000000000000000
00000000000000000000000000000000
00000000000000000000000000000000
c0a822b70a000001005001bb06000000
00000000000000000000000000000000
00000000000000000000000000000000
00000000000000000000000000000000
00000000000000000000000000000000
00000000000000000000000000000000
c0a823e20a000001005001bb06000000
c0a819500a000001005001bb06000000
c0a813ea0a000001005001bb06000000
00000000000000000000000000000000
00000000000000000000000000000000
00000000000000000000000000000000
c0a8214c0a000001005001bb06000000
00000000000000000000000000000000
00000000000000000000000000000000
00000000000000000000000000000000
c0a81c280a000001005001bb06000000
c0a8142c0a000001005001bb06000000
00000000000000000000000000000000
c0a804340a000001005001bb06000000
c0a826540a000001005001bb06000000
00000000000000000000000000000000
00000000000000000000000000000000
00000000000000000000000000000000
c0a806640a000001005001bb06000000
00000000000000000000000000000000
00000000000000000000000000000000
00000000000000000000000000000000
00000000000000000000000000000000
00000000000000000000000000000000
00000000000000000000000000000000
c0a821b00a000001005001bb06000000
00000000000000000000000000000000
00000000000000000000000000000000
00000000000000000000000000000000
00000000000000000000000000000000
00000000000000000000000000000000
00000000000000000000000000000000
c0a824e90a000001005001bb06000000
c0a81ced0a000001005001bb06000000
c0a8258f0a000001005001bb06000000
00000000000000000000000000000000
c0a815970a000001005001bb06000000
c0a818480a000001005001bb06000000
c0a814f10a000001005001bb06000000
00000000000000000000000000000000
c0a8252b0a000001005001bb06000000
c0a81d2f0a000001005001bb06000000
c0a811120a000001005001bb06000000
00000000000000000000000000000000
c0a815550a000001005001bb06000000
c0a8190e0a000001005001bb06000000
00000000000000000000000000000000
00000000000000000000000000000000
00000000000000000000000000000000
00000000000000000000000000000000
00000000000000000000000000000000
00000000000000000000000000000000
c0a820c80a000001005001bb06000000
c0a818cc0a000001005001bb06000000
c0a8216e0a000001005001bb06000000
00000000000000000000000000000000
00000000000000000000000000000000
c0a81cab0a000001005001bb06000000
c0a824a70a000001005001bb06000000
00000000000000000000000000000000
c0a825d10a000001005001bb06000000
c0a81dd50a000001005001bb06000000
00000000000000000000000000000000
00000000000000000000000000000000
c0a821f20a000001005001bb06000000
c0a819f60a000001005001bb06000000
00000000000000000000000000000000
00000000000000000000000000000000
00000000000000000000000000000000
00000000000000000000000000000000
00000000000000000000000000000000
00000000000000000000000000000000
00000000000000000000000000000000
c0a822340a000001005001bb06000000
00000000000000000000000000000000
00000000000000000000000000000000
00000000000000000000000000000000
00000000000000000000000000000000
00000000000000000000000000000000
00000000000000000000000000000000
c0a8146d0a000001005001bb06000000
c0a81c690a000001005001bb06000000
c0a824650a000001005001bb06000000
00000000000000000000000000000000
c0a826130a000001005001bb06000000
c0a81e170a000001005001bb06000000
00000000000000000000000000000000
00000000000000000000000000000000
00000000000000000000000000000000
00000000000000000000000000000000
00000000000000000000000000000000
c0a826d70a000001005001bb06000000
00000000000000000000000000000000
00000000000000000000000000000000
00000000000000000000000000000000
00000000000000000000000000000000
00000000000000000000000000000000
00000000000000000000000000000000
00000000000000000000000000000000
00000000000000000000000000000000
00000000000000000000000000000000
00000000000000000000000000000000
00000000000000000000000000000000
00000000000000000000000000000000
00000000000000000000000000000000
00000000000000000000000000000000
00000000000000000000000000000000
00000000000000000000000000000000
00000000000000000000000000000000
00000000000000000000000000000000
00000000000000000000000000000000
00000000000000000000000000000000
00000000000000000000000000000000
c0a81f1d0a000001005001bb06000000
00000000000000000000000000000000
00000000000000000000000000000000
00000000000000000000000000000000
00000000000000000000000000000000
00000000000000000000000000000000
00000000000000000000000000000000
00000000000000000000000000000000
00000000000000000000000000000000
00000000000000000000000000000000
00000000000000000000000000000000
00000000000000000000000000000000
00000000000000000000000000000000
00000000000000000000000000000000
00000000000000000000000000000000
00000000000000000000000000000000
00000000000000000000000000000000
c0a8214d0a000001005001bb06000000
00000000000000000000000000000000
c0a823e10a000001005001bb06000000
c0a819510a000001005001bb06000000
c0a813e90a000001005001bb06000000
00000000000000000000000000000000
00000000000000000000000000000000
00000000000000000000000000000000
c0a81e570a000001005001bb06000000
c0a826530a000001005001bb06000000
00000000000000000000000000000000
00000000000000000000000000000000
c0a8142b0a000001005001bb06000000
00000000000000000000000000000000
00000000000000000000000000000000
00000000000000000000000000000000
00000000000000000000000000000000
00000000000000000000000000000000
00000000000000000000000000000000
00000000000000000000000000000000
00000000000000000000000000000000
00000000000000000000000000000000
00000000000000000000000000000000
00000000000000000000000000000000
00000000000000000000000000000000
00000000000000000000000000000000
00000000000000000000000000000000
00000000000000000000000000000000
00000000000000000000000000000000
00000000000000000000000000000000
c0a804f80a000001005001bb06000000
c0a818490a000001005001bb06000000
c0a814f00a000001005001bb06000000
00000000000000000000000000000000
c0a824e80a000001005001bb06000000
c0a81cec0a000001005001bb06000000
c0a8258e0a000001005001bb06000000
00000000000000000000000000000000
c0a815540a000001005001bb06000000
c0a8190f0a000001005001bb06000000
c0a8055c0a000001005001bb06000000
00000000000000000000000000000000
c0a8252a0a000001005001bb06000000
00000000000000000000000000000000
c0a8254c0a000001005001bb06000000
00000000000000000000000000000000
c0a820c90a000001005001bb06000000
c0a818cd0a000001005001bb06000000
c0a8216f0a000001005001bb06000000
00000000000000000000000000000000
00000000000000000000000000000000
00000000000000000000000000000000
00000000000000000000000000000000
00000000000000000000000000000000
c0a825d00a000001005001bb06000000
c0a81dd40a000001005001bb06000000
00000000000000000000000000000000
00000000000000000000000000000000
00000000000000000000000000000000
00000000000000000000000000000000
c0a824a60a000001005001bb06000000
00000000000000000000000000000000
00000000000000000000000000000000
00000000000000000000000000000000
00000000000000000000000000000000
00000000000000000000000000000000
c0a805e00a000001005001bb06000000
c0a819f70a000001005001bb06000000
00000000000000000000000000000000
00000000000000000000000000000000
00000000000000000000000000000000
00000000000000000000000000000000
00000000000000000000000000000000
00000000000000000000000000000000
00000000000000000000000000000000
00000000000000000000000000000000
00000000000000000000000000000000
00000000000000000000000000000000
c0a826120a000001005001bb06000000
c0a81e160a000001005001bb06000000
c0a804740a000001005001bb06000000
00000000000000000000000000000000
c0a8146c0a000001005001bb06000000
c0a81c680a000001005001bb06000000
c0a824640a000001005001bb06000000
00000000000000000000000000000000
c0a823640a000001005001bb06000000
00000000000000000000000000000000
c0a8136c0a000001005001bb06000000
c0a81b680a000001005001bb06000000
00000000000000000000000000000000
00000000000000000000000000000000
00000000000000000000000000000000
00000000000000000000000000000000
00000000000000000000000000000000
00000000000000000000000000000000
00000000000000000000000000000000
00000000000000000000000000000000
00000000000000000000000000000000
00000000000000000000000000000000
00000000000000000000000000000000
00000000000000000000000000000000
00000000000000000000000000000000
00000000000000000000000000000000
00000000000000000000000000000000
c0a822f70a000001005001bb06000000
00000000000000000000000000000000
00000000000000000000000000000000
00000000000000000000000000000000
00000000000000000000000000000000
00000000000000000000000000000000
00000000000000000000000000000000
00000000000000000000000000000000
c0a813aa0a000001005001bb06000000
00000000000000000000000000000000
00000000000000000000000000000000
00000000000000000000000000000000
c0a826d60a000001005001bb06000000
00000000000000000000000000000000
00000000000000000000000000000000
00000000000000000000000000000000
00000000000000000000000000000000
00000000000000000000000000000000
00000000000000000000000000000000
00000000000000000000000000000000
c0a8241e0a000001005001bb06000000
00000000000000000000000000000000
00000000000000000000000000000000
00000000000000000000000000000000
00000000000000000000000000000000
00000000000000000000000000000000
c0a8265a0a000001005001bb06000000
00000000000000000000000000000000
00000000000000000000000000000000
c0a823e00a000001005001bb06000000
00000000000000000000000000000000
c0a813e80a000001005001bb06000000
00000000000000000000000000000000
c0a803f00a000001005001bb06000000
00000000000000000000000000000000
00000000000000000000000000000000
c0a8194a0a000001005001bb06000000
00000000000000000000000000000000
c0a806a80a000001005001bb06000000
00000000000000000000000000000000
00000000000000000000000000000000
00000000000000000000000000000000
00000000000000000000000000000000
00000000000000000000000000000000
00000000000000000000000000000000
00000000000000000000000000000000
00000000000000000000000000000000
c0a810d20a000001005001bb06000000
00000000000000000000000000000000
c0a820ca0a000001005001bb06000000
c0a818ce0a000001005001bb06000000
00000000000000000000000000000000
00000000000000000000000000000000
c0a81d290a000001005001bb06000000
c0a8152d0a000001005001bb06000000
00000000000000000000000000000000
00000000000000000000000000000000
c0a81d570a000001005001bb06000000
c0a8190c0a000001005001bb06000000
00000000000000000000000000000000
00000000000000000000000000000000
c0a81ceb0a000001005001bb06000000
c0a814ef0a000001005001bb06000000
00000000000000000000000000000000
00000000000000000000000000000000
c0a81d950a000001005001bb06000000
c0a825910a000001005001bb06000000
00000000000000000000000000000000
00000000000000000000000000000000
00000000000000000000000000000000
00000000000000000000000000000000
00000000000000000000000000000000
00000000000000000000000000000000
00000000000000000000000000000000
00000000000000000000000000000000
00000000000000000000000000000000
00000000000000000000000000000000
c0a81c6f0a000001005001bb06000000
c0a8246b0a000001005001bb06000000
00000000000000000000000000000000
c0a8260d0a000001005001bb06000000
c0a81e110a000001005001bb06000000
c0a816150a000001005001bb06000000
00000000000000000000000000000000
00000000000000000000000000000000
00000000000000000000000000000000
00000000000000000000000000000000
00000000000000000000000000000000
00000000000000000000000000000000
00000000000000000000000000000000
00000000000000000000000000000000
00000000000000000000000000000000
00000000000000000000000000000000
c0a821f00a000001005001bb06000000
c0a819f40a000001005001bb06000000
00000000000000000000000000000000
00000000000000000000000000000000
00000000000000000000000000000000
00000000000000000000000000000000
00000000000000000000000000000000
00000000000000000000000000000000
00000000000000000000000000000000
c0a824a90a000001005001bb06000000
00000000000000000000000000000000
c0a818900a000001005001bb06000000
c0a81dd30a000001005001bb06000000
c0a815d70a000001005001bb06000000
00000000000000000000000000000000
00000000000000000000000000000000
00000000000000000000000000000000
00000000000000000000000000000000
00000000000000000000000000000000
c0a81f170a000001005001bb06000000
00000000000000000000000000000000
c0a823630a000001005001bb06000000
00000000000000000000000000000000
c0a8136b0a000001005001bb06000000
00000000000000000000000000000000
00000000000000000000000000000000
00000000000000000000000000000000
00000000000000000000000000000000
00000000000000000000000000000000
00000000000000000000000000000000
00000000000000000000000000000000
00000000000000000000000000000000
00000000000000000000000000000000
00000000000000000000000000000000
00000000000000000000000000000000
00000000000000000000000000000000
00000000000000000000000000000000
00000000000000000000000000000000
00000000000000000000000000000000
00000000000000000000000000000000
00000000000000000000000000000000
00000000000000000000000000000000
00000000000000000000000000000000
c0a826d50a000001005001bb06000000
00000000000000000000000000000000
00000000000000000000000000000000
00000000000000000000000000000000
c0a813a90a000001005001bb06000000
00000000000000000000000000000000
00000000000000000000000000000000
00000000000000000000000000000000
c0a8241d0a000001005001bb06000000
00000000000000000000000000000000
00000000000000000000000000000000
00000000000000000000000000000000
00000000000000000000000000000000
00000000000000000000000000000000
c0a826590a000001005001bb06000000
00000000000000000000000000000000
00000000000000000000000000000000
00000000000000000000000000000000
00000000000000000000000000000000
00000000000000000000000000000000
00000000000000000000000000000000
00000000000000000000000000000000
00000000000000000000000000000000
c0a826970a000001005001bb06000000
c0a8194b0a000001005001bb06000000
c0a81be30a000001005001bb06000000
00000000000000000000000000000000
00000000000000000000000000000000
00000000000000000000000000000000
00000000000000000000000000000000
00000000000000000000000000000000
00000000000000000000000000000000
c0a823df0a000001005001bb06000000
00000000000000000000000000000000
00000000000000000000000000000000
00000000000000000000000000000000
00000000000000000000000000000000
c0a820cb0a000001005001bb06000000
c0a818cf0a000001005001bb06000000
00000000000000000000000000000000
00000000000000000000000000000000
00000000000000000000000000000000
00000000000000000000000000000000
00000000000000000000000000000000
00000000000000000000000000000000
c0a81d560a000001005001bb06000000
c0a8190d0a000001005001bb06000000
00000000000000000000000000000000
c0a805340a000001005001bb06000000
c0a81d280a000001005001bb06000000
c0a8152c0a000001005001bb06000000
00000000000000000000000000000000
00000000000000000000000000000000
c0a81d940a000001005001bb06000000
c0a825900a000001005001bb06000000
c0a80cf20a000001005001bb06000000
00000000000000000000000000000000
c0a81cea0a000001005001bb06000000
c0a814ee0a000001005001bb06000000
00000000000000000000000000000000
00000000000000000000000000000000
00000000000000000000000000000000
00000000000000000000000000000000
00000000000000000000000000000000
00000000000000000000000000000000
00000000000000000000000000000000
c0a805a00a000001005001bb06000000
00000000000000000000000000000000
00000000000000000000000000000000
c0a81e100a000001005001bb06000000
c0a816140a000001005001bb06000000
00000000000000000000000000000000
c0a8061c0a000001005001bb06000000
c0a81c6e0a000001005001bb06000000
c0a8246a0a000001005001bb06000000
00000000000000000000000000000000
c0a8260c0a000001005001bb06000000
00000000000000000000000000000000
00000000000000000000000000000000
00000000000000000000000000000000
c0a8222f0a000001005001bb06000000
00000000000000000000000000000000
00000000000000000000000000000000
00000000000000000000000000000000
00000000000000000000000000000000
00000000000000000000000000000000
00000000000000000000000000000000
00000000000000000000000000000000
00000000000000000000000000000000
c0a821f10a000001005001bb06000000
c0a819f50a000001005001bb06000000
00000000000000000000000000000000
00000000000000000000000000000000
c0a81dd20a000001005001bb06000000
c0a804b80a000001005001bb06000000
00000000000000000000000000000000
00000000000000000000000000000000
00000000000000000000000000000000
c0a824a80a000001005001bb06000000
00000000000000000000000000000000
c0a818910a000001005001bb06000000
00000000000000000000000000000000
00000000000000000000000000000000
00000000000000000000000000000000
c0a823370a000001005001bb06000000
00000000000000000000000000000000
00000000000000000000000000000000
00000000000000000000000000000000
00000000000000000000000000000000
00000000000000000000000000000000
00000000000000000000000000000000
00000000000000000000000000000000
c0a8136a0a000001005001bb06000000
c0a81f1a0a000001005001bb06000000
c0a8171e0a000001005001bb06000000
00000000000000000000000000000000
00000000000000000000000000000000
00000000000000000000000000000000
00000000000000000000000000000000
c0a813ac0a000001005001bb06000000
c0a81ba80a000001005001bb06000000
c0a803b40a000001005001bb06000000
00000000000000000000000000000000
00000000000000000000000000000000
c0a826d40a000001005001bb06000000
00000000000000000000000000000000
00000000000000000000000000000000
00000000000000000000000000000000
c0a806e40a000001005001bb06000000
00000000000000000000000000000000
00000000000000000000000000000000
00000000000000000000000000000000
00000000000000000000000000000000
00000000000000000000000000000000
00000000000000000000000000000000
c0a814280a000001005001bb06000000
00000000000000000000000000000000
c0a804300a000001005001bb06000000
c0a826580a000001005001bb06000000
00000000000000000000000000000000
00000000000000000000000000000000
00000000000000000000000000000000
c0a806680a000001005001bb06000000
00000000000000000000000000000000
00000000000000000000000000000000
00000000000000000000000000000000
00000000000000000000000000000000
00000000000000000000000000000000
00000000000000000000000000000000
00000000000000000000000000000000
00000000000000000000000000000000
00000000000000000000000000000000
00000000000000000000000000000000
00000000000000000000000000000000
00000000000000000000000000000000
00000000000000000000000000000000
c0a823de0a000001005001bb06000000
00000000000000000000000000000000
00000000000000000000000000000000
00000000000000000000000000000000
00000000000000000000000000000000
00000000000000000000000000000000
00000000000000000000000000000000
c0a8194c0a000001005001bb06000000
c0a821480a000001005001bb06000000
c0a81d2b0a000001005001bb06000000
00000000000000000000000000000000
00000000000000000000000000000000
c0a825270a000001005001bb06000000
c0a81d550a000001005001bb06000000
c0a825510a000001005001bb06000000
00000000000000000000000000000000
00000000000000000000000000000000
00000000000000000000000000000000
00000000000000000000000000000000
c0a818d00a000001005001bb06000000
00000000000000000000000000000000
00000000000000000000000000000000
c0a820cc0a000001005001bb06000000
00000000000000000000000000000000
00000000000000000000000000000000
c0a821b40a000001005001bb06000000
00000000000000000000000000000000
00000000000000000000000000000000
00000000000000000000000000000000
00000000000000000000000000000000
00000000000000000000000000000000
00000000000000000000000000000000
00000000000000000000000000000000
c0a81ce90a000001005001bb06000000
c0a814ed0a000001005001bb06000000
00000000000000000000000000000000
c0a824e50a000001005001bb06000000
c0a81d970a000001005001bb06000000
c0a810480a000001005001bb06000000
00000000000000000000000000000000
00000000000000000000000000000000
c0a822300a000001005001bb06000000
00000000000000000000000000000000
00000000000000000000000000000000
00000000000000000000000000000000
00000000000000000000000000000000
00000000000000000000000000000000
00000000000000000000000000000000
00000000000000000000000000000000
c0a81c6d0a000001005001bb06000000
c0a824690a000001005001bb06000000
00000000000000000000000000000000
c0a8260f0a000001005001bb06000000
c0a81e130a000001005001bb06000000
c0a816170a000001005001bb06000000
00000000000000000000000000000000
00000000000000000000000000000000
c0a81caf0a000001005001bb06000000
c0a824ab0a000001005001bb06000000
00000000000000000000000000000000
c0a810920a000001005001bb06000000
c0a8188e0a000001005001bb06000000
c0a815d50a000001005001bb06000000
00000000000000000000000000000000
00000000000000000000000000000000
c0a819f20a000001005001bb06000000
00000000000000000000000000000000
00000000000000000000000000000000
00000000000000000000000000000000
00000000000000000000000000000000
00000000000000000000000000000000
00000000000000000000000000000000
c0a821ee0a000001005001bb06000000
00000000000000000000000000000000
00000000000000000000000000000000
00000000000000000000000000000000
00000000000000000000000000000000
00000000000000000000000000000000
00000000000000000000000000000000
00000000000000000000000000000000
00000000000000000000000000000000
c0a81f190a000001005001bb06000000
c0a8171d0a000001005001bb06000000
00000000000000000000000000000000
00000000000000000000000000000000
00000000000000000000000000000000
00000000000000000000000000000000
00000000000000000000000000000000
c0a813690a000001005001bb06000000
00000000000000000000000000000000
00000000000000000000000000000000
c0a826d30a000001005001bb06000000
c0a81ed70a000001005001bb06000000
00000000000000000000000000000000
00000000000000000000000000000000
00000000000000000000000000000000
c0a813ab0a000001005001bb06000000
00000000000000000000000000000000
00000000000000000000000000000000
00000000000000000000000000000000
00000000000000000000000000000000
00000000000000000000000000000000
00000000000000000000000000000000
00000000000000000000000000000000
c0a822f60a000001005001bb06000000
00000000000000000000000000000000
00000000000000000000000000000000
c0a826570a000001005001bb06000000
00000000000000000000000000000000
00000000000000000000000000000000
00000000000000000000000000000000
00000000000000000000000000000000
00000000000000000000000000000000
00000000000000000000000000000000
00000000000000000000000000000000
00000000000000000000000000000000
c0a8241f0a000001005001bb06000000
00000000000000000000000000000000
00000000000000000000000000000000
00000000000000000000000000000000
00000000000000000000000000000000
00000000000000000000000000000000
00000000000000000000000000000000
00000000000000000000000000000000
c0a823dd0a000001005001bb06000000
00000000000000000000000000000000
00000000000000000000000000000000
00000000000000000000000000000000
00000000000000000000000000000000
00000000000000000000000000000000
00000000000000000000000000000000
c0a8194d0a000001005001bb06000000
c0a821490a000001005001bb06000000
00000000000000000000000000000000
00000000000000000000000000000000
00000000000000000000000000000000
00000000000000000000000000000000
c0a81d540a000001005001bb06000000
c0a825500a000001005001bb06000000
00000000000000000000000000000000
00000000000000000000000000000000
00000000000000000000000000000000
00000000000000000000000000000000
00000000000000000000000000000000
c0a825260a000001005001bb06000000
00000000000000000000000000000000
c0a820cd0a000001005001bb06000000
00000000000000000000000000000000
00000000000000000000000000000000
00000000000000000000000000000000
c0a805600a000001005001bb06000000
c0a818d10a000001005001bb06000000
00000000000000000000000000000000
00000000000000000000000000000000
00000000000000000000000000000000
00000000000000000000000000000000
00000000000000000000000000000000
00000000000000000000000000000000
00000000000000000000000000000000
00000000000000000000000000000000
00000000000000000000000000000000
c0a81d960a000001005001bb06000000
c0a810490a000001005001bb06000000
00000000000000000000000000000000
c0a804f40a000001005001bb06000000
c0a81ce80a000001005001bb06000000
c0a814ec0a000001005001bb06000000
00000000000000000000000000000000
c0a824e40a000001005001bb06000000
00000000000000000000000000000000
00000000000000000000000000000000
00000000000000000000000000000000
00000000000000000000000000000000
00000000000000000000000000000000
00000000000000000000000000000000
00000000000000000000000000000000
00000000000000000000000000000000
c0a81e120a000001005001bb06000000
c0a804780a000001005001bb06000000
00000000000000000000000000000000
00000000000000000000000000000000
c0a81c6c0a000001005001bb06000000
c0a824680a000001005001bb06000000
00000000000000000000000000000000
c0a8260e0a000001005001bb06000000
c0a8188f0a000001005001bb06000000
c0a815d40a000001005001bb06000000
00000000000000000000000000000000
c0a805dc0a000001005001bb06000000
00000000000000000000000000000000
c0a824aa0a000001005001bb06000000
00000000000000000000000000000000
c0a825cc0a000001005001bb06000000
00000000000000000000000000000000
00000000000000000000000000000000
00000000000000000000000000000000
c0a821ef0a000001005001bb06000000
c0a819f30a000001005001bb06000000
c0a811f70a000001005001bb06000000
00000000000000000000000000000000
00000000000000000000000000000000
c0a8248d0a000001005001bb06000000
00000000000000000000000000000000
c0a825eb0a000001005001bb06000000
c0a81def0a000001005001bb06000000
c0a815f30a000001005001bb06000000
00000000000000000000000000000000
c0a814950a000001005001bb06000000
c0a813490a000001005001bb06000000
00000000000000000000000000000000
00000000000000000000000000000000
00000000000000000000000000000000
00000000000000000000000000000000
00000000000000000000000000000000
00000000000000000000000000000000
00000000000000000000000000000000
00000000000000000000000000000000
00000000000000000000000000000000
00000000000000000000000000000000
00000000000000000000000000000000
00000000000000000000000000000000
00000000000000000000000000000000
00000000000000000000000000000000
00000000000000000000000000000000
00000000000000000000000000000000
c0a81a100a000001005001bb06000000
c0a812140a000001005001bb06000000
c0a826290a000001005001bb06000000
00000000000000000000000000000000
00000000000000000000000000000000
00000000000000000000000000000000
c0a814570a000001005001bb06000000
c0a81c530a000001005001bb06000000
00000000000000000000000000000000
00000000000000000000000000000000
00000000000000000000000000000000
c0a820f40a000001005001bb06000000
00000000000000000000000000000000
00000000000000000000000000000000
00000000000000000000000000000000
00000000000000000000000000000000
c0a825a50a000001005001bb06000000
c0a811900a000001005001bb06000000
00000000000000000000000000000000
00000000000000000000000000000000
00000000000000000000000000000000
00000000000000000000000000000000
c0a8198c0a000001005001bb06000000
c0a81cd70a000001005001bb06000000
c0a825670a000001005001bb06000000
00000000000000000000000000000000
c0a8156f0a000001005001bb06000000
c0a81d6b0a000001005001bb06000000
00000000000000000000000000000000
00000000000000000000000000000000
c0a825110a000001005001bb06000000
c0a81d150a000001005001bb06000000
00000000000000000000000000000000
00000000000000000000000000000000
00000000000000000000000000000000
00000000000000000000000000000000
00000000000000000000000000000000
00000000000000000000000000000000
00000000000000000000000000000000
00000000000000000000000000000000
00000000000000000000000000000000
00000000000000000000000000000000
00000000000000000000000000000000
c0a803ec0a000001005001bb06000000
00000000000000000000000000000000
00000000000000000000000000000000
00000000000000000000000000000000
00000000000000000000000000000000
c0a806ac0a000001005001bb06000000
00000000000000000000000000000000
00000000000000000000000000000000
00000000000000000000000000000000
00000000000000000000000000000000
00000000000000000000000000000000
00000000000000000000000000000000
c0a823dc0a000001005001bb06000000
00000000000000000000000000000000
00000000000000000000000000000000
00000000000000000000000000000000
00000000000000000000000000000000
00000000000000000000000000000000
00000000000000000000000000000000
c0a8241a0a000001005001bb06000000
c0a81c1e0a000001005001bb06000000
00000000000000000000000000000000
00000000000000000000000000000000
00000000000000000000000000000000
00000000000000000000000000000000
c0a8265e0a000001005001bb06000000
00000000000000000000000000000000
00000000000000000000000000000000
00000000000000000000000000000000
c0a816ea0a000001005001bb06000000
00000000000000000000000000000000
c0a826e20a000001005001bb06000000
c0a812510a000001005001bb06000000
c0a81a4d0a000001005001bb06000000
c0a822490a000001005001bb06000000
00000000000000000000000000000000
00000000000000000000000000000000
c0a81fb70a000001005001bb06000000
00000000000000000000000000000000
00000000000000000000000000000000
00000000000000000000000000000000
00000000000000000000000000000000
00000000000000000000000000000000
00000000000000000000000000000000
00000000000000000000000000000000
00000000000000000000000000000000
00000000000000000000000000000000
00000000000000000000000000000000
00000000000000000000000000000000
00000000000000000000000000000000
00000000000000000000000000000000
00000000000000000000000000000000
00000000000000000000000000000000
c0a817280a000001005001bb06000000
00000000000000000000000000000000
00000000000000000000000000000000
00000000000000000000000000000000
00000000000000000000000000000000
00000000000000000000000000000000
00000000000000000000000000000000
c0a823580a000001005001bb06000000
c0a8049c0a000001005001bb06000000
00000000000000000000000000000000
c0a814940a000001005001bb06000000
c0a8134a0a000001005001bb06000000
c0a8248c0a000001005001bb06000000
00000000000000000000000000000000
c0a825ea0a000001005001bb06000000
c0a81dee0a000001005001bb06000000
c0a820af0a000001005001bb06000000
00000000000000000000000000000000
00000000000000000000000000000000
00000000000000000000000000000000
00000000000000000000000000000000
00000000000000000000000000000000
00000000000000000000000000000000
00000000000000000000000000000000
00000000000000000000000000000000
00000000000000000000000000000000
c0a819cb0a000001005001bb06000000
c0a811cf0a000001005001bb06000000
00000000000000000000000000000000
00000000000000000000000000000000
00000000000000000000000000000000
00000000000000000000000000000000
00000000000000000000000000000000
00000000000000000000000000000000
c0a806380a000001005001bb06000000
c0a81c520a000001005001bb06000000
c0a81a110a000001005001bb06000000
c0a812150a000001005001bb06000000
c0a826280a000001005001bb06000000
00000000000000000000000000000000
00000000000000000000000000000000
00000000000000000000000000000000
00000000000000000000000000000000
00000000000000000000000000000000
00000000000000000000000000000000
00000000000000000000000000000000
00000000000000000000000000000000
c0a820f50a000001005001bb06000000
c0a805b40a000001005001bb06000000
00000000000000000000000000000000
c0a8198d0a000001005001bb06000000
c0a81cd60a000001005001bb06000000
00000000000000000000000000000000
c0a811910a000001005001bb06000000
c0a815ac0a000001005001bb06000000
c0a81da80a000001005001bb06000000
00000000000000000000000000000000
00000000000000000000000000000000
c0a825100a000001005001bb06000000
c0a81d140a000001005001bb06000000
c0a825660a000001005001bb06000000
00000000000000000000000000000000
c0a8156e0a000001005001bb06000000
c0a81d6a0a000001005001bb06000000
00000000000000000000000000000000
00000000000000000000000000000000
00000000000000000000000000000000
00000000000000000000000000000000
00000000000000000000000000000000
00000000000000000000000000000000
c0a821330a000001005001bb06000000
00000000000000000000000000000000
00000000000000000000000000000000
00000000000000000000000000000000
00000000000000000000000000000000
00000000000000000000000000000000
00000000000000000000000000000000
00000000000000000000000000000000
00000000000000000000000000000000
00000000000000000000000000000000
00000000000000000000000000000000
00000000000000000000000000000000
c0a823db0a000001005001bb06000000
c0a81bdf0a000001005001bb06000000
00000000000000000000000000000000
00000000000000000000000000000000
00000000000000000000000000000000
00000000000000000000000000000000
00000000000000000000000000000000
00000000000000000000000000000000
c0a824190a000001005001bb06000000
c0a81c1d0a000001005001bb06000000
00000000000000000000000000000000
00000000000000000000000000000000
00000000000000000000000000000000
00000000000000000000000000000000
c0a8265d0a000001005001bb06000000
00000000000000000000000000000000
00000000000000000000000000000000
00000000000000000000000000000000
00000000000000000000000000000000
00000000000000000000000000000000
00000000000000000000000000000000
00000000000000000000000000000000
c0a81a4e0a000001005001bb06000000
c0a8224a0a000001005001bb06000000
00000000000000000000000000000000
00000000000000000000000000000000
c0a816e90a000001005001bb06000000
00000000000000000000000000000000
c0a826e10a000001005001bb06000000
c0a812520a000001005001bb06000000
00000000000000000000000000000000
00000000000000000000000000000000
00000000000000000000000000000000
00000000000000000000000000000000
00000000000000000000000000000000
00000000000000000000000000000000
00000000000000000000000000000000
00000000000000000000000000000000
00000000000000000000000000000000
00000000000000000000000000000000
00000000000000000000000000000000
00000000000000000000000000000000
00000000000000000000000000000000
00000000000000000000000000000000
00000000000000000000000000000000
00000000000000000000000000000000
c0a823570a000001005001bb06000000
00000000000000000000000000000000
00000000000000000000000000000000
00000000000000000000000000000000
c0a80f2b0a000001005001bb06000000
00000000000000000000000000000000
00000000000000000000000000000000
00000000000000000000000000000000
00000000000000000000000000000000
00000000000000000000000000000000
00000000000000000000000000000000
c0a820b00a000001005001bb06000000
00000000000000000000000000000000
00000000000000000000000000000000
00000000000000000000000000000000
00000000000000000000000000000000
c0a8248f0a000001005001bb06000000
00000000000000000000000000000000
c0a825e90a000001005001bb06000000
c0a81ded0a000001005001bb06000000
c0a815f10a000001005001bb06000000
00000000000000000000000000000000
c0a814970a000001005001bb06000000
c0a8134b0a000001005001bb06000000
c0a812120a000001005001bb06000000
00000000000000000000000000000000
c0a8262b0a000001005001bb06000000
00000000000000000000000000000000
00000000000000000000000000000000
00000000000000000000000000000000
c0a814550a000001005001bb06000000
c0a81a0e0a000001005001bb06000000
c0a811d00a000001005001bb06000000
00000000000000000000000000000000
00000000000000000000000000000000
00000000000000000000000000000000
c0a8206e0a000001005001bb06000000
00000000000000000000000000000000
c0a821c80a000001005001bb06000000
c0a819cc0a000001005001bb06000000
c0a825a70a000001005001bb06000000
00000000000000000000000000000000
00000000000000000000000000000000
00000000000000000000000000000000
00000000000000000000000000000000
00000000000000000000000000000000
c0a824d10a000001005001bb06000000
c0a81cd50a000001005001bb06000000
00000000000000000000000000000000
00000000000000000000000000000000
c0a820f20a000001005001bb06000000
c0a818f60a000001005001bb06000000
00000000000000000000000000000000
00000000000000000000000000000000
00000000000000000000000000000000
00000000000000000000000000000000
00000000000000000000000000000000
00000000000000000000000000000000
00000000000000000000000000000000
c0a821340a000001005001bb06000000
00000000000000000000000000000000
00000000000000000000000000000000
00000000000000000000000000000000
00000000000000000000000000000000
c0a825650a000001005001bb06000000
00000000000000000000000000000000
c0a8156d0a000001005001bb06000000
c0a81d690a000001005001bb06000000
00000000000000000000000000000000
00000000000000000000000000000000
c0a825130a000001005001bb06000000
c0a81d170a000001005001bb06000000
00000000000000000000000000000000
00000000000000000000000000000000
00000000000000000000000000000000
00000000000000000000000000000000
00000000000000000000000000000000
00000000000000000000000000000000
c0a823da0a000001005001bb06000000
00000000000000000000000000000000
00000000000000000000000000000000
00000000000000000000000000000000
00000000000000000000000000000000
00000000000000000000000000000000
00000000000000000000000000000000
00000000000000000000000000000000
00000000000000000000000000000000
00000000000000000000000000000000
00000000000000000000000000000000
00000000000000000000000000000000
00000000000000000000000000000000
c0a8042c0a000001005001bb06000000
c0a8265c0a000001005001bb06000000
00000000000000000000000000000000
00000000000000000000000000000000
00000000000000000000000000000000
c0a8066c0a000001005001bb06000000
00000000000000000000000000000000
00000000000000000000000000000000
00000000000000000000000000000000
00000000000000000000000000000000
00000000000000000000000000000000
00000000000000000000000000000000
c0a8241c0a000001005001bb06000000
00000000000000000000000000000000
00000000000000000000000000000000
00000000000000000000000000000000
c0a803a80a000001005001bb06000000
00000000000000000000000000000000
00000000000000000000000000000000
00000000000000000000000000000000
00000000000000000000000000000000
c0a816e80a000001005001bb06000000
00000000000000000000000000000000
c0a826e00a000001005001bb06000000
c0a812530a000001005001bb06000000
c0a81a4f0a000001005001bb06000000
c0a8224b0a000001005001bb06000000
00000000000000000000000000000000
00000000000000000000000000000000
c0a8172a0a000001005001bb06000000
00000000000000000000000000000000
00000000000000000000000000000000
00000000000000000000000000000000
00000000000000000000000000000000
00000000000000000000000000000000
00000000000000000000000000000000
00000000000000000000000000000000
00000000000000000000000000000000
00000000000000000000000000000000
00000000000000000000000000000000
00000000000000000000000000000000
00000000000000000000000000000000
00000000000000000000000000000000
00000000000000000000000000000000
00000000000000000000000000000000
00000000000000000000000000000000
00000000000000000000000000000000
00000000000000000000000000000000
00000000000000000000000000000000
00000000000000000000000000000000
00000000000000000000000000000000
00000000000000000000000000000000
c0a820b10a000001005001bb06000000
c0a815f00a000001005001bb06000000
c0a80df40a000001005001bb06000000
c0a805f80a000001005001bb06000000
c0a81b480a000001005001bb06000000
c0a8248e0a000001005001bb06000000
00000000000000000000000000000000
c0a825e80a000001005001bb06000000
c0a81dec0a000001005001bb06000000
c0a8045c0a000001005001bb06000000
00000000000000000000000000000000
c0a814540a000001005001bb06000000
c0a81a0f0a000001005001bb06000000
c0a812130a000001005001bb06000000
00000000000000000000000000000000
c0a8262a0a000001005001bb06000000
00000000000000000000000000000000
c0a8206f0a000001005001bb06000000
00000000000000000000000000000000
c0a821c90a000001005001bb06000000
c0a819cd0a000001005001bb06000000
c0a811d10a000001005001bb06000000
00000000000000000000000000000000
00000000000000000000000000000000
00000000000000000000000000000000
c0a821870a000001005001bb06000000
00000000000000000000000000000000
c0a8118f0a000001005001bb06000000
c0a8198b0a000001005001bb06000000
c0a825a60a000001005001bb06000000
00000000000000000000000000000000
00000000000000000000000000000000
00000000000000000000000000000000
00000000000000000000000000000000
00000000000000000000000000000000
00000000000000000000000000000000
00000000000000000000000000000000
00000000000000000000000000000000
00000000000000000000000000000000
c0a804e00a000001005001bb06000000
c0a818f70a000001005001bb06000000
00000000000000000000000000000000
00000000000000000000000000000000
00000000000000000000000000000000
00000000000000000000000000000000
00000000000000000000000000000000
00000000000000000000000000000000
00000000000000000000000000000000
c0a821350a000001005001bb06000000
c0a805740a000001005001bb06000000
00000000000000000000000000000000
c0a825120a000001005001bb06000000
c0a81d160a000001005001bb06000000
c0a825640a000001005001bb06000000
00000000000000000000000000000000
c0a8156c0a000001005001bb06000000
c0a81d680a000001005001bb06000000
00000000000000000000000000000000
00000000000000000000000000000000
c0a823d90a000001005001bb06000000
00000000000000000000000000000000
00000000000000000000000000000000
00000000000000000000000000000000
00000000000000000000000000000000
00000000000000000000000000000000
00000000000000000000000000000000
00000000000000000000000000000000
00000000000000000000000000000000
00000000000000000000000000000000
00000000000000000000000000000000
00000000000000000000000000000000
00000000000000000000000000000000
00000000000000000000000000000000
00000000000000000000000000000000
c0a8265b0a000001005001bb06000000
00000000000000000000000000000000
00000000000000000000000000000000
00000000000000000000000000000000
00000000000000000000000000000000
00000000000000000000000000000000
00000000000000000000000000000000
00000000000000000000000000000000
00000000000000000000000000000000
c0a8241b0a000001005001bb06000000
c0a81c1f0a000001005001bb06000000
00000000000000000000000000000000
00000000000000000000000000000000
00000000000000000000000000000000
00000000000000000000000000000000
00000000000000000000000000000000
c0a826df0a000001005001bb06000000
00000000000000000000000000000000
00000000000000000000000000000000
00000000000000000000000000000000
00000000000000000000000000000000
00000000000000000000000000000000
00000000000000000000000000000000
c0a8224c0a000001005001bb06000000
00000000000000000000000000000000
00000000000000000000000000000000
00000000000000000000000000000000
c0a80eeb0a000001005001bb06000000
00000000000000000000000000000000
c0a812540a000001005001bb06000000
c0a81a500a000001005001bb06000000
c0a823550a000001005001bb06000000
00000000000000000000000000000000
00000000000000000000000000000000
00000000000000000000000000000000
c0a817290a000001005001bb06000000
00000000000000000000000000000000
00000000000000000000000000000000
00000000000000000000000000000000
00000000000000000000000000000000
00000000000000000000000000000000
00000000000000000000000000000000
00000000000000000000000000000000
00000000000000000000000000000000
00000000000000000000000000000000
00000000000000000000000000000000
00000000000000000000000000000000
c0a811d20a000001005001bb06000000
00000000000000000000000000000000
00000000000000000000000000000000
00000000000000000000000000000000
00000000000000000000000000000000
00000000000000000000000000000000
c0a821ca0a000001005001bb06000000
c0a819ce0a000001005001bb06000000
c0a812100a000001005001bb06000000
c0a826250a000001005001bb06000000
00000000000000000000000000000000
00000000000000000000000000000000
00000000000000000000000000000000
00000000000000000000000000000000
c0a81c570a000001005001bb06000000
c0a81a0c0a000001005001bb06000000
00000000000000000000000000000000
00000000000000000000000000000000
c0a81deb0a000001005001bb06000000
c0a815ef0a000001005001bb06000000
c0a80df30a000001005001bb06000000
00000000000000000000000000000000
c0a81c950a000001005001bb06000000
c0a824910a000001005001bb06000000
00000000000000000000000000000000
00000000000000000000000000000000
00000000000000000000000000000000
00000000000000000000000000000000
00000000000000000000000000000000
00000000000000000000000000000000
00000000000000000000000000000000
00000000000000000000000000000000
00000000000000000000000000000000
c0a8250d0a000001005001bb06000000
c0a81d6f0a000001005001bb06000000
c0a8256b0a000001005001bb06000000
00000000000000000000000000000000
00000000000000000000000000000000
c0a81d110a000001005001bb06000000
c0a815150a000001005001bb06000000
00000000000000000000000000000000
00000000000000000000000000000000
00000000000000000000000000000000
00000000000000000000000000000000
00000000000000000000000000000000
00000000000000000000000000000000
00000000000000000000000000000000
00000000000000000000000000000000
00000000000000000000000000000000
00000000000000000000000000000000
c0a820f00a000001005001bb06000000
c0a818f40a000001005001bb06000000
00000000000000000000000000000000
00000000000000000000000000000000
00000000000000000000000000000000
00000000000000000000000000000000
c0a811940a000001005001bb06000000
c0a819900a000001005001bb06000000
00000000000000000000000000000000
c0a825a90a000001005001bb06000000
00000000000000000000000000000000
00000000000000000000000000000000
c0a81cd30a000001005001bb06000000
c0a814d70a000001005001bb06000000
00000000000000000000000000000000
c0a8166a0a000001005001bb06000000
00000000000000000000000000000000
c0a826620a000001005001bb06000000
00000000000000000000000000000000
c0a824160a000001005001bb06000000
c0a81c1a0a000001005001bb06000000
c0a8141e0a000001005001bb06000000
00000000000000000000000000000000
c0a820370a000001005001bb06000000
00000000000000000000000000000000
00000000000000000000000000000000
00000000000000000000000000000000
00000000000000000000000000000000
00000000000000000000000000000000
00000000000000000000000000000000
00000000000000000000000000000000
00000000000000000000000000000000
c0a803e80a000001005001bb06000000
00000000000000000000000000000000
00000000000000000000000000000000
00000000000000000000000000000000
00000000000000000000000000000000
00000000000000000000000000000000
00000000000000000000000000000000
c0a816a80a000001005001bb06000000
00000000000000000000000000000000
00000000000000000000000000000000
00000000000000000000000000000000
00000000000000000000000000000000
c0a823d80a000001005001bb06000000
c0a806b00a000001005001bb06000000
00000000000000000000000000000000
00000000000000000000000000000000
00000000000000000000000000000000
00000000000000000000000000000000
00000000000000000000000000000000
00000000000000000000000000000000
00000000000000000000000000000000
00000000000000000000000000000000
00000000000000000000000000000000
00000000000000000000000000000000
00000000000000000000000000000000
00000000000000000000000000000000
00000000000000000000000000000000
00000000000000000000000000000000
c0a8235c0a000001005001bb06000000
00000000000000000000000000000000
00000000000000000000000000000000
00000000000000000000000000000000
00000000000000000000000000000000
00000000000000000000000000000000
00000000000000000000000000000000
c0a81a490a000001005001bb06000000
00000000000000000000000000000000
00000000000000000000000000000000
00000000000000000000000000000000
00000000000000000000000000000000
00000000000000000000000000000000
00000000000000000000000000000000
00000000000000000000000000000000
c0a826de0a000001005001bb06000000
00000000000000000000000000000000
00000000000000000000000000000000
00000000000000000000000000000000
00000000000000000000000000000000
c0a821cb0a000001005001bb06000000
c0a819cf0a000001005001bb06000000
c0a811d30a000001005001bb06000000
00000000000000000000000000000000
00000000000000000000000000000000
00000000000000000000000000000000
00000000000000000000000000000000
c0a806340a000001005001bb06000000
c0a81c560a000001005001bb06000000
c0a81a0d0a000001005001bb06000000
c0a812110a000001005001bb06000000
00000000000000000000000000000000
c0a81e280a000001005001bb06000000
c0a8162c0a000001005001bb06000000
c0a80df20a000001005001bb06000000
00000000000000000000000000000000
c0a81c940a000001005001bb06000000
c0a824900a000001005001bb06000000
00000000000000000000000000000000
00000000000000000000000000000000
c0a81dea0a000001005001bb06000000
c0a815ee0a000001005001bb06000000
00000000000000000000000000000000
00000000000000000000000000000000
00000000000000000000000000000000
00000000000000000000000000000000
00000000000000000000000000000000
00000000000000000000000000000000
00000000000000000000000000000000
c0a804a00a000001005001bb06000000
00000000000000000000000000000000
c0a8051c0a000001005001bb06000000
c0a81d100a000001005001bb06000000
c0a815140a000001005001bb06000000
00000000000000000000000000000000
c0a8250c0a000001005001bb06000000
c0a81d6e0a000001005001bb06000000
c0a8256a0a000001005001bb06000000
00000000000000000000000000000000
c0a8212f0a000001005001bb06000000
00000000000000000000000000000000
00000000000000000000000000000000
00000000000000000000000000000000
00000000000000000000000000000000
00000000000000000000000000000000
00000000000000000000000000000000
00000000000000000000000000000000
00000000000000000000000000000000
00000000000000000000000000000000
00000000000000000000000000000000
00000000000000000000000000000000
00000000000000000000000000000000
c0a820f10a000001005001bb06000000
c0a818f50a000001005001bb06000000
00000000000000000000000000000000
00000000000000000000000000000000
c0a81cd20a000001005001bb06000000
c0a805b80a000001005001bb06000000
c0a811950a000001005001bb06000000
c0a819910a000001005001bb06000000
00000000000000000000000000000000
c0a825a80a000001005001bb06000000
00000000000000000000000000000000
c0a824150a000001005001bb06000000
00000000000000000000000000000000
00000000000000000000000000000000
00000000000000000000000000000000
c0a816690a000001005001bb06000000
00000000000000000000000000000000
c0a826610a000001005001bb06000000
00000000000000000000000000000000
00000000000000000000000000000000
00000000000000000000000000000000
00000000000000000000000000000000
00000000000000000000000000000000
00000000000000000000000000000000
00000000000000000000000000000000
00000000000000000000000000000000
00000000000000000000000000000000
00000000000000000000000000000000
00000000000000000000000000000000
00000000000000000000000000000000
00000000000000000000000000000000
00000000000000000000000000000000
00000000000000000000000000000000
00000000000000000000000000000000
00000000000000000000000000000000
c0a823d70a000001005001bb06000000
c0a81bdb0a000001005001bb06000000
00000000000000000000000000000000
00000000000000000000000000000000
c0a80eab0a000001005001bb06000000
00000000000000000000000000000000
00000000000000000000000000000000
00000000000000000000000000000000
c0a81f1f0a000001005001bb06000000
00000000000000000000000000000000
00000000000000000000000000000000
00000000000000000000000000000000
00000000000000000000000000000000
00000000000000000000000000000000
00000000000000000000000000000000
00000000000000000000000000000000
00000000000000000000000000000000
00000000000000000000000000000000
c0a8235b0a000001005001bb06000000
00000000000000000000000000000000
00000000000000000000000000000000
00000000000000000000000000000000
00000000000000000000000000000000
00000000000000000000000000000000
c0a81a4a0a000001005001bb06000000
00000000000000000000000000000000
00000000000000000000000000000000
00000000000000000000000000000000
00000000000000000000000000000000
00000000000000000000000000000000
00000000000000000000000000000000
00000000000000000000000000000000
c0a826dd0a000001005001bb06000000
00000000000000000000000000000000
00000000000000000000000000000000
00000000000000000000000000000000
00000000000000000000000000000000
00000000000000000000000000000000
00000000000000000000000000000000
00000000000000000000000000000000
c0a826270a000001005001bb06000000
00000000000000000000000000000000
00000000000000000000000000000000
00000000000000000000000000000000
00000000000000000000000000000000
c0a81c550a000001005001bb06000000
c0a824510a000001005001bb06000000
c0a819d00a000001005001bb06000000
c0a811d40a000001005001bb06000000
00000000000000000000000000000000
00000000000000000000000000000000
00000000000000000000000000000000
00000000000000000000000000000000
00000000000000000000000000000000
c0a821cc0a000001005001bb06000000
00000000000000000000000000000000
00000000000000000000000000000000
c0a820b40a000001005001bb06000000
00000000000000000000000000000000
00000000000000000000000000000000
00000000000000000000000000000000
00000000000000000000000000000000
00000000000000000000000000000000
00000000000000000000000000000000
00000000000000000000000000000000
c0a81de90a000001005001bb06000000
c0a815ed0a000001005001bb06000000
c0a80df10a000001005001bb06000000
00000000000000000000000000000000
c0a81c970a000001005001bb06000000
c0a80b4b0a000001005001bb06000000
00000000000000000000000000000000
00000000000000000000000000000000
c0a821300a000001005001bb06000000
00000000000000000000000000000000
00000000000000000000000000000000
00000000000000000000000000000000
00000000000000000000000000000000
00000000000000000000000000000000
00000000000000000000000000000000
c0a8250f0a000001005001bb06000000
c0a81d6d0a000001005001bb06000000
c0a825690a000001005001bb06000000
00000000000000000000000000000000
00000000000000000000000000000000
c0a81d130a000001005001bb06000000
c0a815170a000001005001bb06000000
00000000000000000000000000000000
c0a811920a000001005001bb06000000
00000000000000000000000000000000
c0a825ab0a000001005001bb06000000
00000000000000000000000000000000
00000000000000000000000000000000
c0a8198e0a000001005001bb06000000
c0a814d50a000001005001bb06000000
00000000000000000000000000000000
00000000000000000000000000000000
c0a818f20a000001005001bb06000000
00000000000000000000000000000000
00000000000000000000000000000000
c0a820ee0a000001005001bb06000000
00000000000000000000000000000000
00000000000000000000000000000000
00000000000000000000000000000000
00000000000000000000000000000000
c0a804280a000001005001bb06000000
00000000000000000000000000000000
00000000000000000000000000000000
00000000000000000000000000000000
00000000000000000000000000000000
00000000000000000000000000000000
00000000000000000000000000000000
c0a816680a000001005001bb06000000
00000000000000000000000000000000
c0a826600a000001005001bb06000000
00000000000000000000000000000000
00000000000000000000000000000000
c0a824180a000001005001bb06000000
c0a806700a000001005001bb06000000
00000000000000000000000000000000
c0a816aa0a000001005001bb06000000
00000000000000000000000000000000
00000000000000000000000000000000
00000000000000000000000000000000
c0a823d60a000001005001bb06000000
00000000000000000000000000000000
00000000000000000000000000000000
00000000000000000000000000000000
c0a81ff70a000001005001bb06000000
00000000000000000000000000000000
00000000000000000000000000000000
00000000000000000000000000000000
00000000000000000000000000000000
00000000000000000000000000000000
00000000000000000000000000000000
00000000000000000000000000000000
00000000000000000000000000000000
00000000000000000000000000000000
00000000000000000000000000000000
00000000000000000000000000000000
00000000000000000000000000000000
00000000000000000000000000000000
00000000000000000000000000000000
00000000000000000000000000000000
00000000000000000000000000000000
00000000000000000000000000000000
00000000000000000000000000000000
00000000000000000000000000000000
00000000000000000000000000000000
00000000000000000000000000000000
00000000000000000000000000000000
00000000000000000000000000000000
00000000000000000000000000000000
c0a803ac0a000001005001bb06000000
00000000000000000000000000000000
00000000000000000000000000000000
c0a826dc0a000001005001bb06000000
00000000000000000000000000000000
00000000000000000000000000000000
00000000000000000000000000000000
c0a806ec0a000001005001bb06000000
00000000000000000000000000000000
00000000000000000000000000000000
c0a8124f0a000001005001bb06000000
c0a81a4b0a000001005001bb06000000
00000000000000000000000000000000
00000000000000000000000000000000
00000000000000000000000000000000
c0a822070a000001005001bb06000000
c0a81a0b0a000001005001bb06000000
c0a8120f0a000001005001bb06000000
00000000000000000000000000000000
c0a826260a000001005001bb06000000
00000000000000000000000000000000
00000000000000000000000000000000
00000000000000000000000000000000
00000000000000000000000000000000
00000000000000000000000000000000
c0a821cd0a000001005001bb06000000
c0a819d10a000001005001bb06000000
c0a811d50a000001005001bb06000000
00000000000000000000000000000000
c0a804600a000001005001bb06000000
00000000000000000000000000000000
00000000000000000000000000000000
00000000000000000000000000000000
00000000000000000000000000000000
00000000000000000000000000000000
00000000000000000000000000000000
c0a820b50a000001005001bb06000000
00000000000000000000000000000000
00000000000000000000000000000000
c0a805f40a000001005001bb06000000
c0a81c960a000001005001bb06000000
c0a813480a000001005001bb06000000
00000000000000000000000000000000
c0a825e40a000001005001bb06000000
c0a81de80a000001005001bb06000000
c0a815ec0a000001005001bb06000000
00000000000000000000000000000000
00000000000000000000000000000000
00000000000000000000000000000000
00000000000000000000000000000000
00000000000000000000000000000000
00000000000000000000000000000000
c0a821310a000001005001bb06000000
00000000000000000000000000000000
00000000000000000000000000000000
00000000000000000000000000000000
c0a81d120a000001005001bb06000000
c0a805780a000001005001bb06000000
00000000000000000000000000000000
c0a8250e0a000001005001bb06000000
c0a81d6c0a000001005001bb06000000
c0a825680a000001005001bb06000000
00000000000000000000000000000000
c0a804dc0a000001005001bb06000000
c0a8198f0a000001005001bb06000000
c0a814d40a000001005001bb06000000
00000000000000000000000000000000
c0a811930a000001005001bb06000000
00000000000000000000000000000000
c0a825aa0a000001005001bb06000000
00000000000000000000000000000000
c0a820ef0a000001005001bb06000000
00000000000000000000000000000000
00000000000000000000000000000000
00000000000000000000000000000000
00000000000000000000000000000000
c0a818f30a000001005001bb06000000
00000000000000000000000000000000
c0a8265f0a000001005001bb06000000
00000000000000000000000000000000
00000000000000000000000000000000
00000000000000000000000000000000
00000000000000000000000000000000
00000000000000000000000000000000
00000000000000000000000000000000
00000000000000000000000000000000
00000000000000000000000000000000
c0a824170a000001005001bb06000000
c0a81c1b0a000001005001bb06000000
c0a8141f0a000001005001bb06000000
00000000000000000000000000000000
c0a80e6b0a000001005001bb06000000
00000000000000000000000000000000
00000000000000000000000000000000
00000000000000000000000000000000
00000000000000000000000000000000
00000000000000000000000000000000
00000000000000000000000000000000
00000000000000000000000000000000
c0a816a90a000001005001bb06000000
00000000000000000000000000000000
00000000000000000000000000000000
00000000000000000000000000000000
00000000000000000000000000000000
00000000000000000000000000000000
00000000000000000000000000000000
00000000000000000000000000000000
00000000000000000000000000000000
00000000000000000000000000000000
00000000000000000000000000000000
00000000000000000000000000000000
00000000000000000000000000000000
00000000000000000000000000000000
00000000000000000000000000000000
00000000000000000000000000000000
00000000000000000000000000000000
00000000000000000000000000000000
00000000000000000000000000000000
00000000000000000000000000000000
00000000000000000000000000000000
00000000000000000000000000000000
00000000000000000000000000000000
00000000000000000000000000000000
00000000000000000000000000000000
00000000000000000000000000000000
00000000000000000000000000000000
c0a826db0a000001005001bb06000000
00000000000000000000000000000000
00000000000000000000000000000000
00000000000000000000000000000000
00000000000000000000000000000000
00000000000000000000000000000000
00000000000000000000000000000000
00000000000000000000000000000000
c0a81a4c0a000001005001bb06000000
c0a822480a000001005001bb06000000
00000000000000000000000000000000
00000000000000000000000000000000
00000000000000000000000000000000
00000000000000000000000000000000
00000000000000000000000000000000
c0a812500a000001005001bb06000000
00000000000000000000000000000000
00000000000000000000000000000000
00000000000000000000000000000000
00000000000000000000000000000000
00000000000000000000000000000000
00000000000000000000000000000000
00000000000000000000000000000000
00000000000000000000000000000000
00000000000000000000000000000000
00000000000000000000000000000000
00000000000000000000000000000000
00000000000000000000000000000000
c0a824db0a000001005001bb06000000
c0a81cdf0a000001005001bb06000000
00000000000000000000000000000000
00000000000000000000000000000000
00000000000000000000000000000000
c0a81d630a000001005001bb06000000
00000000000000000000000000000000
00000000000000000000000000000000
c0a825190a000001005001bb06000000
c0a81d1d0a000001005001bb06000000
00000000000000000000000000000000
00000000000000000000000000000000
00000000000000000000000000000000
00000000000000000000000000000000
00000000000000000000000000000000
00000000000000000000000000000000
00000000000000000000000000000000
00000000000000000000000000000000
c0a8255f0a000001005001bb06000000
00000000000000000000000000000000
c0a825e30a000001005001bb06000000
c0a813510a000001005001bb06000000
c0a815eb0a000001005001bb06000000
c0a80def0a000001005001bb06000000
00000000000000000000000000000000
00000000000000000000000000000000
c0a81b4d0a000001005001bb06000000
c0a823490a000001005001bb06000000
00000000000000000000000000000000
00000000000000000000000000000000
00000000000000000000000000000000
00000000000000000000000000000000
00000000000000000000000000000000
00000000000000000000000000000000
00000000000000000000000000000000
00000000000000000000000000000000
00000000000000000000000000000000
00000000000000000000000000000000
00000000000000000000000000000000
00000000000000000000000000000000
00000000000000000000000000000000
00000000000000000000000000000000
00000000000000000000000000000000
00000000000000000000000000000000
00000000000000000000000000000000
00000000000000000000000000000000
c0a816290a000001005001bb06000000
00000000000000000000000000000000
00000000000000000000000000000000
c0a81c5b0a000001005001bb06000000
c0a824570a000001005001bb06000000
00000000000000000000000000000000
c0a826ea0a000001005001bb06000000
c0a81eee0a000001005001bb06000000
c0a8238e0a000001005001bb06000000
00000000000000000000000000000000
c0a813960a000001005001bb06000000
c0a812490a000001005001bb06000000
c0a816f20a000001005001bb06000000
00000000000000000000000000000000
00000000000000000000000000000000
00000000000000000000000000000000
00000000000000000000000000000000
00000000000000000000000000000000
00000000000000000000000000000000
00000000000000000000000000000000
c0a81faf0a000001005001bb06000000
00000000000000000000000000000000
00000000000000000000000000000000
00000000000000000000000000000000
00000000000000000000000000000000
00000000000000000000000000000000
00000000000000000000000000000000
00000000000000000000000000000000
00000000000000000000000000000000
00000000000000000000000000000000
00000000000000000000000000000000
00000000000000000000000000000000
c0a813130a000001005001bb06000000
00000000000000000000000000000000
c0a81b540a000001005001bb06000000
00000000000000000000000000000000
00000000000000000000000000000000
00000000000000000000000000000000
00000000000000000000000000000000
c0a803e40a000001005001bb06000000
00000000000000000000000000000000
00000000000000000000000000000000
00000000000000000000000000000000
00000000000000000000000000000000
00000000000000000000000000000000
00000000000000000000000000000000
c0a816ac0a000001005001bb06000000
c0a81ea80a000001005001bb06000000
00000000000000000000000000000000
00000000000000000000000000000000
c0a8128f0a000001005001bb06000000
c0a81a8b0a000001005001bb06000000
c0a806b40a000001005001bb06000000
00000000000000000000000000000000
c0a8166e0a000001005001bb06000000
c0a81e6a0a000001005001bb06000000
c0a826660a000001005001bb06000000
00000000000000000000000000000000
c0a824120a000001005001bb06000000
c0a81c160a000001005001bb06000000
00000000000000000000000000000000
00000000000000000000000000000000
c0a820330a000001005001bb06000000
00000000000000000000000000000000
00000000000000000000000000000000
00000000000000000000000000000000
00000000000000000000000000000000
00000000000000000000000000000000
00000000000000000000000000000000
00000000000000000000000000000000
00000000000000000000000000000000
00000000000000000000000000000000
00000000000000000000000000000000
00000000000000000000000000000000
00000000000000000000000000000000
00000000000000000000000000000000
00000000000000000000000000000000
00000000000000000000000000000000
c0a824da0a000001005001bb06000000
00000000000000000000000000000000
00000000000000000000000000000000
00000000000000000000000000000000
00000000000000000000000000000000
00000000000000000000000000000000
c0a805ac0a000001005001bb06000000
00000000000000000000000000000000
c0a825180a000001005001bb06000000
c0a81d1c0a000001005001bb06000000
00000000000000000000000000000000
00000000000000000000000000000000
00000000000000000000000000000000
00000000000000000000000000000000
00000000000000000000000000000000
00000000000000000000000000000000
00000000000000000000000000000000
00000000000000000000000000000000
c0a8255e0a000001005001bb06000000
00000000000000000000000000000000
c0a805280a000001005001bb06000000
00000000000000000000000000000000
00000000000000000000000000000000
00000000000000000000000000000000
00000000000000000000000000000000
00000000000000000000000000000000
c0a81b4e0a000001005001bb06000000
00000000000000000000000000000000
c0a825e20a000001005001bb06000000
c0a813520a000001005001bb06000000
c0a815ea0a000001005001bb06000000
00000000000000000000000000000000
00000000000000000000000000000000
00000000000000000000000000000000
00000000000000000000000000000000
00000000000000000000000000000000
00000000000000000000000000000000
00000000000000000000000000000000
c0a804a40a000001005001bb06000000
00000000000000000000000000000000
00000000000000000000000000000000
00000000000000000000000000000000
00000000000000000000000000000000
00000000000000000000000000000000
00000000000000000000000000000000
00000000000000000000000000000000
00000000000000000000000000000000
00000000000000000000000000000000
c0a806300a000001005001bb06000000
00000000000000000000000000000000
c0a824560a000001005001bb06000000
00000000000000000000000000000000
00000000000000000000000000000000
00000000000000000000000000000000
c0a816280a000001005001bb06000000
00000000000000000000000000000000
c0a813950a000001005001bb06000000
c0a8124a0a000001005001bb06000000
c0a816f10a000001005001bb06000000
00000000000000000000000000000000
c0a826e90a000001005001bb06000000
c0a81eed0a000001005001bb06000000
00000000000000000000000000000000
00000000000000000000000000000000
00000000000000000000000000000000
00000000000000000000000000000000
00000000000000000000000000000000
00000000000000000000000000000000
00000000000000000000000000000000
c0a81fb00a000001005001bb06000000
00000000000000000000000000000000
00000000000000000000000000000000
00000000000000000000000000000000
00000000000000000000000000000000
00000000000000000000000000000000
00000000000000000000000000000000
00000000000000000000000000000000
00000000000000000000000000000000
00000000000000000000000000000000
00000000000000000000000000000000
c0a813570a000001005001bb06000000
00000000000000000000000000000000
00000000000000000000000000000000
00000000000000000000000000000000
00000000000000000000000000000000
00000000000000000000000000000000
c0a81b100a000001005001bb06000000
c0a813140a000001005001bb06000000
00000000000000000000000000000000
00000000000000000000000000000000
00000000000000000000000000000000
00000000000000000000000000000000
00000000000000000000000000000000
c0a81ff60a000001005001bb06000000
00000000000000000000000000000000
00000000000000000000000000000000
c0a81a8c0a000001005001bb06000000
c0a81bd70a000001005001bb06000000
00000000000000000000000000000000
00000000000000000000000000000000
c0a80eaf0a000001005001bb06000000
c0a816ab0a000001005001bb06000000
00000000000000000000000000000000
c0a812900a000001005001bb06000000
c0a824110a000001005001bb06000000
c0a81c150a000001005001bb06000000
00000000000000000000000000000000
00000000000000000000000000000000
c0a8166d0a000001005001bb06000000
c0a81e690a000001005001bb06000000
c0a826650a000001005001bb06000000
00000000000000000000000000000000
00000000000000000000000000000000
00000000000000000000000000000000
00000000000000000000000000000000
00000000000000000000000000000000
00000000000000000000000000000000
c0a820340a000001005001bb06000000
00000000000000000000000000000000
00000000000000000000000000000000
00000000000000000000000000000000
00000000000000000000000000000000
00000000000000000000000000000000
c0a80dab0a000001005001bb06000000
c0a824d90a000001005001bb06000000
00000000000000000000000000000000
00000000000000000000000000000000
00000000000000000000000000000000
00000000000000000000000000000000
00000000000000000000000000000000
00000000000000000000000000000000
00000000000000000000000000000000
00000000000000000000000000000000
00000000000000000000000000000000
00000000000000000000000000000000
00000000000000000000000000000000
00000000000000000000000000000000
00000000000000000000000000000000
00000000000000000000000000000000
00000000000000000000000000000000
00000000000000000000000000000000
00000000000000000000000000000000
c0a8255d0a000001005001bb06000000
00000000000000000000000000000000
00000000000000000000000000000000
00000000000000000000000000000000
00000000000000000000000000000000
00000000000000000000000000000000
c0a8251b0a000001005001bb06000000
c0a81d1f0a000001005001bb06000000
00000000000000000000000000000000
00000000000000000000000000000000
00000000000000000000000000000000
00000000000000000000000000000000
00000000000000000000000000000000
00000000000000000000000000000000
00000000000000000000000000000000
00000000000000000000000000000000
00000000000000000000000000000000
00000000000000000000000000000000
c0a825e10a000001005001bb06000000
c0a813530a000001005001bb06000000
c0a815e90a000001005001bb06000000
00000000000000000000000000000000
00000000000000000000000000000000
00000000000000000000000000000000
c0a824970a000001005001bb06000000
c0a8234b0a000001005001bb06000000
00000000000000000000000000000000
00000000000000000000000000000000
c0a8162b0a000001005001bb06000000
c0a80e2f0a000001005001bb06000000
00000000000000000000000000000000
00000000000000000000000000000000
c0a824550a000001005001bb06000000
00000000000000000000000000000000
00000000000000000000000000000000
00000000000000000000000000000000
00000000000000000000000000000000
00000000000000000000000000000000
00000000000000000000000000000000
00000000000000000000000000000000
00000000000000000000000000000000
00000000000000000000000000000000
00000000000000000000000000000000
c0a803a00a000001005001bb06000000
00000000000000000000000000000000
00000000000000000000000000000000
00000000000000000000000000000000
00000000000000000000000000000000
00000000000000000000000000000000
00000000000000000000000000000000
c0a826e80a000001005001bb06000000
c0a81eec0a000001005001bb06000000
00000000000000000000000000000000
00000000000000000000000000000000
c0a81b940a000001005001bb06000000
c0a8124b0a000001005001bb06000000
c0a816f00a000001005001bb06000000
c0a80ef40a000001005001bb06000000
00000000000000000000000000000000
00000000000000000000000000000000
c0a813110a000001005001bb06000000
00000000000000000000000000000000
c0a813560a000001005001bb06000000
c0a81b0d0a000001005001bb06000000
00000000000000000000000000000000
00000000000000000000000000000000
00000000000000000000000000000000
00000000000000000000000000000000
00000000000000000000000000000000
00000000000000000000000000000000
c0a81acb0a000001005001bb06000000
c0a812cf0a000001005001bb06000000
c0a81f6f0a000001005001bb06000000
00000000000000000000000000000000
00000000000000000000000000000000
00000000000000000000000000000000
c0a826a60a000001005001bb06000000
00000000000000000000000000000000
c0a823d20a000001005001bb06000000
00000000000000000000000000000000
00000000000000000000000000000000
00000000000000000000000000000000
c0a81ff30a000001005001bb06000000
c0a817f70a000001005001bb06000000
00000000000000000000000000000000
00000000000000000000000000000000
00000000000000000000000000000000
00000000000000000000000000000000
00000000000000000000000000000000
00000000000000000000000000000000
00000000000000000000000000000000
c0a804240a000001005001bb06000000
00000000000000000000000000000000
00000000000000000000000000000000
00000000000000000000000000000000
00000000000000000000000000000000
00000000000000000000000000000000
00000000000000000000000000000000
c0a8166c0a000001005001bb06000000
c0a81e680a000001005001bb06000000
c0a826640a000001005001bb06000000
00000000000000000000000000000000
00000000000000000000000000000000
c0a824140a000001005001bb06000000
c0a806740a000001005001bb06000000
00000000000000000000000000000000
c0a824d80a000001005001bb06000000
00000000000000000000000000000000
00000000000000000000000000000000
00000000000000000000000000000000
00000000000000000000000000000000
00000000000000000000000000000000
00000000000000000000000000000000
00000000000000000000000000000000
00000000000000000000000000000000
00000000000000000000000000000000
00000000000000000000000000000000
00000000000000000000000000000000
c0a804e80a000001005001bb06000000
00000000000000000000000000000000
00000000000000000000000000000000
00000000000000000000000000000000
00000000000000000000000000000000
00000000000000000000000000000000
c0a8255c0a000001005001bb06000000
00000000000000000000000000000000
00000000000000000000000000000000
00000000000000000000000000000000
00000000000000000000000000000000
00000000000000000000000000000000
c0a8251a0a000001005001bb06000000
c0a81d1e0a000001005001bb06000000
00000000000000000000000000000000
00000000000000000000000000000000
00000000000000000000000000000000
00000000000000000000000000000000
c0a8056c0a000001005001bb06000000
00000000000000000000000000000000
00000000000000000000000000000000
00000000000000000000000000000000
00000000000000000000000000000000
00000000000000000000000000000000
00000000000000000000000000000000
00000000000000000000000000000000
00000000000000000000000000000000
00000000000000000000000000000000
c0a805f00a000001005001bb06000000
00000000000000000000000000000000
c0a824960a000001005001bb06000000
00000000000000000000000000000000
c0a813540a000001005001bb06000000
c0a81b500a000001005001bb06000000
c0a815e80a000001005001bb06000000
00000000000000000000000000000000
00000000000000000000000000000000
00000000000000000000000000000000
c0a824540a000001005001bb06000000
00000000000000000000000000000000
00000000000000000000000000000000
00000000000000000000000000000000
c0a8162a0a000001005001bb06000000
00000000000000000000000000000000
00000000000000000000000000000000
00000000000000000000000000000000
00000000000000000000000000000000
00000000000000000000000000000000
00000000000000000000000000000000
00000000000000000000000000000000
c0a804640a000001005001bb06000000
00000000000000000000000000000000
00000000000000000000000000000000
00000000000000000000000000000000
00000000000000000000000000000000
00000000000000000000000000000000
00000000000000000000000000000000
00000000000000000000000000000000
00000000000000000000000000000000
00000000000000000000000000000000
c0a813970a000001005001bb06000000
c0a81a480a000001005001bb06000000
c0a80ef30a000001005001bb06000000
00000000000000000000000000000000
c0a81eeb0a000001005001bb06000000
c0a816ef0a000001005001bb06000000
c0a8238f0a000001005001bb06000000
00000000000000000000000000000000
c0a813550a000001005001bb06000000
c0a81b0e0a000001005001bb06000000
00000000000000000000000000000000
00000000000000000000000000000000
00000000000000000000000000000000
00000000000000000000000000000000
c0a813120a000001005001bb06000000
00000000000000000000000000000000
c0a822c80a000001005001bb06000000
c0a81acc0a000001005001bb06000000
00000000000000000000000000000000
00000000000000000000000000000000
c0a817740a000001005001bb06000000
c0a81f700a000001005001bb06000000
c0a812d00a000001005001bb06000000
00000000000000000000000000000000
00000000000000000000000000000000
c0a81bd50a000001005001bb06000000
00000000000000000000000000000000
00000000000000000000000000000000
00000000000000000000000000000000
00000000000000000000000000000000
c0a826a50a000001005001bb06000000
00000000000000000000000000000000
00000000000000000000000000000000
00000000000000000000000000000000
00000000000000000000000000000000
00000000000000000000000000000000
00000000000000000000000000000000
c0a81ff40a000001005001bb06000000
00000000000000000000000000000000
00000000000000000000000000000000
00000000000000000000000000000000
00000000000000000000000000000000
00000000000000000000000000000000
00000000000000000000000000000000
00000000000000000000000000000000
00000000000000000000000000000000
00000000000000000000000000000000
00000000000000000000000000000000
c0a824130a000001005001bb06000000
c0a81c170a000001005001bb06000000
00000000000000000000000000000000
00000000000000000000000000000000
c0a80e6f0a000001005001bb06000000
c0a8166b0a000001005001bb06000000
00000000000000000000000000000000
c0a826630a000001005001bb06000000
c0a81d670a000001005001bb06000000
c0a825630a000001005001bb06000000
00000000000000000000000000000000
c0a8156b0a000001005001bb06000000
00000000000000000000000000000000
00000000000000000000000000000000
00000000000000000000000000000000
c0a825150a000001005001bb06000000
00000000000000000000000000000000
00000000000000000000000000000000
00000000000000000000000000000000
00000000000000000000000000000000
00000000000000000000000000000000
00000000000000000000000000000000
00000000000000000000000000000000
00000000000000000000000000000000
00000000000000000000000000000000
00000000000000000000000000000000
00000000000000000000000000000000
00000000000000000000000000000000
00000000000000000000000000000000
00000000000000000000000000000000
00000000000000000000000000000000
00000000000000000000000000000000
00000000000000000000000000000000
00000000000000000000000000000000
00000000000000000000000000000000
c0a815a90a000001005001bb06000000
c0a81cdb0a000001005001bb06000000
00000000000000000000000000000000
00000000000000000000000000000000
c0a824d70a000001005001bb06000000
00000000000000000000000000000000
00000000000000000000000000000000
00000000000000000000000000000000
00000000000000000000000000000000
00000000000000000000000000000000
00000000000000000000000000000000
00000000000000000000000000000000
c0a8261d0a000001005001bb06000000
00000000000000000000000000000000
00000000000000000000000000000000
00000000000000000000000000000000
00000000000000000000000000000000
c0a81c5f0a000001005001bb06000000
c0a8245b0a000001005001bb06000000
00000000000000000000000000000000
00000000000000000000000000000000
00000000000000000000000000000000
00000000000000000000000000000000
c0a80deb0a000001005001bb06000000
00000000000000000000000000000000
00000000000000000000000000000000
00000000000000000000000000000000
00000000000000000000000000000000
c0a81b490a000001005001bb06000000
00000000000000000000000000000000
00000000000000000000000000000000
00000000000000000000000000000000
00000000000000000000000000000000
00000000000000000000000000000000
00000000000000000000000000000000
00000000000000000000000000000000
c0a825df0a000001005001bb06000000
00000000000000000000000000000000
00000000000000000000000000000000
c0a812d10a000001005001bb06000000
00000000000000000000000000000000
c0a822c90a000001005001bb06000000
c0a81acd0a000001005001bb06000000
00000000000000000000000000000000
00000000000000000000000000000000
c0a81f280a000001005001bb06000000
c0a8172c0a000001005001bb06000000
00000000000000000000000000000000
00000000000000000000000000000000
00000000000000000000000000000000
c0a8130f0a000001005001bb06000000
00000000000000000000000000000000
c0a823070a000001005001bb06000000
c0a81eea0a000001005001bb06000000
c0a816ee0a000001005001bb06000000
00000000000000000000000000000000
00000000000000000000000000000000
00000000000000000000000000000000
c0a823920a000001005001bb06000000
c0a80ef20a000001005001bb06000000
00000000000000000000000000000000
00000000000000000000000000000000
c0a81fb30a000001005001bb06000000
00000000000000000000000000000000
00000000000000000000000000000000
00000000000000000000000000000000
00000000000000000000000000000000
00000000000000000000000000000000
00000000000000000000000000000000
c0a81e6e0a000001005001bb06000000
c0a8266a0a000001005001bb06000000
00000000000000000000000000000000
c0a8240e0a000001005001bb06000000
c0a81c120a000001005001bb06000000
c0a814160a000001005001bb06000000
00000000000000000000000000000000
00000000000000000000000000000000
00000000000000000000000000000000
00000000000000000000000000000000
00000000000000000000000000000000
00000000000000000000000000000000
00000000000000000000000000000000
00000000000000000000000000000000
00000000000000000000000000000000
c0a8202f0a000001005001bb06000000
c0a803e00a000001005001bb06000000
c0a817f50a000001005001bb06000000
00000000000000000000000000000000
00000000000000000000000000000000
00000000000000000000000000000000
00000000000000000000000000000000
00000000000000000000000000000000
00000000000000000000000000000000
00000000000000000000000000000000
c0a826a80a000001005001bb06000000
00000000000000000000000000000000
c0a812930a000001005001bb06000000
c0a81a8f0a000001005001bb06000000
c0a806b80a000001005001bb06000000
00000000000000000000000000000000
00000000000000000000000000000000
00000000000000000000000000000000
00000000000000000000000000000000
00000000000000000000000000000000
c0a825140a000001005001bb06000000
00000000000000000000000000000000
c0a825620a000001005001bb06000000
00000000000000000000000000000000
c0a8156a0a000001005001bb06000000
00000000000000000000000000000000
00000000000000000000000000000000
00000000000000000000000000000000
00000000000000000000000000000000
00000000000000000000000000000000
00000000000000000000000000000000
00000000000000000000000000000000
c0a805240a000001005001bb06000000
00000000000000000000000000000000
00000000000000000000000000000000
00000000000000000000000000000000
00000000000000000000000000000000
00000000000000000000000000000000
00000000000000000000000000000000
00000000000000000000000000000000
00000000000000000000000000000000
00000000000000000000000000000000
c0a805b00a000001005001bb06000000
00000000000000000000000000000000
c0a824d60a000001005001bb06000000
00000000000000000000000000000000
00000000000000000000000000000000
00000000000000000000000000000000
c0a815a80a000001005001bb06000000
00000000000000000000000000000000
00000000000000000000000000000000
00000000000000000000000000000000
c0a8261c0a000001005001bb06000000
00000000000000000000000000000000
00000000000000000000000000000000
00000000000000000000000000000000
00000000000000000000000000000000
00000000000000000000000000000000
c0a8245a0a000001005001bb06000000
00000000000000000000000000000000
00000000000000000000000000000000
00000000000000000000000000000000
00000000000000000000000000000000
00000000000000000000000000000000
c0a8062c0a000001005001bb06000000
00000000000000000000000000000000
00000000000000000000000000000000
00000000000000000000000000000000
c0a81b4a0a000001005001bb06000000
00000000000000000000000000000000
00000000000000000000000000000000
00000000000000000000000000000000
00000000000000000000000000000000
00000000000000000000000000000000
00000000000000000000000000000000
00000000000000000000000000000000
c0a825de0a000001005001bb06000000
00000000000000000000000000000000
c0a804a80a000001005001bb06000000
00000000000000000000000000000000
00000000000000000000000000000000
c0a822ca0a000001005001bb06000000
c0a81ace0a000001005001bb06000000
00000000000000000000000000000000
00000000000000000000000000000000
00000000000000000000000000000000
00000000000000000000000000000000
c0a812d20a000001005001bb06000000
00000000000000000000000000000000
00000000000000000000000000000000
c0a81b0c0a000001005001bb06000000
00000000000000000000000000000000
00000000000000000000000000000000
c0a8172b0a000001005001bb06000000
c0a80f2f0a000001005001bb06000000
c0a813100a000001005001bb06000000
00000000000000000000000000000000
c0a81b950a000001005001bb06000000
00000000000000000000000000000000
c0a80ef10a000001005001bb06000000
00000000000000000000000000000000
c0a81ee90a000001005001bb06000000
c0a816ed0a000001005001bb06000000
00000000000000000000000000000000
00000000000000000000000000000000
00000000000000000000000000000000
00000000000000000000000000000000
00000000000000000000000000000000
00000000000000000000000000000000
c0a81fb40a000001005001bb06000000
00000000000000000000000000000000
00000000000000000000000000000000
00000000000000000000000000000000
c0a81c110a000001005001bb06000000
c0a814150a000001005001bb06000000
00000000000000000000000000000000
00000000000000000000000000000000
c0a81e6d0a000001005001bb06000000
c0a826690a000001005001bb06000000
00000000000000000000000000000000
00000000000000000000000000000000
00000000000000000000000000000000
00000000000000000000000000000000
00000000000000000000000000000000
00000000000000000000000000000000
c0a820300a000001005001bb06000000
00000000000000000000000000000000
00000000000000000000000000000000
00000000000000000000000000000000
00000000000000000000000000000000
00000000000000000000000000000000
00000000000000000000000000000000
00000000000000000000000000000000
c0a81ff20a000001005001bb06000000
c0a817f60a000001005001bb06000000
00000000000000000000000000000000
00000000000000000000000000000000
c0a81bd30a000001005001bb06000000
c0a813d70a000001005001bb06000000
00000000000000000000000000000000
00000000000000000000000000000000
00000000000000000000000000000000
00000000000000000000000000000000
c0a812940a000001005001bb06000000
c0a81a900a000001005001bb06000000
00000000000000000000000000000000
00000000000000000000000000000000
00000000000000000000000000000000
00000000000000000000000000000000
00000000000000000000000000000000
00000000000000000000000000000000
00000000000000000000000000000000
00000000000000000000000000000000
00000000000000000000000000000000
c0a825610a000001005001bb06000000
00000000000000000000000000000000
c0a815690a000001005001bb06000000
c0a81d1b0a000001005001bb06000000
c0a8151f0a000001005001bb06000000
00000000000000000000000000000000
c0a825170a000001005001bb06000000
00000000000000000000000000000000
00000000000000000000000000000000
c0a80daf0a000001005001bb06000000
c0a815ab0a000001005001bb06000000
00000000000000000000000000000000
00000000000000000000000000000000
00000000000000000000000000000000
c0a824d50a000001005001bb06000000
00000000000000000000000000000000
00000000000000000000000000000000
00000000000000000000000000000000
c0a820f60a000001005001bb06000000
00000000000000000000000000000000
00000000000000000000000000000000
00000000000000000000000000000000
00000000000000000000000000000000
00000000000000000000000000000000
00000000000000000000000000000000
c0a80e2b0a000001005001bb06000000
00000000000000000000000000000000
00000000000000000000000000000000
c0a824590a000001005001bb06000000
00000000000000000000000000000000
00000000000000000000000000000000
00000000000000000000000000000000
00000000000000000000000000000000
00000000000000000000000000000000
00000000000000000000000000000000
00000000000000000000000000000000
00000000000000000000000000000000
00000000000000000000000000000000
00000000000000000000000000000000
00000000000000000000000000000000
00000000000000000000000000000000
00000000000000000000000000000000
00000000000000000000000000000000
00000000000000000000000000000000
00000000000000000000000000000000
00000000000000000000000000000000
c0a825dd0a000001005001bb06000000
00000000000000000000000000000000
00000000000000000000000000000000
00000000000000000000000000000000
00000000000000000000000000000000
00000000000000000000000000000000
00000000000000000000000000000000
c0a8134f0a000001005001bb06000000
00000000000000000000000000000000
00000000000000000000000000000000
00000000000000000000000000000000
00000000000000000000000000000000
00000000000000000000000000000000
c0a81b560a000001005001bb06000000
00000000000000000000000000000000
00000000000000000000000000000000
00000000000000000000000000000000
00000000000000000000000000000000
00000000000000000000000000000000
c0a812d30a000001005001bb06000000
00000000000000000000000000000000
c0a822cb0a000001005001bb06000000
c0a81acf0a000001005001bb06000000
00000000000000000000000000000000
00000000000000000000000000000000
c0a803a40a000001005001bb06000000
00000000000000000000000000000000
00000000000000000000000000000000
00000000000000000000000000000000
00000000000000000000000000000000
00000000000000000000000000000000
00000000000000000000000000000000
00000000000000000000000000000000
c0a81ee80a000001005001bb06000000
c0a816ec0a000001005001bb06000000
00000000000000000000000000000000
c0a826e40a000001005001bb06000000
00000000000000000000000000000000
c0a80a4b0a000001005001bb06000000
00000000000000000000000000000000
00000000000000000000000000000000
c0a804200a000001005001bb06000000
00000000000000000000000000000000
00000000000000000000000000000000
00000000000000000000000000000000
00000000000000000000000000000000
00000000000000000000000000000000
00000000000000000000000000000000
00000000000000000000000000000000
c0a81e6c0a000001005001bb06000000
c0a826680a000001005001bb06000000
00000000000000000000000000000000
00000000000000000000000000000000
c0a824100a000001005001bb06000000
c0a806780a000001005001bb06000000
00000000000000000000000000000000
00000000000000000000000000000000
00000000000000000000000000000000
c0a826aa0a000001005001bb06000000
00000000000000000000000000000000
c0a812910a000001005001bb06000000
c0a81a8d0a000001005001bb06000000
c0a813d60a000001005001bb06000000
00000000000000000000000000000000
00000000000000000000000000000000
c0a817f30a000001005001bb06000000
00000000000000000000000000000000
00000000000000000000000000000000
00000000000000000000000000000000
00000000000000000000000000000000
00000000000000000000000000000000
00000000000000000000000000000000
c0a81fef0a000001005001bb06000000
00000000000000000000000000000000
00000000000000000000000000000000
00000000000000000000000000000000
00000000000000000000000000000000
00000000000000000000000000000000
00000000000000000000000000000000
00000000000000000000000000000000
00000000000000000000000000000000
c0a81d1a0a000001005001bb06000000
c0a805700a000001005001bb06000000
00000000000000000000000000000000
c0a825160a000001005001bb06000000
00000000000000000000000000000000
c0a825600a000001005001bb06000000
00000000000000000000000000000000
c0a815680a000001005001bb06000000
00000000000000000000000000000000
00000000000000000000000000000000
00000000000000000000000000000000
c0a824d40a000001005001bb06000000
00000000000000000000000000000000
00000000000000000000000000000000
00000000000000000000000000000000
c0a815aa0a000001005001bb06000000
00000000000000000000000000000000
00000000000000000000000000000000
00000000000000000000000000000000
00000000000000000000000000000000
00000000000000000000000000000000
00000000000000000000000000000000
00000000000000000000000000000000
c0a804e40a000001005001bb06000000
00000000000000000000000000000000
c0a824580a000001005001bb06000000
00000000000000000000000000000000
00000000000000000000000000000000
00000000000000000000000000000000
00000000000000000000000000000000
00000000000000000000000000000000
00000000000000000000000000000000
00000000000000000000000000000000
00000000000000000000000000000000
00000000000000000000000000000000
c0a8261e0a000001005001bb06000000
00000000000000000000000000000000
c0a804680a000001005001bb06000000
00000000000000000000000000000000
00000000000000000000000000000000
00000000000000000000000000000000
00000000000000000000000000000000
00000000000000000000000000000000
c0a825dc0a000001005001bb06000000
00000000000000000000000000000000
00000000000000000000000000000000
00000000000000000000000000000000
00000000000000000000000000000000
00000000000000000000000000000000
00000000000000000000000000000000
c0a81b4c0a000001005001bb06000000
00000000000000000000000000000000
00000000000000000000000000000000
c0a813500a000001005001bb06000000
00000000000000000000000000000000
c0a805ec0a000001005001bb06000000
c0a81b550a000001005001bb06000000
c0a823510a000001005001bb06000000
00000000000000000000000000000000
00000000000000000000000000000000
00000000000000000000000000000000
00000000000000000000000000000000
00000000000000000000000000000000
00000000000000000000000000000000
00000000000000000000000000000000
c0a822cc0a000001005001bb06000000
00000000000000000000000000000000
00000000000000000000000000000000
00000000000000000000000000000000
00000000000000000000000000000000
c0a81ad00a000001005001bb06000000
c0a812d40a000001005001bb06000000
00000000000000000000000000000000
00000000000000000000000000000000
00000000000000000000000000000000
00000000000000000000000000000000
00000000000000000000000000000000
00000000000000000000000000000000
00000000000000000000000000000000
00000000000000000000000000000000
c0a81b970a000001005001bb06000000
c0a812480a000001005001bb06000000
00000000000000000000000000000000
00000000000000000000000000000000
c0a816eb0a000001005001bb06000000
c0a80eef0a000001005001bb06000000
c0a826e30a000001005001bb06000000
00000000000000000000000000000000
00000000000000000000000000000000
00000000000000000000000000000000
00000000000000000000000000000000
00000000000000000000000000000000
00000000000000000000000000000000
00000000000000000000000000000000
00000000000000000000000000000000
00000000000000000000000000000000
c0a81c130a000001005001bb06000000
c0a814170a000001005001bb06000000
00000000000000000000000000000000
00000000000000000000000000000000
c0a8166f0a000001005001bb06000000
c0a81e6b0a000001005001bb06000000
c0a826670a000001005001bb06000000
c0a8240f0a000001005001bb06000000
c0a81a8e0a000001005001bb06000000
c0a813d50a000001005001bb06000000
00000000000000000000000000000000
00000000000000000000000000000000
00000000000000000000000000000000
c0a826a90a000001005001bb06000000
00000000000000000000000000000000
c0a812920a000001005001bb06000000
00000000000000000000000000000000
00000000000000000000000000000000
00000000000000000000000000000000
00000000000000000000000000000000
c0a81ff00a000001005001bb06000000
c0a817f40a000001005001bb06000000
00000000000000000000000000000000
00000000000000000000000000000000
c0a8228e0a000001005001bb06000000
c0a805500a000001005001bb06000000
00000000000000000000000000000000
c0a81fee0a000001005001bb06000000
c0a817f20a000001005001bb06000000
00000000000000000000000000000000
c0a812960a000001005001bb06000000
c0a815480a000001005001bb06000000
00000000000000000000000000000000
00000000000000000000000000000000
00000000000000000000000000000000
00000000000000000000000000000000
00000000000000000000000000000000
c0a826ab0a000001005001bb06000000
00000000000000000000000000000000
00000000000000000000000000000000
00000000000000000000000000000000
00000000000000000000000000000000
00000000000000000000000000000000
00000000000000000000000000000000
c0a8266d0a000001005001bb06000000
00000000000000000000000000000000
00000000000000000000000000000000
00000000000000000000000000000000
c0a814130a000001005001bb06000000
00000000000000000000000000000000
00000000000000000000000000000000
c0a8202c0a000001005001bb06000000
00000000000000000000000000000000
00000000000000000000000000000000
c0a81a540a000001005001bb06000000
c0a81c0f0a000001005001bb06000000
00000000000000000000000000000000
00000000000000000000000000000000
c0a826f10a000001005001bb06000000
c0a81ef50a000001005001bb06000000
00000000000000000000000000000000
00000000000000000000000000000000
00000000000000000000000000000000
00000000000000000000000000000000
00000000000000000000000000000000
00000000000000000000000000000000
00000000000000000000000000000000
c0a81fa80a000001005001bb06000000
c0a823870a000001005001bb06000000
00000000000000000000000000000000
c0a8138f0a000001005001bb06000000
c0a81b8b0a000001005001bb06000000
00000000000000000000000000000000
00000000000000000000000000000000
c0a8176e0a000001005001bb06000000
c0a81f6a0a000001005001bb06000000
00000000000000000000000000000000
00000000000000000000000000000000
00000000000000000000000000000000
c0a81b160a000001005001bb06000000
00000000000000000000000000000000
00000000000000000000000000000000
00000000000000000000000000000000
00000000000000000000000000000000
00000000000000000000000000000000
00000000000000000000000000000000
00000000000000000000000000000000
00000000000000000000000000000000
00000000000000000000000000000000
00000000000000000000000000000000
00000000000000000000000000000000
00000000000000000000000000000000
00000000000000000000000000000000
00000000000000000000000000000000
00000000000000000000000000000000
00000000000000000000000000000000
00000000000000000000000000000000
00000000000000000000000000000000
00000000000000000000000000000000
00000000000000000000000000000000
00000000000000000000000000000000
00000000000000000000000000000000
00000000000000000000000000000000
00000000000000000000000000000000
00000000000000000000000000000000
00000000000000000000000000000000
00000000000000000000000000000000
c0a820610a000001005001bb06000000
00000000000000000000000000000000
c0a805c40a000001005001bb06000000
c0a8221b0a000001005001bb06000000
c0a81a1f0a000001005001bb06000000
00000000000000000000000000000000
00000000000000000000000000000000
00000000000000000000000000000000
00000000000000000000000000000000
00000000000000000000000000000000
00000000000000000000000000000000
00000000000000000000000000000000
00000000000000000000000000000000
c0a818e90a000001005001bb06000000
c0a804580a000001005001bb06000000
00000000000000000000000000000000
c0a814500a000001005001bb06000000
c0a81c4c0a000001005001bb06000000
c0a824480a000001005001bb06000000
00000000000000000000000000000000
00000000000000000000000000000000
c0a825b40a000001005001bb06000000
00000000000000000000000000000000
00000000000000000000000000000000
00000000000000000000000000000000
00000000000000000000000000000000
00000000000000000000000000000000
00000000000000000000000000000000
00000000000000000000000000000000
c0a825760a000001005001bb06000000
00000000000000000000000000000000
00000000000000000000000000000000
00000000000000000000000000000000
00000000000000000000000000000000
c0a804cc0a000001005001bb06000000
00000000000000000000000000000000
00000000000000000000000000000000
00000000000000000000000000000000
00000000000000000000000000000000
00000000000000000000000000000000
00000000000000000000000000000000
00000000000000000000000000000000
00000000000000000000000000000000
00000000000000000000000000000000
c0a821590a000001005001bb06000000
c0a817f10a000001005001bb06000000
00000000000000000000000000000000
c0a812950a000001005001bb06000000
c0a815490a000001005001bb06000000
c0a8228d0a000001005001bb06000000
00000000000000000000000000000000
00000000000000000000000000000000
c0a81fed0a000001005001bb06000000
c0a826ac0a000001005001bb06000000
00000000000000000000000000000000
00000000000000000000000000000000
00000000000000000000000000000000
c0a806bc0a000001005001bb06000000
00000000000000000000000000000000
00000000000000000000000000000000
00000000000000000000000000000000
c0a8266e0a000001005001bb06000000
c0a823c60a000001005001bb06000000
00000000000000000000000000000000
c0a813ce0a000001005001bb06000000
00000000000000000000000000000000
00000000000000000000000000000000
00000000000000000000000000000000
00000000000000000000000000000000
00000000000000000000000000000000
00000000000000000000000000000000
c0a812570a000001005001bb06000000
c0a81a530a000001005001bb06000000
c0a81c100a000001005001bb06000000
c0a814140a000001005001bb06000000
c0a8202b0a000001005001bb06000000
c0a8041c0a000001005001bb06000000
00000000000000000000000000000000
c0a806480a000001005001bb06000000
00000000000000000000000000000000
00000000000000000000000000000000
00000000000000000000000000000000
00000000000000000000000000000000
c0a826f20a000001005001bb06000000
c0a81ef60a000001005001bb06000000
00000000000000000000000000000000
00000000000000000000000000000000
c0a81b8c0a000001005001bb06000000
c0a81ad70a000001005001bb06000000
00000000000000000000000000000000
c0a813900a000001005001bb06000000
00000000000000000000000000000000
c0a803980a000001005001bb06000000
00000000000000000000000000000000
00000000000000000000000000000000
c0a823110a000001005001bb06000000
c0a81b150a000001005001bb06000000
00000000000000000000000000000000
00000000000000000000000000000000
c0a8176d0a000001005001bb06000000
c0a81f690a000001005001bb06000000
00000000000000000000000000000000
00000000000000000000000000000000
00000000000000000000000000000000
00000000000000000000000000000000
00000000000000000000000000000000
00000000000000000000000000000000
00000000000000000000000000000000
00000000000000000000000000000000
00000000000000000000000000000000
00000000000000000000000000000000
00000000000000000000000000000000
00000000000000000000000000000000
00000000000000000000000000000000
00000000000000000000000000000000
00000000000000000000000000000000
00000000000000000000000000000000
00000000000000000000000000000000
00000000000000000000000000000000
00000000000000000000000000000000
c0a821dc0a000001005001bb06000000
00000000000000000000000000000000
00000000000000000000000000000000
00000000000000000000000000000000
00000000000000000000000000000000
00000000000000000000000000000000
00000000000000000000000000000000
c0a8221a0a000001005001bb06000000
c0a81a1e0a000001005001bb06000000
00000000000000000000000000000000
00000000000000000000000000000000
00000000000000000000000000000000
c0a820600a000001005001bb06000000
00000000000000000000000000000000
00000000000000000000000000000000
00000000000000000000000000000000
00000000000000000000000000000000
00000000000000000000000000000000
00000000000000000000000000000000
00000000000000000000000000000000
00000000000000000000000000000000
c0a81c4d0a000001005001bb06000000
c0a824490a000001005001bb06000000
00000000000000000000000000000000
00000000000000000000000000000000
c0a818e80a000001005001bb06000000
00000000000000000000000000000000
00000000000000000000000000000000
c0a814510a000001005001bb06000000
00000000000000000000000000000000
00000000000000000000000000000000
00000000000000000000000000000000
00000000000000000000000000000000
c0a825b50a000001005001bb06000000
00000000000000000000000000000000
00000000000000000000000000000000
00000000000000000000000000000000
00000000000000000000000000000000
00000000000000000000000000000000
00000000000000000000000000000000
00000000000000000000000000000000
c0a825770a000001005001bb06000000
00000000000000000000000000000000
00000000000000000000000000000000
00000000000000000000000000000000
00000000000000000000000000000000
00000000000000000000000000000000
00000000000000000000000000000000
c0a821580a000001005001bb06000000
c0a8112a0a000001005001bb06000000
00000000000000000000000000000000
00000000000000000000000000000000
00000000000000000000000000000000
00000000000000000000000000000000
00000000000000000000000000000000
00000000000000000000000000000000
00000000000000000000000000000000
c0a826ad0a000001005001bb06000000
00000000000000000000000000000000
00000000000000000000000000000000
00000000000000000000000000000000
00000000000000000000000000000000
00000000000000000000000000000000
00000000000000000000000000000000
c0a81fec0a000001005001bb06000000
c0a817f00a000001005001bb06000000
00000000000000000000000000000000
c0a81a940a000001005001bb06000000
c0a8154a0a000001005001bb06000000
c0a814110a000001005001bb06000000
00000000000000000000000000000000
00000000000000000000000000000000
00000000000000000000000000000000
00000000000000000000000000000000
00000000000000000000000000000000
c0a812560a000001005001bb06000000
c0a81a520a000001005001bb06000000
00000000000000000000000000000000
00000000000000000000000000000000
00000000000000000000000000000000
00000000000000000000000000000000
c0a81e6f0a000001005001bb06000000
c0a823c70a000001005001bb06000000
c0a81bcb0a000001005001bb06000000
c0a813cf0a000001005001bb06000000
00000000000000000000000000000000
00000000000000000000000000000000
00000000000000000000000000000000
00000000000000000000000000000000
00000000000000000000000000000000
00000000000000000000000000000000
c0a822d20a000001005001bb06000000
c0a81ad60a000001005001bb06000000
00000000000000000000000000000000
00000000000000000000000000000000
c0a81ef30a000001005001bb06000000
c0a816f70a000001005001bb06000000
00000000000000000000000000000000
c0a826ef0a000001005001bb06000000
00000000000000000000000000000000
00000000000000000000000000000000
00000000000000000000000000000000
00000000000000000000000000000000
00000000000000000000000000000000
00000000000000000000000000000000
00000000000000000000000000000000
00000000000000000000000000000000
00000000000000000000000000000000
00000000000000000000000000000000
00000000000000000000000000000000
00000000000000000000000000000000
c0a8176c0a000001005001bb06000000
c0a81f680a000001005001bb06000000
00000000000000000000000000000000
00000000000000000000000000000000
00000000000000000000000000000000
00000000000000000000000000000000
00000000000000000000000000000000
00000000000000000000000000000000
00000000000000000000000000000000
00000000000000000000000000000000
c0a8048c0a000001005001bb06000000
00000000000000000000000000000000
c0a821db0a000001005001bb06000000
00000000000000000000000000000000
00000000000000000000000000000000
00000000000000000000000000000000
00000000000000000000000000000000
00000000000000000000000000000000
00000000000000000000000000000000
00000000000000000000000000000000
00000000000000000000000000000000
00000000000000000000000000000000
00000000000000000000000000000000
00000000000000000000000000000000
00000000000000000000000000000000
00000000000000000000000000000000
c0a8205f0a000001005001bb06000000
00000000000000000000000000000000
c0a806080a000001005001bb06000000
00000000000000000000000000000000
00000000000000000000000000000000
00000000000000000000000000000000
00000000000000000000000000000000
00000000000000000000000000000000
00000000000000000000000000000000
00000000000000000000000000000000
00000000000000000000000000000000
c0a8221d0a000001005001bb06000000
c0a825b60a000001005001bb06000000
00000000000000000000000000000000
00000000000000000000000000000000
00000000000000000000000000000000
c0a805840a000001005001bb06000000
00000000000000000000000000000000
00000000000000000000000000000000
00000000000000000000000000000000
00000000000000000000000000000000
00000000000000000000000000000000
c0a820e30a000001005001bb06000000
c0a814520a000001005001bb06000000
c0a81c4e0a000001005001bb06000000
c0a8244a0a000001005001bb06000000
00000000000000000000000000000000
00000000000000000000000000000000
c0a819290a000001005001bb06000000
00000000000000000000000000000000
c0a805100a000001005001bb06000000
00000000000000000000000000000000
c0a821570a000001005001bb06000000
00000000000000000000000000000000
00000000000000000000000000000000
00000000000000000000000000000000
00000000000000000000000000000000
00000000000000000000000000000000
00000000000000000000000000000000
00000000000000000000000000000000
00000000000000000000000000000000
00000000000000000000000000000000
00000000000000000000000000000000
00000000000000000000000000000000
c0a826ae0a000001005001bb06000000
00000000000000000000000000000000
00000000000000000000000000000000
00000000000000000000000000000000
00000000000000000000000000000000
00000000000000000000000000000000
00000000000000000000000000000000
00000000000000000000000000000000
c0a80ff30a000001005001bb06000000
00000000000000000000000000000000
c0a812970a000001005001bb06000000
c0a81a930a000001005001bb06000000
c0a8228f0a000001005001bb06000000
00000000000000000000000000000000
c0a81feb0a000001005001bb06000000
c0a817ef0a000001005001bb06000000
00000000000000000000000000000000
00000000000000000000000000000000
c0a812550a000001005001bb06000000
c0a81a510a000001005001bb06000000
c0a814120a000001005001bb06000000
00000000000000000000000000000000
00000000000000000000000000000000
c0a8202d0a000001005001bb06000000
c0a8266c0a000001005001bb06000000
00000000000000000000000000000000
00000000000000000000000000000000
c0a81bcc0a000001005001bb06000000
c0a8067c0a000001005001bb06000000
00000000000000000000000000000000
c0a803d80a000001005001bb06000000
00000000000000000000000000000000
c0a823860a000001005001bb06000000
00000000000000000000000000000000
c0a8138e0a000001005001bb06000000
c0a81ad50a000001005001bb06000000
00000000000000000000000000000000
00000000000000000000000000000000
00000000000000000000000000000000
c0a81fa90a000001005001bb06000000
00000000000000000000000000000000
00000000000000000000000000000000
00000000000000000000000000000000
00000000000000000000000000000000
00000000000000000000000000000000
00000000000000000000000000000000
c0a826f00a000001005001bb06000000
c0a81ef40a000001005001bb06000000
00000000000000000000000000000000
00000000000000000000000000000000
00000000000000000000000000000000
00000000000000000000000000000000
00000000000000000000000000000000
00000000000000000000000000000000
00000000000000000000000000000000
00000000000000000000000000000000
00000000000000000000000000000000
00000000000000000000000000000000
c0a823130a000001005001bb06000000
00000000000000000000000000000000
00000000000000000000000000000000
00000000000000000000000000000000
c0a80f6f0a000001005001bb06000000
c0a8176b0a000001005001bb06000000
00000000000000000000000000000000
00000000000000000000000000000000
00000000000000000000000000000000
00000000000000000000000000000000
00000000000000000000000000000000
00000000000000000000000000000000
00000000000000000000000000000000
00000000000000000000000000000000
00000000000000000000000000000000
00000000000000000000000000000000
00000000000000000000000000000000
00000000000000000000000000000000
00000000000000000000000000000000
00000000000000000000000000000000
00000000000000000000000000000000
00000000000000000000000000000000
00000000000000000000000000000000
00000000000000000000000000000000
00000000000000000000000000000000
00000000000000000000000000000000
00000000000000000000000000000000
00000000000000000000000000000000
00000000000000000000000000000000
00000000000000000000000000000000
00000000000000000000000000000000
00000000000000000000000000000000
00000000000000000000000000000000
c0a8221c0a000001005001bb06000000
00000000000000000000000000000000
00000000000000000000000000000000
00000000000000000000000000000000
00000000000000000000000000000000
00000000000000000000000000000000
00000000000000000000000000000000
00000000000000000000000000000000
00000000000000000000000000000000
c0a825b70a000001005001bb06000000
00000000000000000000000000000000
00000000000000000000000000000000
00000000000000000000000000000000
c0a81c4f0a000001005001bb06000000
c0a8244b0a000001005001bb06000000
00000000000000000000000000000000
00000000000000000000000000000000
c0a810ea0a000001005001bb06000000
00000000000000000000000000000000
00000000000000000000000000000000
c0a814530a000001005001bb06000000
c0a821560a000001005001bb06000000
00000000000000000000000000000000
00000000000000000000000000000000
00000000000000000000000000000000
c0a819280a000001005001bb06000000
00000000000000000000000000000000
00000000000000000000000000000000
00000000000000000000000000000000
00000000000000000000000000000000
00000000000000000000000000000000
00000000000000000000000000000000
00000000000000000000000000000000
00000000000000000000000000000000
00000000000000000000000000000000
00000000000000000000000000000000
00000000000000000000000000000000
c0a813d10a000001005001bb06000000
00000000000000000000000000000000
00000000000000000000000000000000
00000000000000000000000000000000
00000000000000000000000000000000
00000000000000000000000000000000
00000000000000000000000000000000
c0a81bcd0a000001005001bb06000000
00000000000000000000000000000000
00000000000000000000000000000000
c0a820280a000001005001bb06000000
00000000000000000000000000000000
00000000000000000000000000000000
c0a824070a000001005001bb06000000
c0a81c0b0a000001005001bb06000000
c0a8140f0a000001005001bb06000000
00000000000000000000000000000000
00000000000000000000000000000000
c0a81fea0a000001005001bb06000000
c0a817ee0a000001005001bb06000000
c0a80ff20a000001005001bb06000000
00000000000000000000000000000000
c0a8054c0a000001005001bb06000000
c0a822920a000001005001bb06000000
00000000000000000000000000000000
00000000000000000000000000000000
00000000000000000000000000000000
00000000000000000000000000000000
c0a826af0a000001005001bb06000000
00000000000000000000000000000000
00000000000000000000000000000000
00000000000000000000000000000000
00000000000000000000000000000000
00000000000000000000000000000000
c0a81f6e0a000001005001bb06000000
00000000000000000000000000000000
00000000000000000000000000000000
00000000000000000000000000000000
c0a81b120a000001005001bb06000000
c0a813160a000001005001bb06000000
00000000000000000000000000000000
00000000000000000000000000000000
00000000000000000000000000000000
00000000000000000000000000000000
00000000000000000000000000000000
00000000000000000000000000000000
00000000000000000000000000000000
00000000000000000000000000000000
00000000000000000000000000000000
00000000000000000000000000000000
c0a81ef10a000001005001bb06000000
c0a816f50a000001005001bb06000000
00000000000000000000000000000000
c0a826ed0a000001005001bb06000000
00000000000000000000000000000000
00000000000000000000000000000000
00000000000000000000000000000000
c0a813930a000001005001bb06000000
c0a81fac0a000001005001bb06000000
00000000000000000000000000000000
00000000000000000000000000000000
00000000000000000000000000000000
c0a81b8f0a000001005001bb06000000
c0a81ad40a000001005001bb06000000
00000000000000000000000000000000
c0a818690a000001005001bb06000000
c0a820650a000001005001bb06000000
00000000000000000000000000000000
00000000000000000000000000000000
c0a822170a000001005001bb06000000
c0a805c80a000001005001bb06000000
00000000000000000000000000000000
00000000000000000000000000000000
c0a826340a000001005001bb06000000
00000000000000000000000000000000
00000000000000000000000000000000
00000000000000000000000000000000
00000000000000000000000000000000
00000000000000000000000000000000
00000000000000000000000000000000
00000000000000000000000000000000
c0a825f60a000001005001bb06000000
00000000000000000000000000000000
00000000000000000000000000000000
00000000000000000000000000000000
00000000000000000000000000000000
00000000000000000000000000000000
00000000000000000000000000000000
00000000000000000000000000000000
00000000000000000000000000000000
00000000000000000000000000000000
00000000000000000000000000000000
00000000000000000000000000000000
00000000000000000000000000000000
00000000000000000000000000000000
00000000000000000000000000000000
00000000000000000000000000000000
00000000000000000000000000000000
c0a804d00a000001005001bb06000000
00000000000000000000000000000000
00000000000000000000000000000000
c0a8211f0a000001005001bb06000000
00000000000000000000000000000000
00000000000000000000000000000000
00000000000000000000000000000000
00000000000000000000000000000000
00000000000000000000000000000000
00000000000000000000000000000000
00000000000000000000000000000000
00000000000000000000000000000000
c0a8215d0a000001005001bb06000000
00000000000000000000000000000000
00000000000000000000000000000000
00000000000000000000000000000000
c0a804540a000001005001bb06000000
00000000000000000000000000000000
00000000000000000000000000000000
c0a81c480a000001005001bb06000000
00000000000000000000000000000000
00000000000000000000000000000000
00000000000000000000000000000000
00000000000000000000000000000000
00000000000000000000000000000000
00000000000000000000000000000000
00000000000000000000000000000000
00000000000000000000000000000000
00000000000000000000000000000000
00000000000000000000000000000000
00000000000000000000000000000000
00000000000000000000000000000000
c0a823ca0a000001005001bb06000000
00000000000000000000000000000000
c0a813d20a000001005001bb06000000
00000000000000000000000000000000
00000000000000000000000000000000
00000000000000000000000000000000
00000000000000000000000000000000
00000000000000000000000000000000
c0a81a570a000001005001bb06000000
c0a81c0c0a000001005001bb06000000
c0a814100a000001005001bb06000000
00000000000000000000000000000000
c0a804180a000001005001bb06000000
00000000000000000000000000000000
c0a80ff10a000001005001bb06000000
00000000000000000000000000000000
c0a81a950a000001005001bb06000000
c0a822910a000001005001bb06000000
00000000000000000000000000000000
00000000000000000000000000000000
c0a81fe90a000001005001bb06000000
c0a817ed0a000001005001bb06000000
00000000000000000000000000000000
00000000000000000000000000000000
00000000000000000000000000000000
00000000000000000000000000000000
00000000000000000000000000000000
00000000000000000000000000000000
00000000000000000000000000000000
c0a826b00a000001005001bb06000000
00000000000000000000000000000000
00000000000000000000000000000000
c0a806c00a000001005001bb06000000
c0a813150a000001005001bb06000000
00000000000000000000000000000000
c0a8230d0a000001005001bb06000000
c0a81f6d0a000001005001bb06000000
00000000000000000000000000000000
00000000000000000000000000000000
00000000000000000000000000000000
00000000000000000000000000000000
00000000000000000000000000000000
00000000000000000000000000000000
00000000000000000000000000000000
00000000000000000000000000000000
00000000000000000000000000000000
00000000000000000000000000000000
c0a826ee0a000001005001bb06000000
c0a806440a000001005001bb06000000
00000000000000000000000000000000
00000000000000000000000000000000
00000000000000000000000000000000
c0a81ef20a000001005001bb06000000
c0a816f60a000001005001bb06000000
00000000000000000000000000000000
00000000000000000000000000000000
c0a81ad30a000001005001bb06000000
c0a812d70a000001005001bb06000000
c0a813940a000001005001bb06000000
c0a81b900a000001005001bb06000000
c0a8039c0a000001005001bb06000000
c0a81fab0a000001005001bb06000000
00000000000000000000000000000000
c0a822160a000001005001bb06000000
00000000000000000000000000000000
00000000000000000000000000000000
00000000000000000000000000000000
c0a818680a000001005001bb06000000
c0a820640a000001005001bb06000000
00000000000000000000000000000000
00000000000000000000000000000000
00000000000000000000000000000000
00000000000000000000000000000000
00000000000000000000000000000000
00000000000000000000000000000000
c0a826350a000001005001bb06000000
00000000000000000000000000000000
00000000000000000000000000000000
00000000000000000000000000000000
00000000000000000000000000000000
00000000000000000000000000000000
00000000000000000000000000000000
00000000000000000000000000000000
c0a825f70a000001005001bb06000000
00000000000000000000000000000000
00000000000000000000000000000000
00000000000000000000000000000000
00000000000000000000000000000000
c0a821d80a000001005001bb06000000
00000000000000000000000000000000
00000000000000000000000000000000
c0a810aa0a000001005001bb06000000
00000000000000000000000000000000
00000000000000000000000000000000
00000000000000000000000000000000
c0a8211e0a000001005001bb06000000
00000000000000000000000000000000
00000000000000000000000000000000
00000000000000000000000000000000
00000000000000000000000000000000
00000000000000000000000000000000
00000000000000000000000000000000
00000000000000000000000000000000
00000000000000000000000000000000
c0a8215c0a000001005001bb06000000
00000000000000000000000000000000
00000000000000000000000000000000
00000000000000000000000000000000
00000000000000000000000000000000
00000000000000000000000000000000
00000000000000000000000000000000
c0a81c490a000001005001bb06000000
00000000000000000000000000000000
00000000000000000000000000000000
00000000000000000000000000000000
00000000000000000000000000000000
c0a820e00a000001005001bb06000000
00000000000000000000000000000000
00000000000000000000000000000000
00000000000000000000000000000000
00000000000000000000000000000000
00000000000000000000000000000000
00000000000000000000000000000000
00000000000000000000000000000000
00000000000000000000000000000000
00000000000000000000000000000000
00000000000000000000000000000000
00000000000000000000000000000000
00000000000000000000000000000000
00000000000000000000000000000000
00000000000000000000000000000000
00000000000000000000000000000000
c0a81a560a000001005001bb06000000
c0a822520a000001005001bb06000000
c0a813d30a000001005001bb06000000
00000000000000000000000000000000
00000000000000000000000000000000
00000000000000000000000000000000
c0a8266f0a000001005001bb06000000
00000000000000000000000000000000
c0a823cb0a000001005001bb06000000
c0a81bcf0a000001005001bb06000000
00000000000000000000000000000000
00000000000000000000000000000000
00000000000000000000000000000000
c0a826b10a000001005001bb06000000
00000000000000000000000000000000
00000000000000000000000000000000
00000000000000000000000000000000
00000000000000000000000000000000
00000000000000000000000000000000
00000000000000000000000000000000
c0a81fe80a000001005001bb06000000
c0a817ec0a000001005001bb06000000
c0a80ff00a000001005001bb06000000
00000000000000000000000000000000
c0a822940a000001005001bb06000000
c0a80d4a0a000001005001bb06000000
00000000000000000000000000000000
00000000000000000000000000000000
00000000000000000000000000000000
00000000000000000000000000000000
00000000000000000000000000000000
00000000000000000000000000000000
00000000000000000000000000000000
00000000000000000000000000000000
00000000000000000000000000000000
00000000000000000000000000000000
c0a81f6c0a000001005001bb06000000
00000000000000000000000000000000
00000000000000000000000000000000
00000000000000000000000000000000
00000000000000000000000000000000
c0a81b140a000001005001bb06000000
00000000000000000000000000000000
c0a813910a000001005001bb06000000
00000000000000000000000000000000
00000000000000000000000000000000
00000000000000000000000000000000
00000000000000000000000000000000
c0a81ad20a000001005001bb06000000
c0a812d60a000001005001bb06000000
00000000000000000000000000000000
00000000000000000000000000000000
c0a816f30a000001005001bb06000000
00000000000000000000000000000000
c0a826eb0a000001005001bb06000000
c0a81eef0a000001005001bb06000000
00000000000000000000000000000000
00000000000000000000000000000000
00000000000000000000000000000000
c0a826360a000001005001bb06000000
00000000000000000000000000000000
00000000000000000000000000000000
00000000000000000000000000000000
c0a806040a000001005001bb06000000
00000000000000000000000000000000
00000000000000000000000000000000
00000000000000000000000000000000
00000000000000000000000000000000
00000000000000000000000000000000
c0a820630a000001005001bb06000000
00000000000000000000000000000000
00000000000000000000000000000000
c0a822190a000001005001bb06000000
c0a81a1d0a000001005001bb06000000
00000000000000000000000000000000
c0a818a90a000001005001bb06000000
00000000000000000000000000000000
c0a804900a000001005001bb06000000
00000000000000000000000000000000
c0a821d70a000001005001bb06000000
00000000000000000000000000000000
00000000000000000000000000000000
00000000000000000000000000000000
c0a825f40a000001005001bb06000000
00000000000000000000000000000000
00000000000000000000000000000000
00000000000000000000000000000000
00000000000000000000000000000000
00000000000000000000000000000000
00000000000000000000000000000000
00000000000000000000000000000000
00000000000000000000000000000000
00000000000000000000000000000000
00000000000000000000000000000000
00000000000000000000000000000000
c0a8050c0a000001005001bb06000000
00000000000000000000000000000000
c0a8215b0a000001005001bb06000000
00000000000000000000000000000000
00000000000000000000000000000000
00000000000000000000000000000000
00000000000000000000000000000000
00000000000000000000000000000000
00000000000000000000000000000000
00000000000000000000000000000000
00000000000000000000000000000000
00000000000000000000000000000000
00000000000000000000000000000000
00000000000000000000000000000000
00000000000000000000000000000000
00000000000000000000000000000000
c0a820df0a000001005001bb06000000
00000000000000000000000000000000
c0a805880a000001005001bb06000000
00000000000000000000000000000000
00000000000000000000000000000000
00000000000000000000000000000000
00000000000000000000000000000000
c0a8144e0a000001005001bb06000000
c0a81c4a0a000001005001bb06000000
00000000000000000000000000000000
00000000000000000000000000000000
00000000000000000000000000000000
c0a824060a000001005001bb06000000
c0a81a550a000001005001bb06000000
c0a8140e0a000001005001bb06000000
00000000000000000000000000000000
00000000000000000000000000000000
c0a820290a000001005001bb06000000
00000000000000000000000000000000
00000000000000000000000000000000
00000000000000000000000000000000
00000000000000000000000000000000
00000000000000000000000000000000
c0a81bd00a000001005001bb06000000
c0a813d40a000001005001bb06000000
00000000000000000000000000000000
c0a803dc0a000001005001bb06000000
00000000000000000000000000000000
00000000000000000000000000000000
00000000000000000000000000000000
c0a806800a000001005001bb06000000
00000000000000000000000000000000
00000000000000000000000000000000
00000000000000000000000000000000
c0a826b20a000001005001bb06000000
00000000000000000000000000000000
00000000000000000000000000000000
c0a81a970a000001005001bb06000000
c0a822930a000001005001bb06000000
00000000000000000000000000000000
c0a81fe70a000001005001bb06000000
c0a817eb0a000001005001bb06000000
00000000000000000000000000000000
00000000000000000000000000000000
00000000000000000000000000000000
00000000000000000000000000000000
00000000000000000000000000000000
00000000000000000000000000000000
00000000000000000000000000000000
00000000000000000000000000000000
00000000000000000000000000000000
00000000000000000000000000000000
00000000000000000000000000000000
00000000000000000000000000000000
c0a813170a000001005001bb06000000
00000000000000000000000000000000
c0a8230f0a000001005001bb06000000
c0a8176f0a000001005001bb06000000
c0a81f6b0a000001005001bb06000000
00000000000000000000000000000000
00000000000000000000000000000000
c0a81ad10a000001005001bb06000000
c0a812d50a000001005001bb06000000
00000000000000000000000000000000
c0a813920a000001005001bb06000000
c0a81fad0a000001005001bb06000000
00000000000000000000000000000000
00000000000000000000000000000000
c0a826ec0a000001005001bb06000000
00000000000000000000000000000000
00000000000000000000000000000000
00000000000000000000000000000000
00000000000000000000000000000000
c0a81ef00a000001005001bb06000000
c0a816f40a000001005001bb06000000
00000000000000000000000000000000
00000000000000000000000000000000
00000000000000000000000000000000
00000000000000000000000000000000
00000000000000000000000000000000
c0a826370a000001005001bb06000000
00000000000000000000000000000000
00000000000000000000000000000000
00000000000000000000000000000000
00000000000000000000000000000000
c0a822180a000001005001bb06000000
c0a81a1c0a000001005001bb06000000
00000000000000000000000000000000
c0a8106a0a000001005001bb06000000
00000000000000000000000000000000
00000000000000000000000000000000
00000000000000000000000000000000
c0a821d60a000001005001bb06000000
00000000000000000000000000000000
00000000000000000000000000000000
00000000000000000000000000000000
c0a818a80a000001005001bb06000000
00000000000000000000000000000000
00000000000000000000000000000000
00000000000000000000000000000000
00000000000000000000000000000000
00000000000000000000000000000000
00000000000000000000000000000000
00000000000000000000000000000000
c0a825f50a000001005001bb06000000
00000000000000000000000000000000
00000000000000000000000000000000
00000000000000000000000000000000
00000000000000000000000000000000
00000000000000000000000000000000
00000000000000000000000000000000
00000000000000000000000000000000
00000000000000000000000000000000
00000000000000000000000000000000
00000000000000000000000000000000
00000000000000000000000000000000
00000000000000000000000000000000
00000000000000000000000000000000
00000000000000000000000000000000
00000000000000000000000000000000
00000000000000000000000000000000
00000000000000000000000000000000
00000000000000000000000000000000
00000000000000000000000000000000
00000000000000000000000000000000
00000000000000000000000000000000
00000000000000000000000000000000
00000000000000000000000000000000
00000000000000000000000000000000
00000000000000000000000000000000
00000000000000000000000000000000
c0a8144f0a000001005001bb06000000
c0a81c4b0a000001005001bb06000000
00000000000000000000000000000000
00000000000000000000000000000000
00000000000000000000000000000000
00000000000000000000000000000000
00000000000000000000000000000000
00000000000000000000000000000000
00000000000000000000000000000000
00000000000000000000000000000000
00000000000000000000000000000000
00000000000000000000000000000000
00000000000000000000000000000000
00000000000000000000000000000000
00000000000000000000000000000000
00000000000000000000000000000000
00000000000000000000000000000000
00000000000000000000000000000000
00000000000000000000000000000000
00000000000000000000000000000000
00000000000000000000000000000000
c0a822dc0a000001005001bb06000000
00000000000000000000000000000000
00000000000000000000000000000000
00000000000000000000000000000000
00000000000000000000000000000000
00000000000000000000000000000000
00000000000000000000000000000000
c0a8231a0a000001005001bb06000000
c0a81b1e0a000001005001bb06000000
00000000000000000000000000000000
00000000000000000000000000000000
00000000000000000000000000000000
00000000000000000000000000000000
00000000000000000000000000000000
00000000000000000000000000000000
00000000000000000000000000000000
00000000000000000000000000000000
00000000000000000000000000000000
00000000000000000000000000000000
00000000000000000000000000000000
c0a815500a000001005001bb06000000
c0a817ea0a000001005001bb06000000
c0a805580a000001005001bb06000000
00000000000000000000000000000000
00000000000000000000000000000000
c0a81d4c0a000001005001bb06000000
c0a825480a000001005001bb06000000
00000000000000000000000000000000
00000000000000000000000000000000
00000000000000000000000000000000
c0a826b30a000001005001bb06000000
00000000000000000000000000000000
00000000000000000000000000000000
00000000000000000000000000000000
00000000000000000000000000000000
00000000000000000000000000000000
00000000000000000000000000000000
c0a826750a000001005001bb06000000
00000000000000000000000000000000
00000000000000000000000000000000
00000000000000000000000000000000
00000000000000000000000000000000
00000000000000000000000000000000
00000000000000000000000000000000
00000000000000000000000000000000
c0a818280a000001005001bb06000000
00000000000000000000000000000000
00000000000000000000000000000000
c0a822580a000001005001bb06000000
00000000000000000000000000000000
00000000000000000000000000000000
00000000000000000000000000000000
c0a820ed0a000001005001bb06000000
c0a8218f0a000001005001bb06000000
c0a804500a000001005001bb06000000
c0a811970a000001005001bb06000000
c0a814480a000001005001bb06000000
c0a818f10a000001005001bb06000000
00000000000000000000000000000000
00000000000000000000000000000000
00000000000000000000000000000000
c0a805bc0a000001005001bb06000000
00000000000000000000000000000000
00000000000000000000000000000000
00000000000000000000000000000000
c0a825ac0a000001005001bb06000000
00000000000000000000000000000000
00000000000000000000000000000000
00000000000000000000000000000000
00000000000000000000000000000000
c0a804d40a000001005001bb06000000
00000000000000000000000000000000
00000000000000000000000000000000
c0a8256e0a000001005001bb06000000
00000000000000000000000000000000
c0a8212b0a000001005001bb06000000
00000000000000000000000000000000
c0a815120a000001005001bb06000000
00000000000000000000000000000000
c0a819550a000001005001bb06000000
c0a81d0e0a000001005001bb06000000
00000000000000000000000000000000
00000000000000000000000000000000
c0a825f20a000001005001bb06000000
c0a81df60a000001005001bb06000000
00000000000000000000000000000000
00000000000000000000000000000000
00000000000000000000000000000000
00000000000000000000000000000000
00000000000000000000000000000000
00000000000000000000000000000000
00000000000000000000000000000000
c0a818ab0a000001005001bb06000000
00000000000000000000000000000000
00000000000000000000000000000000
c0a8148e0a000001005001bb06000000
c0a81c8a0a000001005001bb06000000
c0a824860a000001005001bb06000000
00000000000000000000000000000000
c0a8186d0a000001005001bb06000000
c0a820690a000001005001bb06000000
00000000000000000000000000000000
00000000000000000000000000000000
c0a822130a000001005001bb06000000
c0a81a170a000001005001bb06000000
00000000000000000000000000000000
00000000000000000000000000000000
c0a826300a000001005001bb06000000
00000000000000000000000000000000
00000000000000000000000000000000
00000000000000000000000000000000
00000000000000000000000000000000
00000000000000000000000000000000
00000000000000000000000000000000
00000000000000000000000000000000
00000000000000000000000000000000
00000000000000000000000000000000
00000000000000000000000000000000
c0a806400a000001005001bb06000000
00000000000000000000000000000000
00000000000000000000000000000000
00000000000000000000000000000000
00000000000000000000000000000000
c0a822db0a000001005001bb06000000
00000000000000000000000000000000
00000000000000000000000000000000
00000000000000000000000000000000
00000000000000000000000000000000
c0a803900a000001005001bb06000000
00000000000000000000000000000000
00000000000000000000000000000000
c0a823190a000001005001bb06000000
c0a81b1d0a000001005001bb06000000
00000000000000000000000000000000
c0a806c40a000001005001bb06000000
00000000000000000000000000000000
00000000000000000000000000000000
00000000000000000000000000000000
00000000000000000000000000000000
00000000000000000000000000000000
00000000000000000000000000000000
00000000000000000000000000000000
00000000000000000000000000000000
00000000000000000000000000000000
00000000000000000000000000000000
00000000000000000000000000000000
00000000000000000000000000000000
00000000000000000000000000000000
00000000000000000000000000000000
c0a81d4d0a000001005001bb06000000
c0a825490a000001005001bb06000000
00000000000000000000000000000000
c0a815510a000001005001bb06000000
c0a817e90a000001005001bb06000000
00000000000000000000000000000000
00000000000000000000000000000000
00000000000000000000000000000000
00000000000000000000000000000000
00000000000000000000000000000000
00000000000000000000000000000000
00000000000000000000000000000000
c0a826b40a000001005001bb06000000
00000000000000000000000000000000
00000000000000000000000000000000
00000000000000000000000000000000
00000000000000000000000000000000
00000000000000000000000000000000
00000000000000000000000000000000
00000000000000000000000000000000
c0a826760a000001005001bb06000000
00000000000000000000000000000000
00000000000000000000000000000000
00000000000000000000000000000000
c0a822570a000001005001bb06000000
00000000000000000000000000000000
00000000000000000000000000000000
c0a804140a000001005001bb06000000
00000000000000000000000000000000
00000000000000000000000000000000
c0a811960a000001005001bb06000000
c0a814490a000001005001bb06000000
c0a818f00a000001005001bb06000000
00000000000000000000000000000000
00000000000000000000000000000000
c0a820ec0a000001005001bb06000000
c0a8218e0a000001005001bb06000000
00000000000000000000000000000000
00000000000000000000000000000000
00000000000000000000000000000000
c0a825ad0a000001005001bb06000000
00000000000000000000000000000000
00000000000000000000000000000000
00000000000000000000000000000000
00000000000000000000000000000000
00000000000000000000000000000000
00000000000000000000000000000000
00000000000000000000000000000000
c0a8256f0a000001005001bb06000000
00000000000000000000000000000000
00000000000000000000000000000000
00000000000000000000000000000000
00000000000000000000000000000000
00000000000000000000000000000000
c0a819540a000001005001bb06000000
c0a81d0f0a000001005001bb06000000
00000000000000000000000000000000
00000000000000000000000000000000
00000000000000000000000000000000
00000000000000000000000000000000
c0a815130a000001005001bb06000000
00000000000000000000000000000000
00000000000000000000000000000000
00000000000000000000000000000000
00000000000000000000000000000000
00000000000000000000000000000000
c0a825f30a000001005001bb06000000
c0a81df70a000001005001bb06000000
00000000000000000000000000000000
00000000000000000000000000000000
c0a8148f0a000001005001bb06000000
c0a81c8b0a000001005001bb06000000
c0a824870a000001005001bb06000000
00000000000000000000000000000000
c0a810ae0a000001005001bb06000000
c0a818aa0a000001005001bb06000000
00000000000000000000000000000000
00000000000000000000000000000000
c0a822120a000001005001bb06000000
c0a81a160a000001005001bb06000000
00000000000000000000000000000000
00000000000000000000000000000000
c0a8186c0a000001005001bb06000000
c0a820680a000001005001bb06000000
00000000000000000000000000000000
00000000000000000000000000000000
00000000000000000000000000000000
00000000000000000000000000000000
00000000000000000000000000000000
00000000000000000000000000000000
c0a826310a000001005001bb06000000
00000000000000000000000000000000
00000000000000000000000000000000
00000000000000000000000000000000
00000000000000000000000000000000
00000000000000000000000000000000
00000000000000000000000000000000
c0a80faa0a000001005001bb06000000
00000000000000000000000000000000
00000000000000000000000000000000
00000000000000000000000000000000
00000000000000000000000000000000
00000000000000000000000000000000
00000000000000000000000000000000
00000000000000000000000000000000
c0a826f70a000001005001bb06000000
00000000000000000000000000000000
00000000000000000000000000000000
00000000000000000000000000000000
00000000000000000000000000000000
00000000000000000000000000000000
00000000000000000000000000000000
00000000000000000000000000000000
00000000000000000000000000000000
00000000000000000000000000000000
00000000000000000000000000000000
00000000000000000000000000000000
00000000000000000000000000000000
00000000000000000000000000000000
00000000000000000000000000000000
00000000000000000000000000000000
00000000000000000000000000000000
00000000000000000000000000000000
c0a8231c0a000001005001bb06000000
00000000000000000000000000000000
00000000000000000000000000000000
00000000000000000000000000000000
00000000000000000000000000000000
c0a826b50a000001005001bb06000000
00000000000000000000000000000000
00000000000000000000000000000000
00000000000000000000000000000000
00000000000000000000000000000000
00000000000000000000000000000000
00000000000000000000000000000000
c0a815520a000001005001bb06000000
c0a817e80a000001005001bb06000000
00000000000000000000000000000000
00000000000000000000000000000000
00000000000000000000000000000000
c0a81d4e0a000001005001bb06000000
c0a8254a0a000001005001bb06000000
00000000000000000000000000000000
00000000000000000000000000000000
c0a8182a0a000001005001bb06000000
c0a8102e0a000001005001bb06000000
00000000000000000000000000000000
00000000000000000000000000000000
c0a822560a000001005001bb06000000
00000000000000000000000000000000
00000000000000000000000000000000
00000000000000000000000000000000
00000000000000000000000000000000
00000000000000000000000000000000
00000000000000000000000000000000
00000000000000000000000000000000
00000000000000000000000000000000
00000000000000000000000000000000
00000000000000000000000000000000
00000000000000000000000000000000
00000000000000000000000000000000
00000000000000000000000000000000
00000000000000000000000000000000
00000000000000000000000000000000
c0a825ae0a000001005001bb06000000
00000000000000000000000000000000
c0a820eb0a000001005001bb06000000
c0a818ef0a000001005001bb06000000
00000000000000000000000000000000
00000000000000000000000000000000
c0a819950a000001005001bb06000000
c0a8144a0a000001005001bb06000000
c0a810f30a000001005001bb06000000
00000000000000000000000000000000
c0a805180a000001005001bb06000000
c0a8212d0a000001005001bb06000000
c0a815100a000001005001bb06000000
00000000000000000000000000000000
c0a825080a000001005001bb06000000
c0a819530a000001005001bb06000000
00000000000000000000000000000000
00000000000000000000000000000000
00000000000000000000000000000000
00000000000000000000000000000000
c0a8057c0a000001005001bb06000000
00000000000000000000000000000000
c0a81cca0a000001005001bb06000000
c0a814ce0a000001005001bb06000000
c0a8256c0a000001005001bb06000000
00000000000000000000000000000000
00000000000000000000000000000000
c0a820a90a000001005001bb06000000
c0a804940a000001005001bb06000000
00000000000000000000000000000000
c0a821d30a000001005001bb06000000
c0a819d70a000001005001bb06000000
00000000000000000000000000000000
00000000000000000000000000000000
c0a825f00a000001005001bb06000000
c0a81df40a000001005001bb06000000
00000000000000000000000000000000
00000000000000000000000000000000
00000000000000000000000000000000
00000000000000000000000000000000
00000000000000000000000000000000
00000000000000000000000000000000
c0a826320a000001005001bb06000000
00000000000000000000000000000000
00000000000000000000000000000000
00000000000000000000000000000000
c0a806000a000001005001bb06000000
00000000000000000000000000000000
00000000000000000000000000000000
00000000000000000000000000000000
00000000000000000000000000000000
c0a8186b0a000001005001bb06000000
c0a820670a000001005001bb06000000
00000000000000000000000000000000
00000000000000000000000000000000
c0a822150a000001005001bb06000000
00000000000000000000000000000000
00000000000000000000000000000000
00000000000000000000000000000000
00000000000000000000000000000000
00000000000000000000000000000000
00000000000000000000000000000000
00000000000000000000000000000000
00000000000000000000000000000000
00000000000000000000000000000000
00000000000000000000000000000000
00000000000000000000000000000000
00000000000000000000000000000000
00000000000000000000000000000000
00000000000000000000000000000000
00000000000000000000000000000000
00000000000000000000000000000000
00000000000000000000000000000000
00000000000000000000000000000000
00000000000000000000000000000000
00000000000000000000000000000000
00000000000000000000000000000000
00000000000000000000000000000000
00000000000000000000000000000000
00000000000000000000000000000000
00000000000000000000000000000000
00000000000000000000000000000000
c0a8231b0a000001005001bb06000000
c0a81b1f0a000001005001bb06000000
00000000000000000000000000000000
00000000000000000000000000000000
00000000000000000000000000000000
00000000000000000000000000000000
00000000000000000000000000000000
00000000000000000000000000000000
00000000000000000000000000000000
00000000000000000000000000000000
c0a806840a000001005001bb06000000
00000000000000000000000000000000
00000000000000000000000000000000
00000000000000000000000000000000
c0a826b60a000001005001bb06000000
00000000000000000000000000000000
00000000000000000000000000000000
00000000000000000000000000000000
c0a81d4f0a000001005001bb06000000
c0a8254b0a000001005001bb06000000
c0a81fe30a000001005001bb06000000
c0a815530a000001005001bb06000000
00000000000000000000000000000000
00000000000000000000000000000000
00000000000000000000000000000000
00000000000000000000000000000000
c0a822550a000001005001bb06000000
00000000000000000000000000000000
00000000000000000000000000000000
00000000000000000000000000000000
c0a818290a000001005001bb06000000
00000000000000000000000000000000
00000000000000000000000000000000
00000000000000000000000000000000
00000000000000000000000000000000
00000000000000000000000000000000
c0a803d00a000001005001bb06000000
00000000000000000000000000000000
00000000000000000000000000000000
00000000000000000000000000000000
00000000000000000000000000000000
00000000000000000000000000000000
c0a825af0a000001005001bb06000000
00000000000000000000000000000000
00000000000000000000000000000000
00000000000000000000000000000000
00000000000000000000000000000000
00000000000000000000000000000000
c0a819940a000001005001bb06000000
c0a821900a000001005001bb06000000
c0a810f20a000001005001bb06000000
00000000000000000000000000000000
c0a820ea0a000001005001bb06000000
c0a818ee0a000001005001bb06000000
00000000000000000000000000000000
00000000000000000000000000000000
c0a811560a000001005001bb06000000
c0a819520a000001005001bb06000000
00000000000000000000000000000000
00000000000000000000000000000000
00000000000000000000000000000000
c0a8212c0a000001005001bb06000000
c0a815110a000001005001bb06000000
00000000000000000000000000000000
c0a81ccb0a000001005001bb06000000
c0a814cf0a000001005001bb06000000
c0a8256d0a000001005001bb06000000
c0a824c70a000001005001bb06000000
00000000000000000000000000000000
00000000000000000000000000000000
00000000000000000000000000000000
00000000000000000000000000000000
c0a821d20a000001005001bb06000000
c0a819d60a000001005001bb06000000
00000000000000000000000000000000
00000000000000000000000000000000
00000000000000000000000000000000
c0a820a80a000001005001bb06000000
00000000000000000000000000000000
00000000000000000000000000000000
00000000000000000000000000000000
00000000000000000000000000000000
00000000000000000000000000000000
00000000000000000000000000000000
c0a825f10a000001005001bb06000000
c0a81df50a000001005001bb06000000
00000000000000000000000000000000
00000000000000000000000000000000
00000000000000000000000000000000
00000000000000000000000000000000
00000000000000000000000000000000
00000000000000000000000000000000
c0a826330a000001005001bb06000000
00000000000000000000000000000000
00000000000000000000000000000000
00000000000000000000000000000000
00000000000000000000000000000000
c0a822140a000001005001bb06000000
00000000000000000000000000000000
00000000000000000000000000000000
c0a8106e0a000001005001bb06000000
c0a8186a0a000001005001bb06000000
00000000000000000000000000000000
00000000000000000000000000000000
00000000000000000000000000000000
00000000000000000000000000000000
00000000000000000000000000000000
c0a8176a0a000001005001bb06000000
00000000000000000000000000000000
00000000000000000000000000000000
00000000000000000000000000000000
00000000000000000000000000000000
00000000000000000000000000000000
00000000000000000000000000000000
00000000000000000000000000000000
00000000000000000000000000000000
00000000000000000000000000000000
00000000000000000000000000000000
00000000000000000000000000000000
00000000000000000000000000000000
00000000000000000000000000000000
00000000000000000000000000000000
00000000000000000000000000000000
c0a826f50a000001005001bb06000000
00000000000000000000000000000000
00000000000000000000000000000000
00000000000000000000000000000000
00000000000000000000000000000000
00000000000000000000000000000000
00000000000000000000000000000000
00000000000000000000000000000000
c0a817a80a000001005001bb06000000
c0a822d80a000001005001bb06000000
00000000000000000000000000000000
00000000000000000000000000000000
00000000000000000000000000000000
00000000000000000000000000000000
00000000000000000000000000000000
00000000000000000000000000000000
00000000000000000000000000000000
00000000000000000000000000000000
00000000000000000000000000000000
00000000000000000000000000000000
00000000000000000000000000000000
00000000000000000000000000000000
00000000000000000000000000000000
00000000000000000000000000000000
00000000000000000000000000000000
c0a8225c0a000001005001bb06000000
00000000000000000000000000000000
00000000000000000000000000000000
00000000000000000000000000000000
c0a805540a000001005001bb06000000
00000000000000000000000000000000
c0a80fea0a000001005001bb06000000
00000000000000000000000000000000
00000000000000000000000000000000
00000000000000000000000000000000
00000000000000000000000000000000
c0a81d480a000001005001bb06000000
00000000000000000000000000000000
00000000000000000000000000000000
c0a826b70a000001005001bb06000000
00000000000000000000000000000000
00000000000000000000000000000000
00000000000000000000000000000000
00000000000000000000000000000000
00000000000000000000000000000000
c0a804d80a000001005001bb06000000
00000000000000000000000000000000
c0a814d00a000001005001bb06000000
00000000000000000000000000000000
c0a824c80a000001005001bb06000000
c0a81ccc0a000001005001bb06000000
00000000000000000000000000000000
00000000000000000000000000000000
c0a8192b0a000001005001bb06000000
00000000000000000000000000000000
00000000000000000000000000000000
00000000000000000000000000000000
c0a81d0a0a000001005001bb06000000
c0a8150e0a000001005001bb06000000
00000000000000000000000000000000
c0a825060a000001005001bb06000000
c0a820e90a000001005001bb06000000
c0a818ed0a000001005001bb06000000
00000000000000000000000000000000
00000000000000000000000000000000
c0a8044c0a000001005001bb06000000
c0a821930a000001005001bb06000000
c0a810f10a000001005001bb06000000
00000000000000000000000000000000
00000000000000000000000000000000
c0a825b00a000001005001bb06000000
00000000000000000000000000000000
00000000000000000000000000000000
00000000000000000000000000000000
00000000000000000000000000000000
00000000000000000000000000000000
00000000000000000000000000000000
c0a8206d0a000001005001bb06000000
00000000000000000000000000000000
00000000000000000000000000000000
c0a8220f0a000001005001bb06000000
c0a805c00a000001005001bb06000000
c0a812170a000001005001bb06000000
00000000000000000000000000000000
00000000000000000000000000000000
00000000000000000000000000000000
00000000000000000000000000000000
00000000000000000000000000000000
c0a8063c0a000001005001bb06000000
00000000000000000000000000000000
00000000000000000000000000000000
00000000000000000000000000000000
c0a8262c0a000001005001bb06000000
c0a81df20a000001005001bb06000000
c0a815f60a000001005001bb06000000
00000000000000000000000000000000
00000000000000000000000000000000
00000000000000000000000000000000
00000000000000000000000000000000
00000000000000000000000000000000
c0a825ee0a000001005001bb06000000
00000000000000000000000000000000
c0a820ab0a000001005001bb06000000
00000000000000000000000000000000
c0a814920a000001005001bb06000000
c0a81c8e0a000001005001bb06000000
c0a819d50a000001005001bb06000000
00000000000000000000000000000000
00000000000000000000000000000000
c0a806c80a000001005001bb06000000
00000000000000000000000000000000
00000000000000000000000000000000
c0a823150a000001005001bb06000000
00000000000000000000000000000000
00000000000000000000000000000000
00000000000000000000000000000000
c0a817690a000001005001bb06000000
00000000000000000000000000000000
00000000000000000000000000000000
00000000000000000000000000000000
00000000000000000000000000000000
00000000000000000000000000000000
00000000000000000000000000000000
00000000000000000000000000000000
00000000000000000000000000000000
00000000000000000000000000000000
00000000000000000000000000000000
00000000000000000000000000000000
00000000000000000000000000000000
00000000000000000000000000000000
00000000000000000000000000000000
00000000000000000000000000000000
c0a826f60a000001005001bb06000000
00000000000000000000000000000000
00000000000000000000000000000000
00000000000000000000000000000000
c0a822d70a000001005001bb06000000
c0a803940a000001005001bb06000000
00000000000000000000000000000000
00000000000000000000000000000000
00000000000000000000000000000000
00000000000000000000000000000000
00000000000000000000000000000000
00000000000000000000000000000000
c0a8201f0a000001005001bb06000000
00000000000000000000000000000000
00000000000000000000000000000000
00000000000000000000000000000000
00000000000000000000000000000000
00000000000000000000000000000000
c0a8225b0a000001005001bb06000000
00000000000000000000000000000000
00000000000000000000000000000000
c0a804100a000001005001bb06000000
00000000000000000000000000000000
00000000000000000000000000000000
00000000000000000000000000000000
00000000000000000000000000000000
00000000000000000000000000000000
00000000000000000000000000000000
c0a81d490a000001005001bb06000000
c0a81fe10a000001005001bb06000000
00000000000000000000000000000000
00000000000000000000000000000000
00000000000000000000000000000000
00000000000000000000000000000000
00000000000000000000000000000000
00000000000000000000000000000000
00000000000000000000000000000000
00000000000000000000000000000000
00000000000000000000000000000000
00000000000000000000000000000000
00000000000000000000000000000000
c0a824c90a000001005001bb06000000
c0a81ccd0a000001005001bb06000000
00000000000000000000000000000000
00000000000000000000000000000000
00000000000000000000000000000000
00000000000000000000000000000000
c0a814d10a000001005001bb06000000
00000000000000000000000000000000
c0a81d0b0a000001005001bb06000000
c0a8150f0a000001005001bb06000000
00000000000000000000000000000000
c0a825070a000001005001bb06000000
c0a8192a0a000001005001bb06000000
c0a8112e0a000001005001bb06000000
00000000000000000000000000000000
00000000000000000000000000000000
c0a819960a000001005001bb06000000
c0a821920a000001005001bb06000000
c0a810f00a000001005001bb06000000
00000000000000000000000000000000
c0a820e80a000001005001bb06000000
c0a818ec0a000001005001bb06000000
00000000000000000000000000000000
00000000000000000000000000000000
00000000000000000000000000000000
00000000000000000000000000000000
00000000000000000000000000000000
00000000000000000000000000000000
00000000000000000000000000000000
c0a825b10a000001005001bb06000000
00000000000000000000000000000000
00000000000000000000000000000000
c0a81a120a000001005001bb06000000
c0a812160a000001005001bb06000000
00000000000000000000000000000000
00000000000000000000000000000000
c0a8206c0a000001005001bb06000000
00000000000000000000000000000000
00000000000000000000000000000000
c0a8220e0a000001005001bb06000000
00000000000000000000000000000000
00000000000000000000000000000000
00000000000000000000000000000000
c0a8262d0a000001005001bb06000000
00000000000000000000000000000000
00000000000000000000000000000000
00000000000000000000000000000000
00000000000000000000000000000000
00000000000000000000000000000000
00000000000000000000000000000000
00000000000000000000000000000000
c0a825ef0a000001005001bb06000000
c0a81df30a000001005001bb06000000
c0a815f70a000001005001bb06000000
00000000000000000000000000000000
00000000000000000000000000000000
c0a81c8f0a000001005001bb06000000
c0a819d40a000001005001bb06000000
00000000000000000000000000000000
00000000000000000000000000000000
00000000000000000000000000000000
00000000000000000000000000000000
00000000000000000000000000000000
c0a814930a000001005001bb06000000
00000000000000000000000000000000
00000000000000000000000000000000
00000000000000000000000000000000
00000000000000000000000000000000
00000000000000000000000000000000
00000000000000000000000000000000
00000000000000000000000000000000
00000000000000000000000000000000
00000000000000000000000000000000
00000000000000000000000000000000
00000000000000000000000000000000
c0a817680a000001005001bb06000000
c0a823180a000001005001bb06000000
c0a81b1c0a000001005001bb06000000
00000000000000000000000000000000
00000000000000000000000000000000
00000000000000000000000000000000
00000000000000000000000000000000
c0a80fae0a000001005001bb06000000
c0a817aa0a000001005001bb06000000
00000000000000000000000000000000
00000000000000000000000000000000
00000000000000000000000000000000
c0a822d60a000001005001bb06000000
00000000000000000000000000000000
00000000000000000000000000000000
c0a826f30a000001005001bb06000000
c0a81ef70a000001005001bb06000000
00000000000000000000000000000000
00000000000000000000000000000000
00000000000000000000000000000000
00000000000000000000000000000000
00000000000000000000000000000000
00000000000000000000000000000000
c0a8102a0a000001005001bb06000000
00000000000000000000000000000000
00000000000000000000000000000000
00000000000000000000000000000000
00000000000000000000000000000000
00000000000000000000000000000000
00000000000000000000000000000000
00000000000000000000000000000000
c0a826770a000001005001bb06000000
00000000000000000000000000000000
00000000000000000000000000000000
00000000000000000000000000000000
00000000000000000000000000000000
00000000000000000000000000000000
00000000000000000000000000000000
00000000000000000000000000000000
00000000000000000000000000000000
00000000000000000000000000000000
00000000000000000000000000000000
00000000000000000000000000000000
00000000000000000000000000000000
00000000000000000000000000000000
c0a81fe00a000001005001bb06000000
00000000000000000000000000000000
00000000000000000000000000000000
00000000000000000000000000000000
00000000000000000000000000000000
00000000000000000000000000000000
c0a8154e0a000001005001bb06000000
c0a81d4a0a000001005001bb06000000
c0a821290a000001005001bb06000000
00000000000000000000000000000000
00000000000000000000000000000000
c0a805140a000001005001bb06000000
c0a819570a000001005001bb06000000
c0a821530a000001005001bb06000000
00000000000000000000000000000000
00000000000000000000000000000000
00000000000000000000000000000000
00000000000000000000000000000000
c0a814d20a000001005001bb06000000
00000000000000000000000000000000
c0a824ca0a000001005001bb06000000
c0a81cce0a000001005001bb06000000
00000000000000000000000000000000
00000000000000000000000000000000
00000000000000000000000000000000
c0a825b20a000001005001bb06000000
00000000000000000000000000000000
00000000000000000000000000000000
00000000000000000000000000000000
c0a805800a000001005001bb06000000
00000000000000000000000000000000
00000000000000000000000000000000
c0a818eb0a000001005001bb06000000
00000000000000000000000000000000
00000000000000000000000000000000
c0a820e70a000001005001bb06000000
c0a821950a000001005001bb06000000
c0a80c4a0a000001005001bb06000000
00000000000000000000000000000000
00000000000000000000000000000000
00000000000000000000000000000000
00000000000000000000000000000000
00000000000000000000000000000000
00000000000000000000000000000000
00000000000000000000000000000000
00000000000000000000000000000000
00000000000000000000000000000000
c0a8262e0a000001005001bb06000000
c0a8186f0a000001005001bb06000000
c0a8206b0a000001005001bb06000000
00000000000000000000000000000000
00000000000000000000000000000000
c0a822110a000001005001bb06000000
c0a81a150a000001005001bb06000000
00000000000000000000000000000000
00000000000000000000000000000000
c0a820ad0a000001005001bb06000000
c0a804980a000001005001bb06000000
00000000000000000000000000000000
c0a814900a000001005001bb06000000
c0a819d30a000001005001bb06000000
c0a811d70a000001005001bb06000000
00000000000000000000000000000000
00000000000000000000000000000000
c0a81df00a000001005001bb06000000
c0a815f40a000001005001bb06000000
00000000000000000000000000000000
c0a805fc0a000001005001bb06000000
00000000000000000000000000000000
00000000000000000000000000000000
00000000000000000000000000000000
c0a825ec0a000001005001bb06000000
00000000000000000000000000000000
00000000000000000000000000000000
00000000000000000000000000000000
00000000000000000000000000000000
00000000000000000000000000000000
00000000000000000000000000000000
00000000000000000000000000000000
00000000000000000000000000000000
c0a81b1b0a000001005001bb06000000
c0a8131f0a000001005001bb06000000
00000000000000000000000000000000
c0a823170a000001005001bb06000000
00000000000000000000000000000000
00000000000000000000000000000000
00000000000000000000000000000000
c0a80f6b0a000001005001bb06000000
00000000000000000000000000000000
00000000000000000000000000000000
00000000000000000000000000000000
c0a822d50a000001005001bb06000000
00000000000000000000000000000000
00000000000000000000000000000000
00000000000000000000000000000000
c0a817a90a000001005001bb06000000
00000000000000000000000000000000
00000000000000000000000000000000
00000000000000000000000000000000
00000000000000000000000000000000
00000000000000000000000000000000
00000000000000000000000000000000
00000000000000000000000000000000
c0a826f40a000001005001bb06000000
00000000000000000000000000000000
00000000000000000000000000000000
00000000000000000000000000000000
00000000000000000000000000000000
00000000000000000000000000000000
00000000000000000000000000000000
00000000000000000000000000000000
00000000000000000000000000000000
00000000000000000000000000000000
00000000000000000000000000000000
00000000000000000000000000000000
00000000000000000000000000000000
00000000000000000000000000000000
c0a803d40a000001005001bb06000000
00000000000000000000000000000000
00000000000000000000000000000000
00000000000000000000000000000000
c0a806880a000001005001bb06000000
00000000000000000000000000000000
c0a81fdf0a000001005001bb06000000
00000000000000000000000000000000
00000000000000000000000000000000
00000000000000000000000000000000
00000000000000000000000000000000
00000000000000000000000000000000
00000000000000000000000000000000
c0a8154f0a000001005001bb06000000
c0a81d4b0a000001005001bb06000000
00000000000000000000000000000000
00000000000000000000000000000000
00000000000000000000000000000000
00000000000000000000000000000000
c0a819560a000001005001bb06000000
c0a821520a000001005001bb06000000
00000000000000000000000000000000
00000000000000000000000000000000
c0a821280a000001005001bb06000000
00000000000000000000000000000000
00000000000000000000000000000000
00000000000000000000000000000000
c0a824cb0a000001005001bb06000000
c0a81ccf0a000001005001bb06000000
00000000000000000000000000000000
00000000000000000000000000000000
00000000000000000000000000000000
c0a825710a000001005001bb06000000
c0a814d30a000001005001bb06000000
00000000000000000000000000000000
00000000000000000000000000000000
00000000000000000000000000000000
00000000000000000000000000000000
00000000000000000000000000000000
00000000000000000000000000000000
c0a825b30a000001005001bb06000000
00000000000000000000000000000000
00000000000000000000000000000000
c0a821940a000001005001bb06000000
00000000000000000000000000000000
00000000000000000000000000000000
00000000000000000000000000000000
c0a818ea0a000001005001bb06000000
c0a810ee0a000001005001bb06000000
00000000000000000000000000000000
00000000000000000000000000000000
00000000000000000000000000000000
00000000000000000000000000000000
00000000000000000000000000000000
c0a8262f0a000001005001bb06000000
00000000000000000000000000000000
00000000000000000000000000000000
00000000000000000000000000000000
00000000000000000000000000000000
c0a822100a000001005001bb06000000
c0a81a140a000001005001bb06000000
00000000000000000000000000000000
00000000000000000000000000000000
c0a8186e0a000001005001bb06000000
c0a8206a0a000001005001bb06000000
00000000000000000000000000000000
00000000000000000000000000000000
c0a819d20a000001005001bb06000000
c0a811d60a000001005001bb06000000
00000000000000000000000000000000
00000000000000000000000000000000
c0a820ac0a000001005001bb06000000
00000000000000000000000000000000
00000000000000000000000000000000
c0a814910a000001005001bb06000000
00000000000000000000000000000000
00000000000000000000000000000000
00000000000000000000000000000000
c0a825ed0a000001005001bb06000000
c0a81df10a000001005001bb06000000
c0a815f50a000001005001bb06000000
00000000000000000000000000000000
00000000000000000000000000000000
c0a8208f0a000001005001bb06000000
00000000000000000000000000000000
00000000000000000000000000000000
c0a821ed0a000001005001bb06000000
c0a819f10a000001005001bb06000000
00000000000000000000000000000000
00000000000000000000000000000000
c0a80f4b0a000001005001bb06000000
c0a804bc0a000001005001bb06000000
00000000000000000000000000000000
00000000000000000000000000000000
00000000000000000000000000000000
c0a824ac0a000001005001bb06000000
00000000000000000000000000000000
00000000000000000000000000000000
00000000000000000000000000000000
00000000000000000000000000000000
c0a805d40a000001005001bb06000000
00000000000000000000000000000000
00000000000000000000000000000000
c0a8246e0a000001005001bb06000000
00000000000000000000000000000000
00000000000000000000000000000000
00000000000000000000000000000000
c0a816120a000001005001bb06000000
00000000000000000000000000000000
c0a8222b0a000001005001bb06000000
00000000000000000000000000000000
00000000000000000000000000000000
00000000000000000000000000000000
c0a818550a000001005001bb06000000
c0a81e0e0a000001005001bb06000000
00000000000000000000000000000000
00000000000000000000000000000000
c0a824f20a000001005001bb06000000
c0a81cf60a000001005001bb06000000
00000000000000000000000000000000
c0a804480a000001005001bb06000000
00000000000000000000000000000000
00000000000000000000000000000000
c0a821a70a000001005001bb06000000
00000000000000000000000000000000
00000000000000000000000000000000
00000000000000000000000000000000
c0a825860a000001005001bb06000000
00000000000000000000000000000000
c0a8158e0a000001005001bb06000000
c0a81d8a0a000001005001bb06000000
00000000000000000000000000000000
00000000000000000000000000000000
c0a8196d0a000001005001bb06000000
c0a821690a000001005001bb06000000
00000000000000000000000000000000
00000000000000000000000000000000
c0a821130a000001005001bb06000000
c0a819170a000001005001bb06000000
00000000000000000000000000000000
00000000000000000000000000000000
c0a825300a000001005001bb06000000
00000000000000000000000000000000
00000000000000000000000000000000
00000000000000000000000000000000
00000000000000000000000000000000
00000000000000000000000000000000
00000000000000000000000000000000
00000000000000000000000000000000
00000000000000000000000000000000
00000000000000000000000000000000
00000000000000000000000000000000
c0a805400a000001005001bb06000000
00000000000000000000000000000000
00000000000000000000000000000000
00000000000000000000000000000000
00000000000000000000000000000000
00000000000000000000000000000000
00000000000000000000000000000000
00000000000000000000000000000000
00000000000000000000000000000000
00000000000000000000000000000000
00000000000000000000000000000000
00000000000000000000000000000000
c0a812680a000001005001bb06000000
00000000000000000000000000000000
c0a822600a000001005001bb06000000
00000000000000000000000000000000
00000000000000000000000000000000
00000000000000000000000000000000
c0a8201c0a000001005001bb06000000
00000000000000000000000000000000
00000000000000000000000000000000
00000000000000000000000000000000
00000000000000000000000000000000
00000000000000000000000000000000
00000000000000000000000000000000
00000000000000000000000000000000
00000000000000000000000000000000
c0a81ae80a000001005001bb06000000
c0a812ec0a000001005001bb06000000
00000000000000000000000000000000
c0a80e530a000001005001bb06000000
c0a8164f0a000001005001bb06000000
c0a81e4b0a000001005001bb06000000
00000000000000000000000000000000
00000000000000000000000000000000
c0a823b50a000001005001bb06000000
00000000000000000000000000000000
00000000000000000000000000000000
00000000000000000000000000000000
00000000000000000000000000000000
00000000000000000000000000000000
00000000000000000000000000000000
00000000000000000000000000000000
c0a823770a000001005001bb06000000
00000000000000000000000000000000
00000000000000000000000000000000
00000000000000000000000000000000
00000000000000000000000000000000
00000000000000000000000000000000
00000000000000000000000000000000
00000000000000000000000000000000
c0a8132a0a000001005001bb06000000
00000000000000000000000000000000
00000000000000000000000000000000
00000000000000000000000000000000
00000000000000000000000000000000
00000000000000000000000000000000
00000000000000000000000000000000
00000000000000000000000000000000
c0a819f00a000001005001bb06000000
00000000000000000000000000000000
c0a80f4c0a000001005001bb06000000
c0a817480a000001005001bb06000000
c0a8208e0a000001005001bb06000000
00000000000000000000000000000000
00000000000000000000000000000000
c0a821ec0a000001005001bb06000000
c0a824ad0a000001005001bb06000000
00000000000000000000000000000000
00000000000000000000000000000000
00000000000000000000000000000000
00000000000000000000000000000000
00000000000000000000000000000000
00000000000000000000000000000000
00000000000000000000000000000000
c0a8246f0a000001005001bb06000000
c0a825c50a000001005001bb06000000
c0a81dc90a000001005001bb06000000
c0a815cd0a000001005001bb06000000
00000000000000000000000000000000
00000000000000000000000000000000
00000000000000000000000000000000
00000000000000000000000000000000
00000000000000000000000000000000
00000000000000000000000000000000
c0a818540a000001005001bb06000000
c0a81e0f0a000001005001bb06000000
c0a816130a000001005001bb06000000
c0a80e170a000001005001bb06000000
00000000000000000000000000000000
00000000000000000000000000000000
00000000000000000000000000000000
00000000000000000000000000000000
00000000000000000000000000000000
00000000000000000000000000000000
00000000000000000000000000000000
00000000000000000000000000000000
c0a824f30a000001005001bb06000000
c0a81cf70a000001005001bb06000000
c0a825870a000001005001bb06000000
00000000000000000000000000000000
c0a8158f0a000001005001bb06000000
c0a81d8b0a000001005001bb06000000
00000000000000000000000000000000
c0a80d930a000001005001bb06000000
c0a811ae0a000001005001bb06000000
c0a819aa0a000001005001bb06000000
00000000000000000000000000000000
00000000000000000000000000000000
c0a821120a000001005001bb06000000
c0a819160a000001005001bb06000000
00000000000000000000000000000000
00000000000000000000000000000000
c0a8196c0a000001005001bb06000000
c0a821680a000001005001bb06000000
00000000000000000000000000000000
00000000000000000000000000000000
00000000000000000000000000000000
00000000000000000000000000000000
00000000000000000000000000000000
00000000000000000000000000000000
c0a825310a000001005001bb06000000
00000000000000000000000000000000
00000000000000000000000000000000
00000000000000000000000000000000
00000000000000000000000000000000
00000000000000000000000000000000
00000000000000000000000000000000
00000000000000000000000000000000
00000000000000000000000000000000
00000000000000000000000000000000
00000000000000000000000000000000
00000000000000000000000000000000
00000000000000000000000000000000
c0a81fdd0a000001005001bb06000000
00000000000000000000000000000000
00000000000000000000000000000000
00000000000000000000000000000000
00000000000000000000000000000000
00000000000000000000000000000000
00000000000000000000000000000000
c0a8201b0a000001005001bb06000000
c0a8181f0a000001005001bb06000000
00000000000000000000000000000000
00000000000000000000000000000000
00000000000000000000000000000000
00000000000000000000000000000000
c0a8225f0a000001005001bb06000000
00000000000000000000000000000000
00000000000000000000000000000000
c0a8040c0a000001005001bb06000000
00000000000000000000000000000000
00000000000000000000000000000000
00000000000000000000000000000000
00000000000000000000000000000000
c0a81e4c0a000001005001bb06000000
c0a826480a000001005001bb06000000
00000000000000000000000000000000
00000000000000000000000000000000
c0a812eb0a000001005001bb06000000
c0a806580a000001005001bb06000000
c0a822e30a000001005001bb06000000
c0a816500a000001005001bb06000000
00000000000000000000000000000000
00000000000000000000000000000000
00000000000000000000000000000000
c0a803880a000001005001bb06000000
c0a823b60a000001005001bb06000000
00000000000000000000000000000000
00000000000000000000000000000000
00000000000000000000000000000000
00000000000000000000000000000000
c0a806cc0a000001005001bb06000000
00000000000000000000000000000000
00000000000000000000000000000000
00000000000000000000000000000000
00000000000000000000000000000000
00000000000000000000000000000000
00000000000000000000000000000000
00000000000000000000000000000000
00000000000000000000000000000000
00000000000000000000000000000000
00000000000000000000000000000000
c0a813290a000001005001bb06000000
00000000000000000000000000000000
00000000000000000000000000000000
00000000000000000000000000000000
00000000000000000000000000000000
00000000000000000000000000000000
00000000000000000000000000000000
00000000000000000000000000000000
c0a824ae0a000001005001bb06000000
00000000000000000000000000000000
00000000000000000000000000000000
00000000000000000000000000000000
00000000000000000000000000000000
00000000000000000000000000000000
c0a821eb0a000001005001bb06000000
c0a819ef0a000001005001bb06000000
c0a811f30a000001005001bb06000000
00000000000000000000000000000000
c0a818950a000001005001bb06000000
c0a817490a000001005001bb06000000
c0a816100a000001005001bb06000000
00000000000000000000000000000000
c0a806180a000001005001bb06000000
00000000000000000000000000000000
00000000000000000000000000000000
00000000000000000000000000000000
c0a826080a000001005001bb06000000
c0a818530a000001005001bb06000000
c0a8047c0a000001005001bb06000000
00000000000000000000000000000000
00000000000000000000000000000000
00000000000000000000000000000000
c0a8246c0a000001005001bb06000000
c0a825c60a000001005001bb06000000
c0a81dca0a000001005001bb06000000
c0a815ce0a000001005001bb06000000
c0a805940a000001005001bb06000000
00000000000000000000000000000000
00000000000000000000000000000000
00000000000000000000000000000000
00000000000000000000000000000000
00000000000000000000000000000000
c0a820d30a000001005001bb06000000
c0a818d70a000001005001bb06000000
00000000000000000000000000000000
00000000000000000000000000000000
c0a824f00a000001005001bb06000000
c0a81cf40a000001005001bb06000000
00000000000000000000000000000000
00000000000000000000000000000000
00000000000000000000000000000000
00000000000000000000000000000000
00000000000000000000000000000000
00000000000000000000000000000000
c0a825320a000001005001bb06000000
00000000000000000000000000000000
00000000000000000000000000000000
00000000000000000000000000000000
c0a805000a000001005001bb06000000
00000000000000000000000000000000
c0a821670a000001005001bb06000000
00000000000000000000000000000000
00000000000000000000000000000000
c0a8196b0a000001005001bb06000000
00000000000000000000000000000000
00000000000000000000000000000000
00000000000000000000000000000000
c0a821150a000001005001bb06000000
00000000000000000000000000000000
c0a812a80a000001005001bb06000000
00000000000000000000000000000000
00000000000000000000000000000000
00000000000000000000000000000000
00000000000000000000000000000000
00000000000000000000000000000000
c0a81fdc0a000001005001bb06000000
00000000000000000000000000000000
00000000000000000000000000000000
00000000000000000000000000000000
00000000000000000000000000000000
00000000000000000000000000000000
00000000000000000000000000000000
00000000000000000000000000000000
00000000000000000000000000000000
00000000000000000000000000000000
00000000000000000000000000000000
00000000000000000000000000000000
00000000000000000000000000000000
00000000000000000000000000000000
00000000000000000000000000000000
00000000000000000000000000000000
00000000000000000000000000000000
00000000000000000000000000000000
00000000000000000000000000000000
00000000000000000000000000000000
00000000000000000000000000000000
00000000000000000000000000000000
00000000000000000000000000000000
00000000000000000000000000000000
c0a8201e0a000001005001bb06000000
c0a823b70a000001005001bb06000000
00000000000000000000000000000000
00000000000000000000000000000000
00000000000000000000000000000000
00000000000000000000000000000000
00000000000000000000000000000000
00000000000000000000000000000000
00000000000000000000000000000000
c0a812ea0a000001005001bb06000000
00000000000000000000000000000000
00000000000000000000000000000000
c0a816510a000001005001bb06000000
c0a81e4d0a000001005001bb06000000
c0a826490a000001005001bb06000000
00000000000000000000000000000000
00000000000000000000000000000000
c0a81b280a000001005001bb06000000
c0a8132c0a000001005001bb06000000
00000000000000000000000000000000
00000000000000000000000000000000
00000000000000000000000000000000
00000000000000000000000000000000
00000000000000000000000000000000
00000000000000000000000000000000
00000000000000000000000000000000
00000000000000000000000000000000
00000000000000000000000000000000
00000000000000000000000000000000
00000000000000000000000000000000
00000000000000000000000000000000
00000000000000000000000000000000
00000000000000000000000000000000
c0a824af0a000001005001bb06000000
00000000000000000000000000000000
00000000000000000000000000000000
00000000000000000000000000000000
00000000000000000000000000000000
00000000000000000000000000000000
00000000000000000000000000000000
c0a81cb30a000001005001bb06000000
c0a811f20a000001005001bb06000000
00000000000000000000000000000000
c0a818940a000001005001bb06000000
c0a8174a0a000001005001bb06000000
00000000000000000000000000000000
00000000000000000000000000000000
c0a821ea0a000001005001bb06000000
c0a819ee0a000001005001bb06000000
00000000000000000000000000000000
00000000000000000000000000000000
c0a810560a000001005001bb06000000
c0a818520a000001005001bb06000000
c0a816110a000001005001bb06000000
00000000000000000000000000000000
00000000000000000000000000000000
c0a8222c0a000001005001bb06000000
c0a8246d0a000001005001bb06000000
c0a825c70a000001005001bb06000000
c0a81dcb0a000001005001bb06000000
c0a815cf0a000001005001bb06000000
c0a80dd30a000001005001bb06000000
00000000000000000000000000000000
00000000000000000000000000000000
00000000000000000000000000000000
c0a825850a000001005001bb06000000
00000000000000000000000000000000
c0a8158d0a000001005001bb06000000
c0a818d60a000001005001bb06000000
00000000000000000000000000000000
00000000000000000000000000000000
00000000000000000000000000000000
c0a821a80a000001005001bb06000000
00000000000000000000000000000000
00000000000000000000000000000000
00000000000000000000000000000000
00000000000000000000000000000000
00000000000000000000000000000000
00000000000000000000000000000000
c0a824f10a000001005001bb06000000
c0a81cf50a000001005001bb06000000
00000000000000000000000000000000
00000000000000000000000000000000
00000000000000000000000000000000
00000000000000000000000000000000
00000000000000000000000000000000
00000000000000000000000000000000
c0a825330a000001005001bb06000000
c0a81d370a000001005001bb06000000
00000000000000000000000000000000
00000000000000000000000000000000
00000000000000000000000000000000
c0a821140a000001005001bb06000000
00000000000000000000000000000000
00000000000000000000000000000000
c0a8116e0a000001005001bb06000000
c0a8196a0a000001005001bb06000000
c0a8068c0a000001005001bb06000000
00000000000000000000000000000000
c0a81fdb0a000001005001bb06000000
00000000000000000000000000000000
00000000000000000000000000000000
00000000000000000000000000000000
00000000000000000000000000000000
00000000000000000000000000000000
00000000000000000000000000000000
00000000000000000000000000000000
00000000000000000000000000000000
00000000000000000000000000000000
00000000000000000000000000000000
00000000000000000000000000000000
00000000000000000000000000000000
00000000000000000000000000000000
00000000000000000000000000000000
00000000000000000000000000000000
00000000000000000000000000000000
00000000000000000000000000000000
00000000000000000000000000000000
00000000000000000000000000000000
00000000000000000000000000000000
00000000000000000000000000000000
00000000000000000000000000000000
00000000000000000000000000000000
c0a803c80a000001005001bb06000000
c0a8201d0a000001005001bb06000000
00000000000000000000000000000000
00000000000000000000000000000000
00000000000000000000000000000000
00000000000000000000000000000000
00000000000000000000000000000000
00000000000000000000000000000000
00000000000000000000000000000000
00000000000000000000000000000000
00000000000000000000000000000000
00000000000000000000000000000000
00000000000000000000000000000000
00000000000000000000000000000000
c0a81e4e0a000001005001bb06000000
c0a8264a0a000001005001bb06000000
00000000000000000000000000000000
00000000000000000000000000000000
c0a812e90a000001005001bb06000000
00000000000000000000000000000000
00000000000000000000000000000000
c0a816520a000001005001bb06000000
c0a81f570a000001005001bb06000000
00000000000000000000000000000000
00000000000000000000000000000000
00000000000000000000000000000000
c0a8132b0a000001005001bb06000000
00000000000000000000000000000000
00000000000000000000000000000000
00000000000000000000000000000000
00000000000000000000000000000000
00000000000000000000000000000000
00000000000000000000000000000000
00000000000000000000000000000000
00000000000000000000000000000000
00000000000000000000000000000000
00000000000000000000000000000000
00000000000000000000000000000000
c0a815d00a000001005001bb06000000
00000000000000000000000000000000
c0a805d80a000001005001bb06000000
00000000000000000000000000000000
00000000000000000000000000000000
00000000000000000000000000000000
c0a825c80a000001005001bb06000000
c0a81dcc0a000001005001bb06000000
00000000000000000000000000000000
c0a822270a000001005001bb06000000
00000000000000000000000000000000
00000000000000000000000000000000
00000000000000000000000000000000
c0a826060a000001005001bb06000000
c0a81e0a0a000001005001bb06000000
c0a8160e0a000001005001bb06000000
00000000000000000000000000000000
00000000000000000000000000000000
c0a821e90a000001005001bb06000000
c0a819ed0a000001005001bb06000000
c0a811f10a000001005001bb06000000
00000000000000000000000000000000
c0a818970a000001005001bb06000000
c0a820930a000001005001bb06000000
00000000000000000000000000000000
00000000000000000000000000000000
00000000000000000000000000000000
c0a824b00a000001005001bb06000000
00000000000000000000000000000000
00000000000000000000000000000000
00000000000000000000000000000000
00000000000000000000000000000000
00000000000000000000000000000000
c0a8210f0a000001005001bb06000000
c0a8216d0a000001005001bb06000000
00000000000000000000000000000000
00000000000000000000000000000000
00000000000000000000000000000000
c0a804c00a000001005001bb06000000
00000000000000000000000000000000
00000000000000000000000000000000
c0a8053c0a000001005001bb06000000
00000000000000000000000000000000
00000000000000000000000000000000
00000000000000000000000000000000
c0a8252c0a000001005001bb06000000
00000000000000000000000000000000
00000000000000000000000000000000
00000000000000000000000000000000
00000000000000000000000000000000
c0a81cf20a000001005001bb06000000
c0a814f60a000001005001bb06000000
00000000000000000000000000000000
c0a824ee0a000001005001bb06000000
c0a804440a000001005001bb06000000
00000000000000000000000000000000
00000000000000000000000000000000
c0a815920a000001005001bb06000000
00000000000000000000000000000000
c0a821ab0a000001005001bb06000000
00000000000000000000000000000000
00000000000000000000000000000000
c0a81d8e0a000001005001bb06000000
c0a818d50a000001005001bb06000000
c0a8126c0a000001005001bb06000000
c0a81a680a000001005001bb06000000
c0a822640a000001005001bb06000000
00000000000000000000000000000000
00000000000000000000000000000000
00000000000000000000000000000000
c0a820180a000001005001bb06000000
c0a8181c0a000001005001bb06000000
00000000000000000000000000000000
c0a824350a000001005001bb06000000
00000000000000000000000000000000
00000000000000000000000000000000
00000000000000000000000000000000
00000000000000000000000000000000
00000000000000000000000000000000
00000000000000000000000000000000
00000000000000000000000000000000
c0a823f70a000001005001bb06000000
00000000000000000000000000000000
00000000000000000000000000000000
00000000000000000000000000000000
00000000000000000000000000000000
00000000000000000000000000000000
00000000000000000000000000000000
00000000000000000000000000000000
c0a812aa0a000001005001bb06000000
00000000000000000000000000000000
00000000000000000000000000000000
00000000000000000000000000000000
00000000000000000000000000000000
00000000000000000000000000000000
00000000000000000000000000000000
00000000000000000000000000000000
00000000000000000000000000000000
00000000000000000000000000000000
00000000000000000000000000000000
00000000000000000000000000000000
c0a8231e0a000001005001bb06000000
00000000000000000000000000000000
00000000000000000000000000000000
00000000000000000000000000000000
00000000000000000000000000000000
00000000000000000000000000000000
00000000000000000000000000000000
00000000000000000000000000000000
00000000000000000000000000000000
00000000000000000000000000000000
00000000000000000000000000000000
c0a812e80a000001005001bb06000000
00000000000000000000000000000000
c0a822e00a000001005001bb06000000
00000000000000000000000000000000
00000000000000000000000000000000
c0a8164b0a000001005001bb06000000
00000000000000000000000000000000
00000000000000000000000000000000
00000000000000000000000000000000
00000000000000000000000000000000
00000000000000000000000000000000
00000000000000000000000000000000
00000000000000000000000000000000
00000000000000000000000000000000
00000000000000000000000000000000
00000000000000000000000000000000
00000000000000000000000000000000
00000000000000000000000000000000
c0a825c90a000001005001bb06000000
c0a81dcd0a000001005001bb06000000
c0a815d10a000001005001bb06000000
00000000000000000000000000000000
00000000000000000000000000000000
00000000000000000000000000000000
00000000000000000000000000000000
c0a826070a000001005001bb06000000
c0a81e0b0a000001005001bb06000000
c0a8160f0a000001005001bb06000000
c0a80e130a000001005001bb06000000
00000000000000000000000000000000
c0a81a2a0a000001005001bb06000000
c0a8122e0a000001005001bb06000000
c0a811f00a000001005001bb06000000
00000000000000000000000000000000
c0a818960a000001005001bb06000000
c0a820920a000001005001bb06000000
00000000000000000000000000000000
00000000000000000000000000000000
c0a821e80a000001005001bb06000000
c0a819ec0a000001005001bb06000000
00000000000000000000000000000000
00000000000000000000000000000000
00000000000000000000000000000000
00000000000000000000000000000000
00000000000000000000000000000000
00000000000000000000000000000000
00000000000000000000000000000000
c0a824b10a000001005001bb06000000
00000000000000000000000000000000
00000000000000000000000000000000
c0a819120a000001005001bb06000000
c0a811160a000001005001bb06000000
00000000000000000000000000000000
c0a8210e0a000001005001bb06000000
c0a8216c0a000001005001bb06000000
00000000000000000000000000000000
00000000000000000000000000000000
c0a8252d0a000001005001bb06000000
00000000000000000000000000000000
00000000000000000000000000000000
00000000000000000000000000000000
00000000000000000000000000000000
00000000000000000000000000000000
00000000000000000000000000000000
00000000000000000000000000000000
c0a824ef0a000001005001bb06000000
00000000000000000000000000000000
00000000000000000000000000000000
00000000000000000000000000000000
00000000000000000000000000000000
c0a81cf30a000001005001bb06000000
c0a814f70a000001005001bb06000000
00000000000000000000000000000000
00000000000000000000000000000000
c0a81d8f0a000001005001bb06000000
c0a818d40a000001005001bb06000000
c0a80d970a000001005001bb06000000
c0a815930a000001005001bb06000000
00000000000000000000000000000000
00000000000000000000000000000000
00000000000000000000000000000000
c0a820170a000001005001bb06000000
00000000000000000000000000000000
00000000000000000000000000000000
00000000000000000000000000000000
c0a8126b0a000001005001bb06000000
00000000000000000000000000000000
c0a822630a000001005001bb06000000
00000000000000000000000000000000
00000000000000000000000000000000
c0a804080a000001005001bb06000000
00000000000000000000000000000000
00000000000000000000000000000000
c0a824360a000001005001bb06000000
00000000000000000000000000000000
00000000000000000000000000000000
00000000000000000000000000000000
00000000000000000000000000000000
00000000000000000000000000000000
00000000000000000000000000000000
00000000000000000000000000000000
00000000000000000000000000000000
00000000000000000000000000000000
00000000000000000000000000000000
00000000000000000000000000000000
00000000000000000000000000000000
c0a81fd90a000001005001bb06000000
00000000000000000000000000000000
00000000000000000000000000000000
c0a812a90a000001005001bb06000000
00000000000000000000000000000000
00000000000000000000000000000000
00000000000000000000000000000000
c0a8231d0a000001005001bb06000000
00000000000000000000000000000000
00000000000000000000000000000000
00000000000000000000000000000000
00000000000000000000000000000000
c0a806d00a000001005001bb06000000
00000000000000000000000000000000
00000000000000000000000000000000
00000000000000000000000000000000
00000000000000000000000000000000
00000000000000000000000000000000
00000000000000000000000000000000
00000000000000000000000000000000
00000000000000000000000000000000
00000000000000000000000000000000
c0a8164c0a000001005001bb06000000
c0a81e480a000001005001bb06000000
00000000000000000000000000000000
00000000000000000000000000000000
00000000000000000000000000000000
00000000000000000000000000000000
c0a806540a000001005001bb06000000
00000000000000000000000000000000
00000000000000000000000000000000
c0a822df0a000001005001bb06000000
c0a8038c0a000001005001bb06000000
00000000000000000000000000000000
00000000000000000000000000000000
00000000000000000000000000000000
00000000000000000000000000000000
00000000000000000000000000000000
00000000000000000000000000000000
c0a806140a000001005001bb06000000
00000000000000000000000000000000
00000000000000000000000000000000
00000000000000000000000000000000
00000000000000000000000000000000
c0a818570a000001005001bb06000000
c0a820530a000001005001bb06000000
c0a815d20a000001005001bb06000000
00000000000000000000000000000000
00000000000000000000000000000000
00000000000000000000000000000000
00000000000000000000000000000000
00000000000000000000000000000000
c0a825ca0a000001005001bb06000000
c0a81dce0a000001005001bb06000000
00000000000000000000000000000000
00000000000000000000000000000000
00000000000000000000000000000000
c0a824b20a000001005001bb06000000
00000000000000000000000000000000
00000000000000000000000000000000
00000000000000000000000000000000
c0a804800a000001005001bb06000000
00000000000000000000000000000000
00000000000000000000000000000000
c0a819eb0a000001005001bb06000000
c0a811ef0a000001005001bb06000000
c0a809f30a000001005001bb06000000
00000000000000000000000000000000
c0a820950a000001005001bb06000000
c0a80f490a000001005001bb06000000
00000000000000000000000000000000
00000000000000000000000000000000
00000000000000000000000000000000
00000000000000000000000000000000
00000000000000000000000000000000
c0a8252e0a000001005001bb06000000
00000000000000000000000000000000
00000000000000000000000000000000
00000000000000000000000000000000
00000000000000000000000000000000
c0a8196f0a000001005001bb06000000
c0a8216b0a000001005001bb06000000
00000000000000000000000000000000
00000000000000000000000000000000
c0a821110a000001005001bb06000000
c0a819150a000001005001bb06000000
00000000000000000000000000000000
c0a815900a000001005001bb06000000
00000000000000000000000000000000
c0a805980a000001005001bb06000000
00000000000000000000000000000000
00000000000000000000000000000000
c0a818d30a000001005001bb06000000
c0a825880a000001005001bb06000000
00000000000000000000000000000000
c0a804fc0a000001005001bb06000000
c0a81cf00a000001005001bb06000000
00000000000000000000000000000000
00000000000000000000000000000000
c0a824ec0a000001005001bb06000000
00000000000000000000000000000000
00000000000000000000000000000000
00000000000000000000000000000000
c0a824370a000001005001bb06000000
00000000000000000000000000000000
00000000000000000000000000000000
00000000000000000000000000000000
00000000000000000000000000000000
00000000000000000000000000000000
00000000000000000000000000000000
00000000000000000000000000000000
c0a8126a0a000001005001bb06000000
00000000000000000000000000000000
00000000000000000000000000000000
00000000000000000000000000000000
00000000000000000000000000000000
c0a8201a0a000001005001bb06000000
c0a8181e0a000001005001bb06000000
c0a812ac0a000001005001bb06000000
c0a81aa80a000001005001bb06000000
00000000000000000000000000000000
00000000000000000000000000000000
00000000000000000000000000000000
00000000000000000000000000000000
c0a81fd80a000001005001bb06000000
00000000000000000000000000000000
00000000000000000000000000000000
c0a823f50a000001005001bb06000000
00000000000000000000000000000000
00000000000000000000000000000000
00000000000000000000000000000000
00000000000000000000000000000000
00000000000000000000000000000000
00000000000000000000000000000000
c0a813280a000001005001bb06000000
00000000000000000000000000000000
00000000000000000000000000000000
00000000000000000000000000000000
00000000000000000000000000000000
00000000000000000000000000000000
00000000000000000000000000000000
00000000000000000000000000000000
00000000000000000000000000000000
00000000000000000000000000000000
00000000000000000000000000000000
00000000000000000000000000000000
00000000000000000000000000000000
00000000000000000000000000000000
00000000000000000000000000000000
00000000000000000000000000000000
00000000000000000000000000000000
00000000000000000000000000000000
00000000000000000000000000000000
00000000000000000000000000000000
00000000000000000000000000000000
00000000000000000000000000000000
00000000000000000000000000000000
00000000000000000000000000000000
00000000000000000000000000000000
00000000000000000000000000000000
00000000000000000000000000000000
00000000000000000000000000000000
c0a8164d0a000001005001bb06000000
c0a81e490a000001005001bb06000000
00000000000000000000000000000000
00000000000000000000000000000000
00000000000000000000000000000000
c0a826050a000001005001bb06000000
c0a818560a000001005001bb06000000
c0a8160d0a000001005001bb06000000
00000000000000000000000000000000
00000000000000000000000000000000
c0a822280a000001005001bb06000000
00000000000000000000000000000000
00000000000000000000000000000000
00000000000000000000000000000000
c0a825cb0a000001005001bb06000000
c0a81dcf0a000001005001bb06000000
c0a815d30a000001005001bb06000000
c0a80dd70a000001005001bb06000000
00000000000000000000000000000000
00000000000000000000000000000000
00000000000000000000000000000000
00000000000000000000000000000000
00000000000000000000000000000000
00000000000000000000000000000000
00000000000000000000000000000000
00000000000000000000000000000000
c0a81cb70a000001005001bb06000000
c0a824b30a000001005001bb06000000
00000000000000000000000000000000
00000000000000000000000000000000
c0a820940a000001005001bb06000000
c0a80f4a0a000001005001bb06000000
00000000000000000000000000000000
00000000000000000000000000000000
c0a819ea0a000001005001bb06000000
c0a811ee0a000001005001bb06000000
00000000000000000000000000000000
c0a8252f0a000001005001bb06000000
00000000000000000000000000000000
00000000000000000000000000000000
00000000000000000000000000000000
00000000000000000000000000000000
c0a81d330a000001005001bb06000000
00000000000000000000000000000000
00000000000000000000000000000000
00000000000000000000000000000000
c0a821100a000001005001bb06000000
c0a819140a000001005001bb06000000
00000000000000000000000000000000
00000000000000000000000000000000
c0a8196e0a000001005001bb06000000
c0a8216a0a000001005001bb06000000
00000000000000000000000000000000
00000000000000000000000000000000
c0a818d20a000001005001bb06000000
c0a810d60a000001005001bb06000000
00000000000000000000000000000000
c0a815910a000001005001bb06000000
c0a821ac0a000001005001bb06000000
00000000000000000000000000000000
00000000000000000000000000000000
c0a824ed0a000001005001bb06000000
00000000000000000000000000000000
00000000000000000000000000000000
00000000000000000000000000000000
00000000000000000000000000000000
c0a81cf10a000001005001bb06000000
00000000000000000000000000000000
00000000000000000000000000000000
00000000000000000000000000000000
00000000000000000000000000000000
00000000000000000000000000000000
00000000000000000000000000000000
00000000000000000000000000000000
00000000000000000000000000000000
00000000000000000000000000000000
00000000000000000000000000000000
00000000000000000000000000000000
c0a820190a000001005001bb06000000
c0a803cc0a000001005001bb06000000
00000000000000000000000000000000
c0a812690a000001005001bb06000000
00000000000000000000000000000000
00000000000000000000000000000000
00000000000000000000000000000000
c0a81fd70a000001005001bb06000000
00000000000000000000000000000000
00000000000000000000000000000000
00000000000000000000000000000000
c0a812ab0a000001005001bb06000000
00000000000000000000000000000000
c0a806900a000001005001bb06000000
00000000000000000000000000000000
00000000000000000000000000000000
00000000000000000000000000000000
00000000000000000000000000000000
00000000000000000000000000000000
c0a823f60a000001005001bb06000000
00000000000000000000000000000000
00000000000000000000000000000000
00000000000000000000000000000000
00000000000000000000000000000000
00000000000000000000000000000000
00000000000000000000000000000000
00000000000000000000000000000000
00000000000000000000000000000000
00000000000000000000000000000000
00000000000000000000000000000000
00000000000000000000000000000000
c0a8231f0a000001005001bb06000000
00000000000000000000000000000000
00000000000000000000000000000000
00000000000000000000000000000000
00000000000000000000000000000000
00000000000000000000000000000000
00000000000000000000000000000000
00000000000000000000000000000000
00000000000000000000000000000000
00000000000000000000000000000000
00000000000000000000000000000000
00000000000000000000000000000000
00000000000000000000000000000000
00000000000000000000000000000000
00000000000000000000000000000000
c0a8164e0a000001005001bb06000000
c0a81e4a0a000001005001bb06000000
00000000000000000000000000000000
00000000000000000000000000000000
00000000000000000000000000000000
00000000000000000000000000000000
00000000000000000000000000000000
00000000000000000000000000000000
00000000000000000000000000000000
00000000000000000000000000000000
00000000000000000000000000000000
00000000000000000000000000000000
00000000000000000000000000000000
00000000000000000000000000000000
00000000000000000000000000000000
c0a804400a000001005001bb06000000
00000000000000000000000000000000
00000000000000000000000000000000
00000000000000000000000000000000
00000000000000000000000000000000
00000000000000000000000000000000
c0a820dd0a000001005001bb06000000
00000000000000000000000000000000
00000000000000000000000000000000
00000000000000000000000000000000
c0a821610a000001005001bb06000000
00000000000000000000000000000000
00000000000000000000000000000000
c0a8211b0a000001005001bb06000000
c0a8191f0a000001005001bb06000000
00000000000000000000000000000000
c0a804c40a000001005001bb06000000
00000000000000000000000000000000
00000000000000000000000000000000
00000000000000000000000000000000
00000000000000000000000000000000
00000000000000000000000000000000
00000000000000000000000000000000
00000000000000000000000000000000
00000000000000000000000000000000
00000000000000000000000000000000
c0a80f530a000001005001bb06000000
c0a819e90a000001005001bb06000000
c0a811ed0a000001005001bb06000000
00000000000000000000000000000000
00000000000000000000000000000000
c0a8174f0a000001005001bb06000000
c0a81f4b0a000001005001bb06000000
00000000000000000000000000000000
00000000000000000000000000000000
c0a824b40a000001005001bb06000000
00000000000000000000000000000000
00000000000000000000000000000000
00000000000000000000000000000000
00000000000000000000000000000000
00000000000000000000000000000000
00000000000000000000000000000000
00000000000000000000000000000000
c0a824760a000001005001bb06000000
00000000000000000000000000000000
00000000000000000000000000000000
00000000000000000000000000000000
00000000000000000000000000000000
c0a805cc0a000001005001bb06000000
00000000000000000000000000000000
00000000000000000000000000000000
c0a8122b0a000001005001bb06000000
00000000000000000000000000000000
00000000000000000000000000000000
c0a820590a000001005001bb06000000
00000000000000000000000000000000
00000000000000000000000000000000
00000000000000000000000000000000
c0a822ec0a000001005001bb06000000
00000000000000000000000000000000
00000000000000000000000000000000
c0a817940a000001005001bb06000000
c0a80e4b0a000001005001bb06000000
c0a81af00a000001005001bb06000000
00000000000000000000000000000000
00000000000000000000000000000000
00000000000000000000000000000000
00000000000000000000000000000000
00000000000000000000000000000000
00000000000000000000000000000000
00000000000000000000000000000000
c0a823ad0a000001005001bb06000000
00000000000000000000000000000000
00000000000000000000000000000000
00000000000000000000000000000000
00000000000000000000000000000000
00000000000000000000000000000000
00000000000000000000000000000000
00000000000000000000000000000000
c0a8236f0a000001005001bb06000000
00000000000000000000000000000000
00000000000000000000000000000000
00000000000000000000000000000000
c0a817110a000001005001bb06000000
00000000000000000000000000000000
c0a817560a000001005001bb06000000
c0a81f0d0a000001005001bb06000000
00000000000000000000000000000000
00000000000000000000000000000000
c0a823f30a000001005001bb06000000
c0a81bf70a000001005001bb06000000
00000000000000000000000000000000
00000000000000000000000000000000
00000000000000000000000000000000
00000000000000000000000000000000
00000000000000000000000000000000
c0a805480a000001005001bb06000000
c0a812ae0a000001005001bb06000000
c0a81aaa0a000001005001bb06000000
00000000000000000000000000000000
00000000000000000000000000000000
c0a8168d0a000001005001bb06000000
c0a81e890a000001005001bb06000000
c0a826850a000001005001bb06000000
00000000000000000000000000000000
c0a81a6c0a000001005001bb06000000
c0a822680a000001005001bb06000000
00000000000000000000000000000000
00000000000000000000000000000000
00000000000000000000000000000000
c0a820140a000001005001bb06000000
00000000000000000000000000000000
00000000000000000000000000000000
c0a824310a000001005001bb06000000
00000000000000000000000000000000
00000000000000000000000000000000
00000000000000000000000000000000
00000000000000000000000000000000
00000000000000000000000000000000
00000000000000000000000000000000
00000000000000000000000000000000
00000000000000000000000000000000
00000000000000000000000000000000
00000000000000000000000000000000
00000000000000000000000000000000
00000000000000000000000000000000
00000000000000000000000000000000
00000000000000000000000000000000
00000000000000000000000000000000
00000000000000000000000000000000
c0a820dc0a000001005001bb06000000
00000000000000000000000000000000
00000000000000000000000000000000
00000000000000000000000000000000
00000000000000000000000000000000
00000000000000000000000000000000
00000000000000000000000000000000
c0a8211a0a000001005001bb06000000
c0a8191e0a000001005001bb06000000
00000000000000000000000000000000
00000000000000000000000000000000
00000000000000000000000000000000
c0a821600a000001005001bb06000000
00000000000000000000000000000000
00000000000000000000000000000000
00000000000000000000000000000000
00000000000000000000000000000000
00000000000000000000000000000000
00000000000000000000000000000000
00000000000000000000000000000000
00000000000000000000000000000000
00000000000000000000000000000000
00000000000000000000000000000000
00000000000000000000000000000000
00000000000000000000000000000000
c0a81f4c0a000001005001bb06000000
00000000000000000000000000000000
00000000000000000000000000000000
c0a817500a000001005001bb06000000
c0a819e80a000001005001bb06000000
c0a811ec0a000001005001bb06000000
00000000000000000000000000000000
00000000000000000000000000000000
00000000000000000000000000000000
00000000000000000000000000000000
00000000000000000000000000000000
00000000000000000000000000000000
c0a824b50a000001005001bb06000000
00000000000000000000000000000000
00000000000000000000000000000000
00000000000000000000000000000000
00000000000000000000000000000000
00000000000000000000000000000000
00000000000000000000000000000000
00000000000000000000000000000000
c0a824770a000001005001bb06000000
00000000000000000000000000000000
00000000000000000000000000000000
c0a820580a000001005001bb06000000
00000000000000000000000000000000
00000000000000000000000000000000
00000000000000000000000000000000
00000000000000000000000000000000
c0a8122a0a000001005001bb06000000
00000000000000000000000000000000
c0a80e4c0a000001005001bb06000000
c0a816480a000001005001bb06000000
c0a812f30a000001005001bb06000000
00000000000000000000000000000000
c0a822eb0a000001005001bb06000000
c0a81aef0a000001005001bb06000000
c0a81f8f0a000001005001bb06000000
c0a806500a000001005001bb06000000
00000000000000000000000000000000
c0a803800a000001005001bb06000000
c0a823ae0a000001005001bb06000000
00000000000000000000000000000000
00000000000000000000000000000000
00000000000000000000000000000000
00000000000000000000000000000000
00000000000000000000000000000000
00000000000000000000000000000000
00000000000000000000000000000000
00000000000000000000000000000000
00000000000000000000000000000000
00000000000000000000000000000000
00000000000000000000000000000000
00000000000000000000000000000000
c0a806d40a000001005001bb06000000
c0a817550a000001005001bb06000000
c0a81f0e0a000001005001bb06000000
00000000000000000000000000000000
00000000000000000000000000000000
00000000000000000000000000000000
00000000000000000000000000000000
c0a817120a000001005001bb06000000
00000000000000000000000000000000
00000000000000000000000000000000
00000000000000000000000000000000
00000000000000000000000000000000
00000000000000000000000000000000
00000000000000000000000000000000
c0a823f40a000001005001bb06000000
00000000000000000000000000000000
00000000000000000000000000000000
c0a8168e0a000001005001bb06000000
c0a81e8a0a000001005001bb06000000
c0a826860a000001005001bb06000000
00000000000000000000000000000000
c0a812ad0a000001005001bb06000000
c0a81aa90a000001005001bb06000000
00000000000000000000000000000000
00000000000000000000000000000000
c0a820130a000001005001bb06000000
c0a818170a000001005001bb06000000
00000000000000000000000000000000
00000000000000000000000000000000
c0a8126f0a000001005001bb06000000
c0a81a6b0a000001005001bb06000000
c0a822670a000001005001bb06000000
00000000000000000000000000000000
00000000000000000000000000000000
c0a804040a000001005001bb06000000
00000000000000000000000000000000
00000000000000000000000000000000
c0a824320a000001005001bb06000000
00000000000000000000000000000000
00000000000000000000000000000000
00000000000000000000000000000000
00000000000000000000000000000000
00000000000000000000000000000000
00000000000000000000000000000000
c0a811a90a000001005001bb06000000
c0a820db0a000001005001bb06000000
00000000000000000000000000000000
c0a8058c0a000001005001bb06000000
00000000000000000000000000000000
00000000000000000000000000000000
00000000000000000000000000000000
00000000000000000000000000000000
00000000000000000000000000000000
00000000000000000000000000000000
00000000000000000000000000000000
00000000000000000000000000000000
00000000000000000000000000000000
00000000000000000000000000000000
00000000000000000000000000000000
00000000000000000000000000000000
00000000000000000000000000000000
c0a805080a000001005001bb06000000
00000000000000000000000000000000
c0a8215f0a000001005001bb06000000
00000000000000000000000000000000
00000000000000000000000000000000
00000000000000000000000000000000
00000000000000000000000000000000
00000000000000000000000000000000
00000000000000000000000000000000
c0a8211d0a000001005001bb06000000
00000000000000000000000000000000
00000000000000000000000000000000
00000000000000000000000000000000
00000000000000000000000000000000
c0a824b60a000001005001bb06000000
00000000000000000000000000000000
00000000000000000000000000000000
00000000000000000000000000000000
c0a804840a000001005001bb06000000
00000000000000000000000000000000
c0a821e30a000001005001bb06000000
c0a817510a000001005001bb06000000
c0a811eb0a000001005001bb06000000
00000000000000000000000000000000
00000000000000000000000000000000
00000000000000000000000000000000
c0a81f4d0a000001005001bb06000000
00000000000000000000000000000000
c0a806100a000001005001bb06000000
00000000000000000000000000000000
c0a81a290a000001005001bb06000000
c0a8122d0a000001005001bb06000000
00000000000000000000000000000000
00000000000000000000000000000000
c0a820570a000001005001bb06000000
00000000000000000000000000000000
00000000000000000000000000000000
00000000000000000000000000000000
00000000000000000000000000000000
00000000000000000000000000000000
00000000000000000000000000000000
00000000000000000000000000000000
00000000000000000000000000000000
00000000000000000000000000000000
00000000000000000000000000000000
c0a81bb30a000001005001bb06000000
00000000000000000000000000000000
00000000000000000000000000000000
00000000000000000000000000000000
00000000000000000000000000000000
c0a823af0a000001005001bb06000000
00000000000000000000000000000000
c0a822ea0a000001005001bb06000000
c0a81aee0a000001005001bb06000000
00000000000000000000000000000000
00000000000000000000000000000000
c0a817960a000001005001bb06000000
c0a816490a000001005001bb06000000
c0a812f20a000001005001bb06000000
00000000000000000000000000000000
00000000000000000000000000000000
c0a8232c0a000001005001bb06000000
c0a80f130a000001005001bb06000000
00000000000000000000000000000000
c0a817540a000001005001bb06000000
c0a8170f0a000001005001bb06000000
00000000000000000000000000000000
c0a827070a000001005001bb06000000
00000000000000000000000000000000
00000000000000000000000000000000
00000000000000000000000000000000
00000000000000000000000000000000
c0a81ec90a000001005001bb06000000
c0a816cd0a000001005001bb06000000
c0a8236d0a000001005001bb06000000
c0a826c50a000001005001bb06000000
00000000000000000000000000000000
c0a822a80a000001005001bb06000000
00000000000000000000000000000000
00000000000000000000000000000000
00000000000000000000000000000000
c0a81fd40a000001005001bb06000000
00000000000000000000000000000000
00000000000000000000000000000000
c0a823f10a000001005001bb06000000
00000000000000000000000000000000
00000000000000000000000000000000
00000000000000000000000000000000
00000000000000000000000000000000
00000000000000000000000000000000
00000000000000000000000000000000
00000000000000000000000000000000
c0a824330a000001005001bb06000000
c0a81c370a000001005001bb06000000
00000000000000000000000000000000
00000000000000000000000000000000
00000000000000000000000000000000
00000000000000000000000000000000
00000000000000000000000000000000
00000000000000000000000000000000
c0a8126e0a000001005001bb06000000
c0a81a6a0a000001005001bb06000000
00000000000000000000000000000000
00000000000000000000000000000000
00000000000000000000000000000000
c0a820160a000001005001bb06000000
00000000000000000000000000000000
00000000000000000000000000000000
00000000000000000000000000000000
00000000000000000000000000000000
00000000000000000000000000000000
00000000000000000000000000000000
00000000000000000000000000000000
00000000000000000000000000000000
00000000000000000000000000000000
c0a811a80a000001005001bb06000000
00000000000000000000000000000000
00000000000000000000000000000000
00000000000000000000000000000000
00000000000000000000000000000000
00000000000000000000000000000000
00000000000000000000000000000000
00000000000000000000000000000000
00000000000000000000000000000000
00000000000000000000000000000000
00000000000000000000000000000000
00000000000000000000000000000000
00000000000000000000000000000000
00000000000000000000000000000000
00000000000000000000000000000000
00000000000000000000000000000000
00000000000000000000000000000000
00000000000000000000000000000000
c0a8211c0a000001005001bb06000000
00000000000000000000000000000000
00000000000000000000000000000000
00000000000000000000000000000000
00000000000000000000000000000000
00000000000000000000000000000000
00000000000000000000000000000000
00000000000000000000000000000000
00000000000000000000000000000000
00000000000000000000000000000000
00000000000000000000000000000000
00000000000000000000000000000000
00000000000000000000000000000000
c0a824b70a000001005001bb06000000
00000000000000000000000000000000
00000000000000000000000000000000
00000000000000000000000000000000
c0a81f4e0a000001005001bb06000000
00000000000000000000000000000000
00000000000000000000000000000000
c0a817520a000001005001bb06000000
c0a811ea0a000001005001bb06000000
00000000000000000000000000000000
00000000000000000000000000000000
00000000000000000000000000000000
c0a820560a000001005001bb06000000
00000000000000000000000000000000
00000000000000000000000000000000
00000000000000000000000000000000
c0a81a280a000001005001bb06000000
c0a8122c0a000001005001bb06000000
00000000000000000000000000000000
00000000000000000000000000000000
00000000000000000000000000000000
00000000000000000000000000000000
00000000000000000000000000000000
00000000000000000000000000000000
00000000000000000000000000000000
00000000000000000000000000000000
00000000000000000000000000000000
00000000000000000000000000000000
00000000000000000000000000000000
00000000000000000000000000000000
00000000000000000000000000000000
c0a823b00a000001005001bb06000000
00000000000000000000000000000000
00000000000000000000000000000000
c0a817950a000001005001bb06000000
c0a8164a0a000001005001bb06000000
c0a812f10a000001005001bb06000000
00000000000000000000000000000000
c0a822e90a000001005001bb06000000
c0a81aed0a000001005001bb06000000
00000000000000000000000000000000
00000000000000000000000000000000
c0a80f570a000001005001bb06000000
c0a817530a000001005001bb06000000
00000000000000000000000000000000
00000000000000000000000000000000
c0a8232b0a000001005001bb06000000
00000000000000000000000000000000
c0a817100a000001005001bb06000000
00000000000000000000000000000000
c0a81eca0a000001005001bb06000000
c0a816ce0a000001005001bb06000000
c0a8236e0a000001005001bb06000000
c0a826c60a000001005001bb06000000
00000000000000000000000000000000
00000000000000000000000000000000
00000000000000000000000000000000
00000000000000000000000000000000
c0a81fd30a000001005001bb06000000
c0a817d70a000001005001bb06000000
00000000000000000000000000000000
00000000000000000000000000000000
00000000000000000000000000000000
00000000000000000000000000000000
c0a806940a000001005001bb06000000
00000000000000000000000000000000
00000000000000000000000000000000
00000000000000000000000000000000
00000000000000000000000000000000
00000000000000000000000000000000
00000000000000000000000000000000
c0a81bf60a000001005001bb06000000
00000000000000000000000000000000
00000000000000000000000000000000
00000000000000000000000000000000
00000000000000000000000000000000
00000000000000000000000000000000
00000000000000000000000000000000
00000000000000000000000000000000
c0a824340a000001005001bb06000000
00000000000000000000000000000000
00000000000000000000000000000000
c0a803c00a000001005001bb06000000
c0a820150a000001005001bb06000000
00000000000000000000000000000000
00000000000000000000000000000000
c0a8126d0a000001005001bb06000000
c0a81a690a000001005001bb06000000
00000000000000000000000000000000
00000000000000000000000000000000
c0a821650a000001005001bb06000000
00000000000000000000000000000000
00000000000000000000000000000000
c0a819690a000001005001bb06000000
c0a804c80a000001005001bb06000000
00000000000000000000000000000000
00000000000000000000000000000000
c0a821170a000001005001bb06000000
00000000000000000000000000000000
00000000000000000000000000000000
00000000000000000000000000000000
c0a825340a000001005001bb06000000
00000000000000000000000000000000
00000000000000000000000000000000
00000000000000000000000000000000
00000000000000000000000000000000
00000000000000000000000000000000
00000000000000000000000000000000
00000000000000000000000000000000
c0a824f60a000001005001bb06000000
00000000000000000000000000000000
00000000000000000000000000000000
00000000000000000000000000000000
00000000000000000000000000000000
00000000000000000000000000000000
00000000000000000000000000000000
00000000000000000000000000000000
c0a811ab0a000001005001bb06000000
c0a820d90a000001005001bb06000000
00000000000000000000000000000000
00000000000000000000000000000000
00000000000000000000000000000000
c0a805d00a000001005001bb06000000
00000000000000000000000000000000
00000000000000000000000000000000
00000000000000000000000000000000
00000000000000000000000000000000
00000000000000000000000000000000
00000000000000000000000000000000
00000000000000000000000000000000
00000000000000000000000000000000
00000000000000000000000000000000
00000000000000000000000000000000
00000000000000000000000000000000
c0a8205d0a000001005001bb06000000
00000000000000000000000000000000
00000000000000000000000000000000
00000000000000000000000000000000
00000000000000000000000000000000
00000000000000000000000000000000
c0a811e90a000001005001bb06000000
00000000000000000000000000000000
00000000000000000000000000000000
00000000000000000000000000000000
00000000000000000000000000000000
c0a8174b0a000001005001bb06000000
00000000000000000000000000000000
00000000000000000000000000000000
00000000000000000000000000000000
00000000000000000000000000000000
00000000000000000000000000000000
00000000000000000000000000000000
00000000000000000000000000000000
00000000000000000000000000000000
00000000000000000000000000000000
00000000000000000000000000000000
c0a80ed30a000001005001bb06000000
00000000000000000000000000000000
c0a81ecb0a000001005001bb06000000
c0a816cf0a000001005001bb06000000
00000000000000000000000000000000
c0a826c70a000001005001bb06000000
c0a81b2a0a000001005001bb06000000
c0a8132e0a000001005001bb06000000
00000000000000000000000000000000
00000000000000000000000000000000
c0a81f090a000001005001bb06000000
c0a8170d0a000001005001bb06000000
00000000000000000000000000000000
c0a827050a000001005001bb06000000
c0a822e80a000001005001bb06000000
c0a81aec0a000001005001bb06000000
00000000000000000000000000000000
00000000000000000000000000000000
c0a81f940a000001005001bb06000000
00000000000000000000000000000000
c0a812f00a000001005001bb06000000
00000000000000000000000000000000
00000000000000000000000000000000
c0a823b10a000001005001bb06000000
00000000000000000000000000000000
00000000000000000000000000000000
00000000000000000000000000000000
00000000000000000000000000000000
00000000000000000000000000000000
00000000000000000000000000000000
c0a8226c0a000001005001bb06000000
00000000000000000000000000000000
00000000000000000000000000000000
00000000000000000000000000000000
c0a820100a000001005001bb06000000
c0a818140a000001005001bb06000000
00000000000000000000000000000000
00000000000000000000000000000000
00000000000000000000000000000000
00000000000000000000000000000000
00000000000000000000000000000000
00000000000000000000000000000000
00000000000000000000000000000000
00000000000000000000000000000000
00000000000000000000000000000000
c0a8242d0a000001005001bb06000000
c0a81bf30a000001005001bb06000000
c0a813f70a000001005001bb06000000
00000000000000000000000000000000
00000000000000000000000000000000
c0a805440a000001005001bb06000000
00000000000000000000000000000000
00000000000000000000000000000000
c0a823ef0a000001005001bb06000000
00000000000000000000000000000000
00000000000000000000000000000000
00000000000000000000000000000000
c0a816910a000001005001bb06000000
c0a81e8d0a000001005001bb06000000
c0a817d60a000001005001bb06000000
00000000000000000000000000000000
00000000000000000000000000000000
00000000000000000000000000000000
00000000000000000000000000000000
00000000000000000000000000000000
c0a821160a000001005001bb06000000
c0a821640a000001005001bb06000000
00000000000000000000000000000000
00000000000000000000000000000000
c0a819680a000001005001bb06000000
00000000000000000000000000000000
00000000000000000000000000000000
00000000000000000000000000000000
00000000000000000000000000000000
00000000000000000000000000000000
00000000000000000000000000000000
00000000000000000000000000000000
c0a825350a000001005001bb06000000
00000000000000000000000000000000
00000000000000000000000000000000
00000000000000000000000000000000
00000000000000000000000000000000
00000000000000000000000000000000
00000000000000000000000000000000
00000000000000000000000000000000
c0a824f70a000001005001bb06000000
c0a820d80a000001005001bb06000000
00000000000000000000000000000000
00000000000000000000000000000000
00000000000000000000000000000000
00000000000000000000000000000000
00000000000000000000000000000000
00000000000000000000000000000000
c0a811aa0a000001005001bb06000000
00000000000000000000000000000000
00000000000000000000000000000000
00000000000000000000000000000000
c0a8221e0a000001005001bb06000000
00000000000000000000000000000000
00000000000000000000000000000000
00000000000000000000000000000000
00000000000000000000000000000000
c0a8205c0a000001005001bb06000000
00000000000000000000000000000000
00000000000000000000000000000000
00000000000000000000000000000000
00000000000000000000000000000000
00000000000000000000000000000000
00000000000000000000000000000000
00000000000000000000000000000000
00000000000000000000000000000000
00000000000000000000000000000000
c0a8174c0a000001005001bb06000000
c0a81f480a000001005001bb06000000
c0a821e00a000001005001bb06000000
00000000000000000000000000000000
c0a811e80a000001005001bb06000000
00000000000000000000000000000000
00000000000000000000000000000000
00000000000000000000000000000000
00000000000000000000000000000000
00000000000000000000000000000000
00000000000000000000000000000000
00000000000000000000000000000000
00000000000000000000000000000000
00000000000000000000000000000000
c0a826c80a000001005001bb06000000
c0a81ecc0a000001005001bb06000000
00000000000000000000000000000000
00000000000000000000000000000000
c0a806d80a000001005001bb06000000
00000000000000000000000000000000
c0a816d00a000001005001bb06000000
00000000000000000000000000000000
c0a81f0a0a000001005001bb06000000
c0a8170e0a000001005001bb06000000
00000000000000000000000000000000
c0a827060a000001005001bb06000000
c0a81b290a000001005001bb06000000
c0a8132d0a000001005001bb06000000
00000000000000000000000000000000
00000000000000000000000000000000
c0a8064c0a000001005001bb06000000
c0a81f930a000001005001bb06000000
c0a80af30a000001005001bb06000000
00000000000000000000000000000000
c0a81aeb0a000001005001bb06000000
c0a812ef0a000001005001bb06000000
00000000000000000000000000000000
00000000000000000000000000000000
c0a803840a000001005001bb06000000
00000000000000000000000000000000
00000000000000000000000000000000
00000000000000000000000000000000
00000000000000000000000000000000
c0a823b20a000001005001bb06000000
00000000000000000000000000000000
00000000000000000000000000000000
c0a818130a000001005001bb06000000
00000000000000000000000000000000
00000000000000000000000000000000
00000000000000000000000000000000
c0a81a6f0a000001005001bb06000000
c0a8226b0a000001005001bb06000000
00000000000000000000000000000000
c0a8200f0a000001005001bb06000000
c0a804000a000001005001bb06000000
00000000000000000000000000000000
00000000000000000000000000000000
c0a8242e0a000001005001bb06000000
00000000000000000000000000000000
00000000000000000000000000000000
00000000000000000000000000000000
00000000000000000000000000000000
00000000000000000000000000000000
00000000000000000000000000000000
00000000000000000000000000000000
00000000000000000000000000000000
c0a823f00a000001005001bb06000000
00000000000000000000000000000000
00000000000000000000000000000000
00000000000000000000000000000000
c0a81e8e0a000001005001bb06000000
c0a817d50a000001005001bb06000000
00000000000000000000000000000000
00000000000000000000000000000000
00000000000000000000000000000000
00000000000000000000000000000000
00000000000000000000000000000000
c0a816920a000001005001bb06000000
00000000000000000000000000000000
00000000000000000000000000000000
00000000000000000000000000000000
c0a825360a000001005001bb06000000
00000000000000000000000000000000
00000000000000000000000000000000
00000000000000000000000000000000
c0a805040a000001005001bb06000000
00000000000000000000000000000000
c0a821630a000001005001bb06000000
00000000000000000000000000000000
00000000000000000000000000000000
c0a821190a000001005001bb06000000
c0a8191d0a000001005001bb06000000
00000000000000000000000000000000
00000000000000000000000000000000
00000000000000000000000000000000
c0a805900a000001005001bb06000000
c0a811ad0a000001005001bb06000000
c0a819a90a000001005001bb06000000
00000000000000000000000000000000
00000000000000000000000000000000
00000000000000000000000000000000
c0a820d70a000001005001bb06000000
00000000000000000000000000000000
00000000000000000000000000000000
00000000000000000000000000000000
c0a824f40a000001005001bb06000000
00000000000000000000000000000000
00000000000000000000000000000000
00000000000000000000000000000000
00000000000000000000000000000000
00000000000000000000000000000000
00000000000000000000000000000000
c0a812290a000001005001bb06000000
00000000000000000000000000000000
00000000000000000000000000000000
c0a8205b0a000001005001bb06000000
00000000000000000000000000000000
c0a8060c0a000001005001bb06000000
00000000000000000000000000000000
00000000000000000000000000000000
00000000000000000000000000000000
00000000000000000000000000000000
00000000000000000000000000000000
00000000000000000000000000000000
00000000000000000000000000000000
00000000000000000000000000000000
00000000000000000000000000000000
00000000000000000000000000000000
00000000000000000000000000000000
00000000000000000000000000000000
00000000000000000000000000000000
c0a804880a000001005001bb06000000
00000000000000000000000000000000
c0a821df0a000001005001bb06000000
00000000000000000000000000000000
00000000000000000000000000000000
00000000000000000000000000000000
00000000000000000000000000000000
00000000000000000000000000000000
00000000000000000000000000000000
c0a8174d0a000001005001bb06000000
c0a81f490a000001005001bb06000000
c0a823280a000001005001bb06000000
00000000000000000000000000000000
00000000000000000000000000000000
00000000000000000000000000000000
c0a81f540a000001005001bb06000000
00000000000000000000000000000000
00000000000000000000000000000000
00000000000000000000000000000000
00000000000000000000000000000000
00000000000000000000000000000000
c0a816d10a000001005001bb06000000
00000000000000000000000000000000
c0a826c90a000001005001bb06000000
c0a81ecd0a000001005001bb06000000
00000000000000000000000000000000
00000000000000000000000000000000
c0a81bb70a000001005001bb06000000
c0a823b30a000001005001bb06000000
00000000000000000000000000000000
00000000000000000000000000000000
00000000000000000000000000000000
00000000000000000000000000000000
00000000000000000000000000000000
00000000000000000000000000000000
c0a81aea0a000001005001bb06000000
c0a812ee0a000001005001bb06000000
00000000000000000000000000000000
00000000000000000000000000000000
c0a81f960a000001005001bb06000000
c0a80e490a000001005001bb06000000
00000000000000000000000000000000
00000000000000000000000000000000
c0a81c330a000001005001bb06000000
00000000000000000000000000000000
00000000000000000000000000000000
00000000000000000000000000000000
00000000000000000000000000000000
00000000000000000000000000000000
00000000000000000000000000000000
c0a8242f0a000001005001bb06000000
c0a81a6e0a000001005001bb06000000
c0a8226a0a000001005001bb06000000
00000000000000000000000000000000
00000000000000000000000000000000
c0a820120a000001005001bb06000000
c0a818160a000001005001bb06000000
00000000000000000000000000000000
00000000000000000000000000000000
c0a822ac0a000001005001bb06000000
00000000000000000000000000000000
00000000000000000000000000000000
c0a80e930a000001005001bb06000000
c0a8168f0a000001005001bb06000000
c0a817d40a000001005001bb06000000
c0a826870a000001005001bb06000000
00000000000000000000000000000000
c0a81bf10a000001005001bb06000000
00000000000000000000000000000000
00000000000000000000000000000000
00000000000000000000000000000000
00000000000000000000000000000000
00000000000000000000000000000000
00000000000000000000000000000000
c0a823ed0a000001005001bb06000000
00000000000000000000000000000000
00000000000000000000000000000000
00000000000000000000000000000000
00000000000000000000000000000000
00000000000000000000000000000000
00000000000000000000000000000000
00000000000000000000000000000000
c0a825370a000001005001bb06000000
c0a821180a000001005001bb06000000
c0a8191c0a000001005001bb06000000
00000000000000000000000000000000
00000000000000000000000000000000
00000000000000000000000000000000
00000000000000000000000000000000
00000000000000000000000000000000
c0a8116a0a000001005001bb06000000
00000000000000000000000000000000
00000000000000000000000000000000
00000000000000000000000000000000
c0a820d60a000001005001bb06000000
00000000000000000000000000000000
00000000000000000000000000000000
c0a811ac0a000001005001bb06000000
c0a819a80a000001005001bb06000000
00000000000000000000000000000000
00000000000000000000000000000000
00000000000000000000000000000000
00000000000000000000000000000000
00000000000000000000000000000000
00000000000000000000000000000000
00000000000000000000000000000000
c0a824f50a000001005001bb06000000
00000000000000000000000000000000
00000000000000000000000000000000
00000000000000000000000000000000
00000000000000000000000000000000
00000000000000000000000000000000
00000000000000000000000000000000
c0a812280a000001005001bb06000000
00000000000000000000000000000000
00000000000000000000000000000000
00000000000000000000000000000000
00000000000000000000000000000000
00000000000000000000000000000000
00000000000000000000000000000000
00000000000000000000000000000000
00000000000000000000000000000000
00000000000000000000000000000000
00000000000000000000000000000000
00000000000000000000000000000000
00000000000000000000000000000000
00000000000000000000000000000000
00000000000000000000000000000000
00000000000000000000000000000000
00000000000000000000000000000000
00000000000000000000000000000000
00000000000000000000000000000000
00000000000000000000000000000000
c0a8174e0a000001005001bb06000000
c0a81f4a0a000001005001bb06000000
00000000000000000000000000000000
00000000000000000000000000000000
00000000000000000000000000000000
00000000000000000000000000000000
c0a817570a000001005001bb06000000
c0a81f530a000001005001bb06000000
00000000000000000000000000000000
00000000000000000000000000000000
00000000000000000000000000000000
00000000000000000000000000000000
00000000000000000000000000000000
c0a823270a000001005001bb06000000
c0a826ca0a000001005001bb06000000
c0a81ece0a000001005001bb06000000
00000000000000000000000000000000
00000000000000000000000000000000
00000000000000000000000000000000
00000000000000000000000000000000
c0a816d20a000001005001bb06000000
00000000000000000000000000000000
00000000000000000000000000000000
00000000000000000000000000000000
00000000000000000000000000000000
00000000000000000000000000000000
c0a823b40a000001005001bb06000000
00000000000000000000000000000000
00000000000000000000000000000000
00000000000000000000000000000000
c0a81f950a000001005001bb06000000
c0a80e4a0a000001005001bb06000000
00000000000000000000000000000000
00000000000000000000000000000000
c0a81ae90a000001005001bb06000000
c0a812ed0a000001005001bb06000000
00000000000000000000000000000000
00000000000000000000000000000000
00000000000000000000000000000000
00000000000000000000000000000000
00000000000000000000000000000000
00000000000000000000000000000000
c0a824300a000001005001bb06000000
00000000000000000000000000000000
00000000000000000000000000000000
00000000000000000000000000000000
c0a820110a000001005001bb06000000
c0a803c40a000001005001bb06000000
00000000000000000000000000000000
00000000000000000000000000000000
c0a81a6d0a000001005001bb06000000
c0a822690a000001005001bb06000000
00000000000000000000000000000000
00000000000000000000000000000000
c0a817d30a000001005001bb06000000
c0a826880a000001005001bb06000000
00000000000000000000000000000000
00000000000000000000000000000000
00000000000000000000000000000000
c0a806980a000001005001bb06000000
00000000000000000000000000000000
c0a816900a000001005001bb06000000
00000000000000000000000000000000
00000000000000000000000000000000
00000000000000000000000000000000
c0a823ee0a000001005001bb06000000
c0a81bf20a000001005001bb06000000
00000000000000000000000000000000
00000000000000000000000000000000
00000000000000000000000000000000
