c0a800080a000001005001bb06000000
c0a80ee00a000001005001bb06000000
c0a816dc0a000001005001bb06000000
c0a81ed80a000001005001bb06000000
c0a81ff80a000001005001bb06000000
c0a817fc0a000001005001bb06000000
c0a810000a000001005001bb06000000
c0a808040a000001005001bb06000000
c0a819700a000001005001bb06000000
c0a811740a000001005001bb06000000
c0a80c230a000001005001bb06000000
c0a804270a000001005001bb06000000
c0a802c50a000001005001bb06000000
c0a80ac10a000001005001bb06000000
c0a812bd0a000001005001bb06000000
c0a81ab90a000001005001bb06000000
c0a822b50a000001005001bb06000000
c0a81c5d0a000001005001bb06000000
c0a814610a000001005001bb06000000
c0a80c650a000001005001bb06000000
c0a804690a000001005001bb06000000
c0a802830a000001005001bb06000000
c0a80a7f0a000001005001bb06000000
c0a8127b0a000001005001bb06000000
c0a8004a0a000001005001bb06000000
c0a806a20a000001005001bb06000000
c0a80e9e0a000001005001bb06000000
c0a8169a0a000001005001bb06000000
c0a8203a0a000001005001bb06000000
c0a8183e0a000001005001bb06000000
c0a810420a000001005001bb06000000
c0a808460a000001005001bb06000000
c0a823310a000001005001bb06000000
c0a81b350a000001005001bb06000000
c0a813e50a000001005001bb06000000
c0a81be10a000001005001bb06000000
c0a803ed0a000001005001bb06000000
c0a80be90a000001005001bb06000000
c0a80afb0a000001005001bb06000000
c0a802ff0a000001005001bb06000000
00000000000000000000000000000000
c0a807ca0a000001005001bb06000000
c0a80f1a0a000001005001bb06000000
c0a8071e0a000001005001bb06000000
c0a81fbe0a000001005001bb06000000
00000000000000000000000000000000
c0a80fc60a000001005001bb06000000
c0a817c20a000001005001bb06000000
c0a807600a000001005001bb06000000
c0a807880a000001005001bb06000000
c0a817580a000001005001bb06000000
c0a80f5c0a000001005001bb06000000
c0a81f7c0a000001005001bb06000000
00000000000000000000000000000000
c0a80f840a000001005001bb06000000
c0a817800a000001005001bb06000000
c0a81b9f0a000001005001bb06000000
c0a8239b0a000001005001bb06000000
c0a80ba70a000001005001bb06000000
c0a813a30a000001005001bb06000000
c0a803410a000001005001bb06000000
c0a803ab0a000001005001bb06000000
c0a813390a000001005001bb06000000
c0a80b3d0a000001005001bb06000000
c0a822290a000001005001bb06000000
c0a81a2d0a000001005001bb06000000
c0a812310a000001005001bb06000000
c0a80a350a000001005001bb06000000
c0a804f50a000001005001bb06000000
c0a80cf10a000001005001bb06000000
c0a80e120a000001005001bb06000000
c0a806160a000001005001bb06000000
c0a800d60a000001005001bb06000000
c0a808d20a000001005001bb06000000
c0a810ce0a000001005001bb06000000
c0a818ca0a000001005001bb06000000
c0a820c60a000001005001bb06000000
00000000000000000000000000000000
00000000000000000000000000000000
00000000000000000000000000000000
c0a800940a000001005001bb06000000
c0a808900a000001005001bb06000000
c0a8108c0a000001005001bb06000000
c0a818880a000001005001bb06000000
c0a820840a000001005001bb06000000
00000000000000000000000000000000
00000000000000000000000000000000
00000000000000000000000000000000
c0a81ca70a000001005001bb06000000
c0a824a30a000001005001bb06000000
00000000000000000000000000000000
00000000000000000000000000000000
c0a802390a000001005001bb06000000
c0a804b30a000001005001bb06000000
c0a80caf0a000001005001bb06000000
c0a80e540a000001005001bb06000000
c0a801100a000001005001bb06000000
c0a80dd80a000001005001bb06000000
c0a811080a000001005001bb06000000
c0a8090c0a000001005001bb06000000
c0a821000a000001005001bb06000000
c0a819040a000001005001bb06000000
00000000000000000000000000000000
00000000000000000000000000000000
c0a81d230a000001005001bb06000000
c0a815270a000001005001bb06000000
c0a822730a000001005001bb06000000
c0a81a770a000001005001bb06000000
c0a801bd0a000001005001bb06000000
c0a809b90a000001005001bb06000000
c0a80d2b0a000001005001bb06000000
c0a8052f0a000001005001bb06000000
c0a821ad0a000001005001bb06000000
c0a81d650a000001005001bb06000000
c0a811b50a000001005001bb06000000
c0a819b10a000001005001bb06000000
c0a805710a000001005001bb06000000
c0a8017b0a000001005001bb06000000
c0a80d960a000001005001bb06000000
c0a80d6d0a000001005001bb06000000
c0a801520a000001005001bb06000000
c0a8059a0a000001005001bb06000000
c0a801f70a000001005001bb06000000
c0a8094e0a000001005001bb06000000
c0a821420a000001005001bb06000000
c0a819460a000001005001bb06000000
c0a821e70a000001005001bb06000000
00000000000000000000000000000000
c0a81ff90a000001005001bb06000000
c0a817fd0a000001005001bb06000000
c0a810010a000001005001bb06000000
c0a808050a000001005001bb06000000
c0a800090a000001005001bb06000000
c0a806e30a000001005001bb06000000
c0a80edf0a000001005001bb06000000
c0a816db0a000001005001bb06000000
c0a802c60a000001005001bb06000000
c0a80ac20a000001005001bb06000000
c0a812be0a000001005001bb06000000
c0a81aba0a000001005001bb06000000
c0a819710a000001005001bb06000000
c0a811750a000001005001bb06000000
c0a80c220a000001005001bb06000000
c0a804260a000001005001bb06000000
c0a802840a000001005001bb06000000
c0a80a800a000001005001bb06000000
c0a8127c0a000001005001bb06000000
c0a81a780a000001005001bb06000000
c0a822b60a000001005001bb06000000
c0a81c5c0a000001005001bb06000000
c0a814600a000001005001bb06000000
c0a80c640a000001005001bb06000000
c0a8203b0a000001005001bb06000000
c0a8183f0a000001005001bb06000000
c0a810430a000001005001bb06000000
c0a808470a000001005001bb06000000
c0a8004b0a000001005001bb06000000
c0a806a10a000001005001bb06000000
c0a80e9d0a000001005001bb06000000
c0a816990a000001005001bb06000000
c0a803000a000001005001bb06000000
c0a80be80a000001005001bb06000000
c0a812f80a000001005001bb06000000
c0a80afc0a000001005001bb06000000
c0a823320a000001005001bb06000000
c0a81b360a000001005001bb06000000
c0a813e40a000001005001bb06000000
c0a81be00a000001005001bb06000000
c0a81fbf0a000001005001bb06000000
00000000000000000000000000000000
c0a80fc70a000001005001bb06000000
c0a817c30a000001005001bb06000000
00000000000000000000000000000000
c0a807cb0a000001005001bb06000000
c0a80f190a000001005001bb06000000
c0a8071d0a000001005001bb06000000
c0a81f7d0a000001005001bb06000000
00000000000000000000000000000000
c0a80f850a000001005001bb06000000
c0a817810a000001005001bb06000000
00000000000000000000000000000000
c0a807890a000001005001bb06000000
c0a80f5b0a000001005001bb06000000
c0a8075f0a000001005001bb06000000
c0a803420a000001005001bb06000000
c0a803aa0a000001005001bb06000000
c0a8133a0a000001005001bb06000000
c0a80b3e0a000001005001bb06000000
c0a81b9e0a000001005001bb06000000
c0a8239a0a000001005001bb06000000
c0a80ba60a000001005001bb06000000
c0a813a20a000001005001bb06000000
c0a801f80a000001005001bb06000000
c0a80cf00a000001005001bb06000000
c0a80e110a000001005001bb06000000
c0a806150a000001005001bb06000000
c0a8222a0a000001005001bb06000000
c0a81a2e0a000001005001bb06000000
c0a812320a000001005001bb06000000
c0a80a360a000001005001bb06000000
c0a820c70a000001005001bb06000000
00000000000000000000000000000000
00000000000000000000000000000000
00000000000000000000000000000000
c0a800d70a000001005001bb06000000
c0a808d30a000001005001bb06000000
c0a810cf0a000001005001bb06000000
c0a818cb0a000001005001bb06000000
c0a820850a000001005001bb06000000
00000000000000000000000000000000
00000000000000000000000000000000
00000000000000000000000000000000
c0a800950a000001005001bb06000000
c0a808910a000001005001bb06000000
c0a8108d0a000001005001bb06000000
c0a818890a000001005001bb06000000
c0a8023a0a000001005001bb06000000
c0a804b20a000001005001bb06000000
c0a80cae0a000001005001bb06000000
c0a806570a000001005001bb06000000
c0a81ca60a000001005001bb06000000
c0a824a20a000001005001bb06000000
00000000000000000000000000000000
c0a826470a000001005001bb06000000
c0a821010a000001005001bb06000000
c0a819050a000001005001bb06000000
00000000000000000000000000000000
00000000000000000000000000000000
c0a801110a000001005001bb06000000
c0a805db0a000001005001bb06000000
c0a811090a000001005001bb06000000
c0a8090d0a000001005001bb06000000
c0a801be0a000001005001bb06000000
c0a809ba0a000001005001bb06000000
c0a80d2a0a000001005001bb06000000
c0a8052e0a000001005001bb06000000
c0a81d220a000001005001bb06000000
c0a815260a000001005001bb06000000
00000000000000000000000000000000
c0a822740a000001005001bb06000000
c0a8017c0a000001005001bb06000000
c0a809780a000001005001bb06000000
c0a80d950a000001005001bb06000000
c0a80d6c0a000001005001bb06000000
c0a821ae0a000001005001bb06000000
c0a81d640a000001005001bb06000000
c0a811b60a000001005001bb06000000
c0a819b20a000001005001bb06000000
c0a821430a000001005001bb06000000
c0a819470a000001005001bb06000000
00000000000000000000000000000000
00000000000000000000000000000000
c0a801530a000001005001bb06000000
c0a805990a000001005001bb06000000
c0a809f40a000001005001bb06000000
c0a8094f0a000001005001bb06000000
c0a819720a000001005001bb06000000
c0a811760a000001005001bb06000000
c0a814210a000001005001bb06000000
c0a80c250a000001005001bb06000000
c0a804290a000001005001bb06000000
c0a802c30a000001005001bb06000000
c0a80abf0a000001005001bb06000000
c0a812bb0a000001005001bb06000000
c0a8000a0a000001005001bb06000000
c0a806e20a000001005001bb06000000
c0a80ede0a000001005001bb06000000
c0a816da0a000001005001bb06000000
c0a81ffa0a000001005001bb06000000
c0a817fe0a000001005001bb06000000
c0a810020a000001005001bb06000000
c0a808060a000001005001bb06000000
c0a800480a000001005001bb06000000
c0a80ea00a000001005001bb06000000
c0a8169c0a000001005001bb06000000
c0a81e980a000001005001bb06000000
c0a820380a000001005001bb06000000
c0a8183c0a000001005001bb06000000
c0a810400a000001005001bb06000000
c0a808440a000001005001bb06000000
c0a81ab70a000001005001bb06000000
c0a8145f0a000001005001bb06000000
c0a80c630a000001005001bb06000000
c0a804670a000001005001bb06000000
c0a802850a000001005001bb06000000
c0a80a810a000001005001bb06000000
c0a8127d0a000001005001bb06000000
c0a81a790a000001005001bb06000000
c0a807200a000001005001bb06000000
c0a807c80a000001005001bb06000000
c0a817180a000001005001bb06000000
c0a80f1c0a000001005001bb06000000
c0a81fbc0a000001005001bb06000000
00000000000000000000000000000000
c0a80fc40a000001005001bb06000000
c0a817c00a000001005001bb06000000
c0a81b330a000001005001bb06000000
c0a813370a000001005001bb06000000
c0a80be70a000001005001bb06000000
c0a813e30a000001005001bb06000000
c0a803010a000001005001bb06000000
c0a803eb0a000001005001bb06000000
c0a812f90a000001005001bb06000000
c0a80afd0a000001005001bb06000000
c0a8239d0a000001005001bb06000000
00000000000000000000000000000000
c0a813a50a000001005001bb06000000
c0a81ba10a000001005001bb06000000
c0a803ad0a000001005001bb06000000
c0a80ba90a000001005001bb06000000
c0a80b3b0a000001005001bb06000000
c0a8033f0a000001005001bb06000000
00000000000000000000000000000000
c0a8078a0a000001005001bb06000000
c0a80f5a0a000001005001bb06000000
c0a8075e0a000001005001bb06000000
c0a81f7e0a000001005001bb06000000
00000000000000000000000000000000
c0a80f860a000001005001bb06000000
c0a817820a000001005001bb06000000
c0a800d40a000001005001bb06000000
c0a808d00a000001005001bb06000000
c0a810cc0a000001005001bb06000000
c0a818c80a000001005001bb06000000
c0a820c40a000001005001bb06000000
00000000000000000000000000000000
00000000000000000000000000000000
00000000000000000000000000000000
c0a81a2b0a000001005001bb06000000
c0a8122f0a000001005001bb06000000
c0a80a330a000001005001bb06000000
c0a802370a000001005001bb06000000
c0a801f90a000001005001bb06000000
c0a804f30a000001005001bb06000000
c0a80cef0a000001005001bb06000000
c0a80e140a000001005001bb06000000
c0a824a50a000001005001bb06000000
00000000000000000000000000000000
00000000000000000000000000000000
c0a826460a000001005001bb06000000
c0a804b50a000001005001bb06000000
c0a80cb10a000001005001bb06000000
c0a80e520a000001005001bb06000000
c0a806560a000001005001bb06000000
c0a800960a000001005001bb06000000
c0a808920a000001005001bb06000000
c0a8108e0a000001005001bb06000000
c0a8188a0a000001005001bb06000000
c0a820860a000001005001bb06000000
00000000000000000000000000000000
00000000000000000000000000000000
00000000000000000000000000000000
c0a825210a000001005001bb06000000
c0a81d250a000001005001bb06000000
00000000000000000000000000000000
c0a822750a000001005001bb06000000
c0a805310a000001005001bb06000000
c0a801bb0a000001005001bb06000000
c0a80dd60a000001005001bb06000000
c0a80d2d0a000001005001bb06000000
c0a801120a000001005001bb06000000
c0a805da0a000001005001bb06000000
c0a8110a0a000001005001bb06000000
c0a8090e0a000001005001bb06000000
c0a821020a000001005001bb06000000
c0a819060a000001005001bb06000000
00000000000000000000000000000000
00000000000000000000000000000000
c0a801500a000001005001bb06000000
c0a80d980a000001005001bb06000000
c0a809f50a000001005001bb06000000
c0a8094c0a000001005001bb06000000
c0a821400a000001005001bb06000000
c0a819440a000001005001bb06000000
00000000000000000000000000000000
00000000000000000000000000000000
c0a819af0a000001005001bb06000000
c0a815670a000001005001bb06000000
c0a809b70a000001005001bb06000000
c0a811b30a000001005001bb06000000
c0a8017d0a000001005001bb06000000
c0a809790a000001005001bb06000000
c0a80d6b0a000001005001bb06000000
c0a8056f0a000001005001bb06000000
c0a802c40a000001005001bb06000000
c0a80ac00a000001005001bb06000000
c0a812bc0a000001005001bb06000000
c0a81ab80a000001005001bb06000000
c0a819730a000001005001bb06000000
c0a811770a000001005001bb06000000
c0a814200a000001005001bb06000000
c0a80c240a000001005001bb06000000
c0a81ffb0a000001005001bb06000000
c0a817ff0a000001005001bb06000000
c0a810030a000001005001bb06000000
c0a808070a000001005001bb06000000
c0a8000b0a000001005001bb06000000
c0a806e10a000001005001bb06000000
c0a80edd0a000001005001bb06000000
c0a816d90a000001005001bb06000000
c0a820390a000001005001bb06000000
c0a8183d0a000001005001bb06000000
c0a810410a000001005001bb06000000
c0a808450a000001005001bb06000000
c0a800490a000001005001bb06000000
c0a806a30a000001005001bb06000000
c0a80e9f0a000001005001bb06000000
c0a8169b0a000001005001bb06000000
c0a802860a000001005001bb06000000
c0a80a820a000001005001bb06000000
c0a8127e0a000001005001bb06000000
c0a81a7a0a000001005001bb06000000
c0a81c5a0a000001005001bb06000000
c0a8145e0a000001005001bb06000000
c0a80c620a000001005001bb06000000
c0a804660a000001005001bb06000000
c0a81fbd0a000001005001bb06000000
00000000000000000000000000000000
c0a80fc50a000001005001bb06000000
c0a817c10a000001005001bb06000000
00000000000000000000000000000000
c0a807c90a000001005001bb06000000
c0a80f1b0a000001005001bb06000000
c0a8071f0a000001005001bb06000000
c0a803020a000001005001bb06000000
c0a803ea0a000001005001bb06000000
c0a812fa0a000001005001bb06000000
c0a80afe0a000001005001bb06000000
c0a81bde0a000001005001bb06000000
c0a81b340a000001005001bb06000000
c0a80be60a000001005001bb06000000
c0a813e20a000001005001bb06000000
c0a803400a000001005001bb06000000
c0a80ba80a000001005001bb06000000
c0a813380a000001005001bb06000000
c0a80b3c0a000001005001bb06000000
c0a8239c0a000001005001bb06000000
00000000000000000000000000000000
c0a813a40a000001005001bb06000000
c0a81ba00a000001005001bb06000000
c0a81f7f0a000001005001bb06000000
00000000000000000000000000000000
c0a80f870a000001005001bb06000000
c0a817830a000001005001bb06000000
00000000000000000000000000000000
c0a8078b0a000001005001bb06000000
c0a80f590a000001005001bb06000000
c0a8075d0a000001005001bb06000000
c0a820c50a000001005001bb06000000
00000000000000000000000000000000
00000000000000000000000000000000
00000000000000000000000000000000
c0a800d50a000001005001bb06000000
c0a808d10a000001005001bb06000000
c0a810cd0a000001005001bb06000000
c0a818c90a000001005001bb06000000
c0a801fa0a000001005001bb06000000
c0a804f20a000001005001bb06000000
c0a80cee0a000001005001bb06000000
c0a806170a000001005001bb06000000
c0a81ce60a000001005001bb06000000
c0a81a2c0a000001005001bb06000000
c0a812300a000001005001bb06000000
c0a80a340a000001005001bb06000000
c0a802380a000001005001bb06000000
c0a80cb00a000001005001bb06000000
c0a80e510a000001005001bb06000000
c0a806550a000001005001bb06000000
c0a824a40a000001005001bb06000000
00000000000000000000000000000000
00000000000000000000000000000000
c0a826450a000001005001bb06000000
c0a820870a000001005001bb06000000
00000000000000000000000000000000
00000000000000000000000000000000
00000000000000000000000000000000
c0a800970a000001005001bb06000000
c0a808930a000001005001bb06000000
c0a8108f0a000001005001bb06000000
c0a8188b0a000001005001bb06000000
c0a801bc0a000001005001bb06000000
c0a809b80a000001005001bb06000000
c0a80dd50a000001005001bb06000000
c0a80d2c0a000001005001bb06000000
c0a825200a000001005001bb06000000
c0a81d240a000001005001bb06000000
00000000000000000000000000000000
c0a822760a000001005001bb06000000
c0a821030a000001005001bb06000000
c0a819070a000001005001bb06000000
00000000000000000000000000000000
00000000000000000000000000000000
c0a801130a000001005001bb06000000
c0a805d90a000001005001bb06000000
c0a8110b0a000001005001bb06000000
c0a8090f0a000001005001bb06000000
c0a821410a000001005001bb06000000
c0a819450a000001005001bb06000000
00000000000000000000000000000000
00000000000000000000000000000000
c0a801510a000001005001bb06000000
c0a8059b0a000001005001bb06000000
c0a809f60a000001005001bb06000000
c0a8094d0a000001005001bb06000000
c0a8017e0a000001005001bb06000000
c0a8097a0a000001005001bb06000000
c0a80d6a0a000001005001bb06000000
c0a8056e0a000001005001bb06000000
c0a81d620a000001005001bb06000000
c0a815660a000001005001bb06000000
c0a811b40a000001005001bb06000000
c0a819b00a000001005001bb06000000
c0a81ab50a000001005001bb06000000
c0a822b10a000001005001bb06000000
c0a81c610a000001005001bb06000000
c0a814650a000001005001bb06000000
c0a80c690a000001005001bb06000000
c0a8046d0a000001005001bb06000000
c0a8027f0a000001005001bb06000000
c0a80a7b0a000001005001bb06000000
c0a8084a0a000001005001bb06000000
c0a8004e0a000001005001bb06000000
c0a8069e0a000001005001bb06000000
c0a80e9a0a000001005001bb06000000
00000000000000000000000000000000
c0a8203e0a000001005001bb06000000
c0a818420a000001005001bb06000000
c0a810460a000001005001bb06000000
c0a808080a000001005001bb06000000
c0a8000c0a000001005001bb06000000
c0a80edc0a000001005001bb06000000
c0a816d80a000001005001bb06000000
00000000000000000000000000000000
c0a81ffc0a000001005001bb06000000
c0a818000a000001005001bb06000000
c0a810040a000001005001bb06000000
c0a811700a000001005001bb06000000
c0a809740a000001005001bb06000000
c0a814230a000001005001bb06000000
c0a80c270a000001005001bb06000000
c0a8042b0a000001005001bb06000000
c0a802c10a000001005001bb06000000
c0a80abd0a000001005001bb06000000
c0a812b90a000001005001bb06000000
c0a80f600a000001005001bb06000000
c0a807640a000001005001bb06000000
c0a81f580a000001005001bb06000000
c0a8175c0a000001005001bb06000000
c0a8177c0a000001005001bb06000000
c0a81f780a000001005001bb06000000
c0a807840a000001005001bb06000000
c0a80f800a000001005001bb06000000
c0a8139f0a000001005001bb06000000
c0a81b9b0a000001005001bb06000000
c0a803a70a000001005001bb06000000
c0a80ba30a000001005001bb06000000
c0a80b410a000001005001bb06000000
c0a803450a000001005001bb06000000
c0a81b390a000001005001bb06000000
c0a8133d0a000001005001bb06000000
c0a81bdd0a000001005001bb06000000
c0a823350a000001005001bb06000000
c0a80be50a000001005001bb06000000
c0a813e10a000001005001bb06000000
c0a803030a000001005001bb06000000
c0a803e90a000001005001bb06000000
c0a812fb0a000001005001bb06000000
c0a80aff0a000001005001bb06000000
c0a807220a000001005001bb06000000
00000000000000000000000000000000
c0a8171a0a000001005001bb06000000
c0a80f1e0a000001005001bb06000000
c0a817be0a000001005001bb06000000
c0a81fba0a000001005001bb06000000
c0a807c60a000001005001bb06000000
c0a80fc20a000001005001bb06000000
c0a80e580a000001005001bb06000000
c0a800900a000001005001bb06000000
c0a8088c0a000001005001bb06000000
c0a810880a000001005001bb06000000
c0a818840a000001005001bb06000000
c0a820800a000001005001bb06000000
00000000000000000000000000000000
00000000000000000000000000000000
c0a814a70a000001005001bb06000000
c0a81ca30a000001005001bb06000000
c0a8249f0a000001005001bb06000000
00000000000000000000000000000000
c0a80a390a000001005001bb06000000
c0a8023d0a000001005001bb06000000
c0a804af0a000001005001bb06000000
c0a80cab0a000001005001bb06000000
c0a81ce50a000001005001bb06000000
c0a8222d0a000001005001bb06000000
c0a81a310a000001005001bb06000000
c0a812350a000001005001bb06000000
c0a801fb0a000001005001bb06000000
c0a804f10a000001005001bb06000000
c0a80ced0a000001005001bb06000000
c0a80e160a000001005001bb06000000
c0a8061a0a000001005001bb06000000
c0a800d20a000001005001bb06000000
c0a808ce0a000001005001bb06000000
c0a810ca0a000001005001bb06000000
c0a818c60a000001005001bb06000000
c0a820c20a000001005001bb06000000
00000000000000000000000000000000
00000000000000000000000000000000
c0a819ad0a000001005001bb06000000
c0a821a90a000001005001bb06000000
c0a809b50a000001005001bb06000000
c0a811b10a000001005001bb06000000
c0a80d710a000001005001bb06000000
c0a805750a000001005001bb06000000
c0a805960a000001005001bb06000000
c0a80d920a000001005001bb06000000
c0a809520a000001005001bb06000000
c0a801560a000001005001bb06000000
c0a809f70a000001005001bb06000000
c0a8114e0a000001005001bb06000000
00000000000000000000000000000000
c0a821460a000001005001bb06000000
00000000000000000000000000000000
00000000000000000000000000000000
c0a809100a000001005001bb06000000
c0a801140a000001005001bb06000000
c0a819080a000001005001bb06000000
c0a8110c0a000001005001bb06000000
00000000000000000000000000000000
c0a821040a000001005001bb06000000
00000000000000000000000000000000
00000000000000000000000000000000
c0a825230a000001005001bb06000000
c0a81d270a000001005001bb06000000
c0a81a730a000001005001bb06000000
c0a812770a000001005001bb06000000
c0a805330a000001005001bb06000000
c0a801b90a000001005001bb06000000
c0a80dd40a000001005001bb06000000
c0a80d2f0a000001005001bb06000000
c0a80c680a000001005001bb06000000
c0a802800a000001005001bb06000000
c0a80a7c0a000001005001bb06000000
c0a812780a000001005001bb06000000
c0a81ab60a000001005001bb06000000
c0a822b20a000001005001bb06000000
c0a81c600a000001005001bb06000000
c0a814640a000001005001bb06000000
00000000000000000000000000000000
c0a8203f0a000001005001bb06000000
c0a818430a000001005001bb06000000
c0a810470a000001005001bb06000000
c0a8084b0a000001005001bb06000000
c0a8004f0a000001005001bb06000000
c0a8069d0a000001005001bb06000000
c0a80e990a000001005001bb06000000
00000000000000000000000000000000
c0a81ffd0a000001005001bb06000000
c0a818010a000001005001bb06000000
c0a810050a000001005001bb06000000
c0a808090a000001005001bb06000000
c0a8000d0a000001005001bb06000000
c0a806df0a000001005001bb06000000
c0a80edb0a000001005001bb06000000
c0a8042a0a000001005001bb06000000
c0a802c20a000001005001bb06000000
c0a80abe0a000001005001bb06000000
c0a812ba0a000001005001bb06000000
c0a811710a000001005001bb06000000
c0a809750a000001005001bb06000000
c0a814220a000001005001bb06000000
c0a80c260a000001005001bb06000000
c0a8177d0a000001005001bb06000000
c0a81f790a000001005001bb06000000
c0a807850a000001005001bb06000000
c0a80f810a000001005001bb06000000
c0a807630a000001005001bb06000000
00000000000000000000000000000000
c0a8175b0a000001005001bb06000000
c0a80f5f0a000001005001bb06000000
c0a80b420a000001005001bb06000000
c0a803460a000001005001bb06000000
c0a81b3a0a000001005001bb06000000
c0a8133e0a000001005001bb06000000
c0a8139e0a000001005001bb06000000
c0a81b9a0a000001005001bb06000000
c0a803a60a000001005001bb06000000
c0a80ba20a000001005001bb06000000
c0a80b000a000001005001bb06000000
c0a803040a000001005001bb06000000
c0a81af80a000001005001bb06000000
c0a812fc0a000001005001bb06000000
c0a81bdc0a000001005001bb06000000
c0a823360a000001005001bb06000000
c0a80be40a000001005001bb06000000
c0a813e00a000001005001bb06000000
c0a817bf0a000001005001bb06000000
c0a81fbb0a000001005001bb06000000
c0a807c70a000001005001bb06000000
c0a80fc30a000001005001bb06000000
c0a807210a000001005001bb06000000
00000000000000000000000000000000
c0a817190a000001005001bb06000000
c0a80f1d0a000001005001bb06000000
c0a818850a000001005001bb06000000
c0a820810a000001005001bb06000000
00000000000000000000000000000000
00000000000000000000000000000000
c0a8065b0a000001005001bb06000000
c0a800910a000001005001bb06000000
c0a8088d0a000001005001bb06000000
c0a810890a000001005001bb06000000
c0a80a3a0a000001005001bb06000000
c0a8023e0a000001005001bb06000000
c0a804ae0a000001005001bb06000000
c0a80caa0a000001005001bb06000000
c0a814a60a000001005001bb06000000
c0a81ca20a000001005001bb06000000
c0a8249e0a000001005001bb06000000
00000000000000000000000000000000
c0a809f80a000001005001bb06000000
c0a801fc0a000001005001bb06000000
c0a80cec0a000001005001bb06000000
c0a80e150a000001005001bb06000000
c0a81ce40a000001005001bb06000000
c0a8222e0a000001005001bb06000000
c0a81a320a000001005001bb06000000
c0a812360a000001005001bb06000000
c0a818c70a000001005001bb06000000
c0a820c30a000001005001bb06000000
00000000000000000000000000000000
00000000000000000000000000000000
c0a806190a000001005001bb06000000
c0a800d30a000001005001bb06000000
c0a808cf0a000001005001bb06000000
c0a810cb0a000001005001bb06000000
c0a80d700a000001005001bb06000000
c0a801780a000001005001bb06000000
c0a805950a000001005001bb06000000
c0a80d910a000001005001bb06000000
c0a819ae0a000001005001bb06000000
c0a821aa0a000001005001bb06000000
c0a809b60a000001005001bb06000000
c0a811b20a000001005001bb06000000
00000000000000000000000000000000
c0a821470a000001005001bb06000000
00000000000000000000000000000000
00000000000000000000000000000000
c0a809530a000001005001bb06000000
c0a801570a000001005001bb06000000
c0a811f40a000001005001bb06000000
c0a8114f0a000001005001bb06000000
00000000000000000000000000000000
c0a821050a000001005001bb06000000
00000000000000000000000000000000
00000000000000000000000000000000
c0a809110a000001005001bb06000000
c0a801150a000001005001bb06000000
c0a819090a000001005001bb06000000
c0a8110d0a000001005001bb06000000
c0a805320a000001005001bb06000000
c0a801ba0a000001005001bb06000000
c0a805d70a000001005001bb06000000
c0a80d2e0a000001005001bb06000000
c0a825220a000001005001bb06000000
c0a81d260a000001005001bb06000000
c0a822700a000001005001bb06000000
c0a81a740a000001005001bb06000000
c0a808480a000001005001bb06000000
c0a8004c0a000001005001bb06000000
c0a80e9c0a000001005001bb06000000
c0a816980a000001005001bb06000000
00000000000000000000000000000000
c0a8203c0a000001005001bb06000000
c0a818400a000001005001bb06000000
c0a810440a000001005001bb06000000
c0a812b70a000001005001bb06000000
c0a81ab30a000001005001bb06000000
c0a814630a000001005001bb06000000
c0a80c670a000001005001bb06000000
c0a8046b0a000001005001bb06000000
c0a802810a000001005001bb06000000
c0a80a7d0a000001005001bb06000000
c0a812790a000001005001bb06000000
c0a811720a000001005001bb06000000
c0a809760a000001005001bb06000000
c0a81c210a000001005001bb06000000
c0a814250a000001005001bb06000000
c0a80c290a000001005001bb06000000
c0a8042d0a000001005001bb06000000
c0a802bf0a000001005001bb06000000
c0a80abb0a000001005001bb06000000
c0a8080a0a000001005001bb06000000
c0a8000e0a000001005001bb06000000
c0a806de0a000001005001bb06000000
c0a80eda0a000001005001bb06000000
00000000000000000000000000000000
c0a81ffe0a000001005001bb06000000
c0a818020a000001005001bb06000000
c0a810060a000001005001bb06000000
c0a81b9d0a000001005001bb06000000
c0a823990a000001005001bb06000000
c0a80ba50a000001005001bb06000000
c0a813a10a000001005001bb06000000
c0a803430a000001005001bb06000000
c0a803a90a000001005001bb06000000
c0a8133b0a000001005001bb06000000
c0a80b3f0a000001005001bb06000000
c0a807620a000001005001bb06000000
00000000000000000000000000000000
c0a8175a0a000001005001bb06000000
c0a80f5e0a000001005001bb06000000
c0a8177e0a000001005001bb06000000
c0a81f7a0a000001005001bb06000000
c0a807860a000001005001bb06000000
c0a80f820a000001005001bb06000000
c0a80f200a000001005001bb06000000
c0a807240a000001005001bb06000000
c0a81f180a000001005001bb06000000
c0a8171c0a000001005001bb06000000
c0a817bc0a000001005001bb06000000
c0a81fb80a000001005001bb06000000
c0a807c40a000001005001bb06000000
c0a80fc00a000001005001bb06000000
c0a813df0a000001005001bb06000000
c0a81b370a000001005001bb06000000
c0a803e70a000001005001bb06000000
c0a80be30a000001005001bb06000000
c0a80b010a000001005001bb06000000
c0a803050a000001005001bb06000000
c0a81af90a000001005001bb06000000
c0a812fd0a000001005001bb06000000
c0a81ca50a000001005001bb06000000
c0a824a10a000001005001bb06000000
00000000000000000000000000000000
00000000000000000000000000000000
c0a8023b0a000001005001bb06000000
c0a804b10a000001005001bb06000000
c0a80cad0a000001005001bb06000000
c0a80e560a000001005001bb06000000
c0a8065a0a000001005001bb06000000
c0a800920a000001005001bb06000000
c0a8088e0a000001005001bb06000000
c0a8108a0a000001005001bb06000000
c0a818860a000001005001bb06000000
c0a820820a000001005001bb06000000
00000000000000000000000000000000
00000000000000000000000000000000
c0a80e180a000001005001bb06000000
c0a800d00a000001005001bb06000000
c0a808cc0a000001005001bb06000000
c0a810c80a000001005001bb06000000
c0a818c40a000001005001bb06000000
c0a820c00a000001005001bb06000000
00000000000000000000000000000000
00000000000000000000000000000000
c0a814e70a000001005001bb06000000
c0a81a2f0a000001005001bb06000000
c0a812330a000001005001bb06000000
c0a80a370a000001005001bb06000000
c0a809f90a000001005001bb06000000
c0a801fd0a000001005001bb06000000
c0a804ef0a000001005001bb06000000
c0a80ceb0a000001005001bb06000000
c0a809500a000001005001bb06000000
c0a801540a000001005001bb06000000
c0a811f50a000001005001bb06000000
c0a8114c0a000001005001bb06000000
00000000000000000000000000000000
c0a821440a000001005001bb06000000
00000000000000000000000000000000
00000000000000000000000000000000
c0a811af0a000001005001bb06000000
c0a819ab0a000001005001bb06000000
c0a801b70a000001005001bb06000000
c0a809b30a000001005001bb06000000
c0a805730a000001005001bb06000000
c0a801790a000001005001bb06000000
c0a80d940a000001005001bb06000000
c0a80d6f0a000001005001bb06000000
00000000000000000000000000000000
c0a825250a000001005001bb06000000
c0a822710a000001005001bb06000000
c0a81a750a000001005001bb06000000
c0a80d310a000001005001bb06000000
c0a805350a000001005001bb06000000
c0a805d60a000001005001bb06000000
c0a80dd20a000001005001bb06000000
c0a809120a000001005001bb06000000
c0a801160a000001005001bb06000000
c0a8190a0a000001005001bb06000000
c0a8110e0a000001005001bb06000000
00000000000000000000000000000000
c0a821060a000001005001bb06000000
00000000000000000000000000000000
00000000000000000000000000000000
00000000000000000000000000000000
c0a8203d0a000001005001bb06000000
c0a818410a000001005001bb06000000
c0a810450a000001005001bb06000000
c0a808490a000001005001bb06000000
c0a8004d0a000001005001bb06000000
c0a8069f0a000001005001bb06000000
c0a80e9b0a000001005001bb06000000
c0a8046a0a000001005001bb06000000
c0a802820a000001005001bb06000000
c0a80a7e0a000001005001bb06000000
c0a8127a0a000001005001bb06000000
c0a81ab40a000001005001bb06000000
c0a81c5e0a000001005001bb06000000
c0a814620a000001005001bb06000000
c0a80c660a000001005001bb06000000
c0a80c280a000001005001bb06000000
c0a802c00a000001005001bb06000000
c0a80abc0a000001005001bb06000000
c0a812b80a000001005001bb06000000
c0a811730a000001005001bb06000000
c0a809770a000001005001bb06000000
c0a81c200a000001005001bb06000000
c0a814240a000001005001bb06000000
00000000000000000000000000000000
c0a81fff0a000001005001bb06000000
c0a818030a000001005001bb06000000
c0a810070a000001005001bb06000000
c0a8080b0a000001005001bb06000000
c0a8000f0a000001005001bb06000000
c0a806dd0a000001005001bb06000000
c0a80ed90a000001005001bb06000000
c0a80b400a000001005001bb06000000
c0a803440a000001005001bb06000000
c0a81b380a000001005001bb06000000
c0a8133c0a000001005001bb06000000
c0a81b9c0a000001005001bb06000000
c0a823980a000001005001bb06000000
c0a80ba40a000001005001bb06000000
c0a813a00a000001005001bb06000000
c0a8177f0a000001005001bb06000000
c0a81f7b0a000001005001bb06000000
c0a807870a000001005001bb06000000
c0a80f830a000001005001bb06000000
c0a807610a000001005001bb06000000
00000000000000000000000000000000
c0a817590a000001005001bb06000000
c0a80f5d0a000001005001bb06000000
c0a817bd0a000001005001bb06000000
c0a81fb90a000001005001bb06000000
c0a807c50a000001005001bb06000000
c0a80fc10a000001005001bb06000000
c0a807230a000001005001bb06000000
00000000000000000000000000000000
c0a8171b0a000001005001bb06000000
c0a80f1f0a000001005001bb06000000
c0a80b020a000001005001bb06000000
c0a803060a000001005001bb06000000
c0a81afa0a000001005001bb06000000
c0a812fe0a000001005001bb06000000
c0a813de0a000001005001bb06000000
c0a81bda0a000001005001bb06000000
c0a803e60a000001005001bb06000000
c0a80be20a000001005001bb06000000
c0a80a380a000001005001bb06000000
c0a8023c0a000001005001bb06000000
c0a80cac0a000001005001bb06000000
c0a80e550a000001005001bb06000000
c0a81ca40a000001005001bb06000000
c0a824a00a000001005001bb06000000
00000000000000000000000000000000
00000000000000000000000000000000
c0a818870a000001005001bb06000000
c0a820830a000001005001bb06000000
00000000000000000000000000000000
00000000000000000000000000000000
c0a806590a000001005001bb06000000
c0a800930a000001005001bb06000000
c0a8088f0a000001005001bb06000000
c0a8108b0a000001005001bb06000000
c0a818c50a000001005001bb06000000
c0a820c10a000001005001bb06000000
00000000000000000000000000000000
00000000000000000000000000000000
c0a8061b0a000001005001bb06000000
c0a800d10a000001005001bb06000000
c0a808cd0a000001005001bb06000000
c0a810c90a000001005001bb06000000
c0a809fa0a000001005001bb06000000
c0a801fe0a000001005001bb06000000
c0a804ee0a000001005001bb06000000
c0a80cea0a000001005001bb06000000
c0a814e60a000001005001bb06000000
c0a81ce20a000001005001bb06000000
c0a81a300a000001005001bb06000000
c0a812340a000001005001bb06000000
00000000000000000000000000000000
c0a821450a000001005001bb06000000
00000000000000000000000000000000
00000000000000000000000000000000
c0a809510a000001005001bb06000000
c0a801550a000001005001bb06000000
c0a811f60a000001005001bb06000000
c0a8114d0a000001005001bb06000000
c0a805720a000001005001bb06000000
c0a8017a0a000001005001bb06000000
c0a805970a000001005001bb06000000
c0a80d6e0a000001005001bb06000000
c0a819ac0a000001005001bb06000000
c0a81d660a000001005001bb06000000
c0a809b40a000001005001bb06000000
c0a811b00a000001005001bb06000000
c0a80d300a000001005001bb06000000
c0a801b80a000001005001bb06000000
c0a805d50a000001005001bb06000000
c0a80dd10a000001005001bb06000000
00000000000000000000000000000000
c0a825240a000001005001bb06000000
c0a822720a000001005001bb06000000
c0a81a760a000001005001bb06000000
00000000000000000000000000000000
c0a821070a000001005001bb06000000
00000000000000000000000000000000
00000000000000000000000000000000
c0a809130a000001005001bb06000000
c0a801170a000001005001bb06000000
c0a8190b0a000001005001bb06000000
c0a8110f0a000001005001bb06000000
c0a813310a000001005001bb06000000
c0a80b350a000001005001bb06000000
c0a823290a000001005001bb06000000
c0a81b2d0a000001005001bb06000000
c0a80f120a000001005001bb06000000
c0a807160a000001005001bb06000000
c0a803f50a000001005001bb06000000
c0a80bf10a000001005001bb06000000
c0a80fce0a000001005001bb06000000
c0a817ca0a000001005001bb06000000
00000000000000000000000000000000
c0a807d20a000001005001bb06000000
00000000000000000000000000000000
00000000000000000000000000000000
c0a81fc60a000001005001bb06000000
00000000000000000000000000000000
c0a80f8c0a000001005001bb06000000
c0a817880a000001005001bb06000000
c0a807580a000001005001bb06000000
c0a807900a000001005001bb06000000
00000000000000000000000000000000
00000000000000000000000000000000
c0a81f840a000001005001bb06000000
00000000000000000000000000000000
00000000000000000000000000000000
00000000000000000000000000000000
c0a81ba70a000001005001bb06000000
c0a823a30a000001005001bb06000000
c0a80baf0a000001005001bb06000000
c0a80f540a000001005001bb06000000
c0a803390a000001005001bb06000000
c0a803b30a000001005001bb06000000
c0a810080a000001005001bb06000000
c0a8080c0a000001005001bb06000000
c0a800100a000001005001bb06000000
c0a80ed80a000001005001bb06000000
00000000000000000000000000000000
00000000000000000000000000000000
c0a820000a000001005001bb06000000
c0a818040a000001005001bb06000000
00000000000000000000000000000000
c0a821740a000001005001bb06000000
c0a81c230a000001005001bb06000000
c0a814270a000001005001bb06000000
c0a80c2b0a000001005001bb06000000
c0a8042f0a000001005001bb06000000
c0a802bd0a000001005001bb06000000
c0a80ab90a000001005001bb06000000
c0a812b50a000001005001bb06000000
c0a81ab10a000001005001bb06000000
c0a822ad0a000001005001bb06000000
c0a81c650a000001005001bb06000000
c0a80e960a000001005001bb06000000
c0a80c6d0a000001005001bb06000000
c0a804710a000001005001bb06000000
c0a8027b0a000001005001bb06000000
c0a802f70a000001005001bb06000000
c0a8084e0a000001005001bb06000000
c0a800520a000001005001bb06000000
c0a8069a0a000001005001bb06000000
c0a822e70a000001005001bb06000000
00000000000000000000000000000000
c0a820420a000001005001bb06000000
c0a818460a000001005001bb06000000
c0a815dc0a000001005001bb06000000
c0a81dd80a000001005001bb06000000
c0a801080a000001005001bb06000000
c0a80de00a000001005001bb06000000
c0a811000a000001005001bb06000000
c0a809040a000001005001bb06000000
c0a820f80a000001005001bb06000000
c0a818fc0a000001005001bb06000000
c0a80d230a000001005001bb06000000
c0a805270a000001005001bb06000000
c0a812730a000001005001bb06000000
c0a80a770a000001005001bb06000000
c0a811bd0a000001005001bb06000000
c0a819b90a000001005001bb06000000
c0a801c50a000001005001bb06000000
c0a809c10a000001005001bb06000000
c0a815610a000001005001bb06000000
c0a80d650a000001005001bb06000000
c0a821b50a000001005001bb06000000
c0a81d5d0a000001005001bb06000000
c0a8097f0a000001005001bb06000000
c0a8117b0a000001005001bb06000000
c0a805690a000001005001bb06000000
c0a801830a000001005001bb06000000
c0a80d9e0a000001005001bb06000000
c0a8159a0a000001005001bb06000000
c0a8014a0a000001005001bb06000000
c0a805a20a000001005001bb06000000
c0a811420a000001005001bb06000000
c0a809460a000001005001bb06000000
c0a8213a0a000001005001bb06000000
c0a8193e0a000001005001bb06000000
c0a814e50a000001005001bb06000000
c0a81ce10a000001005001bb06000000
c0a822310a000001005001bb06000000
c0a81a350a000001005001bb06000000
c0a809fb0a000001005001bb06000000
c0a801ff0a000001005001bb06000000
c0a804ed0a000001005001bb06000000
c0a80ce90a000001005001bb06000000
c0a80e1a0a000001005001bb06000000
c0a8061e0a000001005001bb06000000
c0a800ce0a000001005001bb06000000
c0a808ca0a000001005001bb06000000
c0a810c60a000001005001bb06000000
c0a818c20a000001005001bb06000000
c0a820be0a000001005001bb06000000
00000000000000000000000000000000
c0a816580a000001005001bb06000000
c0a80e5c0a000001005001bb06000000
c0a8008c0a000001005001bb06000000
c0a808880a000001005001bb06000000
c0a810840a000001005001bb06000000
c0a818800a000001005001bb06000000
c0a8207c0a000001005001bb06000000
00000000000000000000000000000000
c0a80ca70a000001005001bb06000000
c0a814a30a000001005001bb06000000
c0a81c9f0a000001005001bb06000000
c0a8249b0a000001005001bb06000000
c0a812390a000001005001bb06000000
c0a80a3d0a000001005001bb06000000
c0a802410a000001005001bb06000000
c0a804ab0a000001005001bb06000000
c0a80f110a000001005001bb06000000
c0a807150a000001005001bb06000000
c0a802f80a000001005001bb06000000
c0a80bf00a000001005001bb06000000
c0a813320a000001005001bb06000000
c0a80b360a000001005001bb06000000
c0a8232a0a000001005001bb06000000
c0a81b2e0a000001005001bb06000000
00000000000000000000000000000000
00000000000000000000000000000000
c0a81fc70a000001005001bb06000000
00000000000000000000000000000000
c0a80fcf0a000001005001bb06000000
c0a817cb0a000001005001bb06000000
00000000000000000000000000000000
c0a807d30a000001005001bb06000000
00000000000000000000000000000000
00000000000000000000000000000000
c0a81f850a000001005001bb06000000
00000000000000000000000000000000
c0a80f8d0a000001005001bb06000000
c0a817890a000001005001bb06000000
00000000000000000000000000000000
c0a807910a000001005001bb06000000
c0a80bae0a000001005001bb06000000
c0a807570a000001005001bb06000000
c0a8033a0a000001005001bb06000000
c0a803b20a000001005001bb06000000
00000000000000000000000000000000
00000000000000000000000000000000
c0a81ba60a000001005001bb06000000
c0a823a20a000001005001bb06000000
00000000000000000000000000000000
00000000000000000000000000000000
c0a820010a000001005001bb06000000
c0a818050a000001005001bb06000000
c0a810090a000001005001bb06000000
c0a8080d0a000001005001bb06000000
c0a800110a000001005001bb06000000
c0a806db0a000001005001bb06000000
c0a80c2a0a000001005001bb06000000
c0a8042e0a000001005001bb06000000
c0a802be0a000001005001bb06000000
c0a80aba0a000001005001bb06000000
00000000000000000000000000000000
c0a821750a000001005001bb06000000
c0a81c220a000001005001bb06000000
c0a814260a000001005001bb06000000
c0a80e950a000001005001bb06000000
c0a80c6c0a000001005001bb06000000
c0a8027c0a000001005001bb06000000
c0a80a780a000001005001bb06000000
c0a812b60a000001005001bb06000000
c0a81ab20a000001005001bb06000000
c0a822ae0a000001005001bb06000000
c0a81c640a000001005001bb06000000
00000000000000000000000000000000
00000000000000000000000000000000
c0a820430a000001005001bb06000000
c0a818470a000001005001bb06000000
c0a80af40a000001005001bb06000000
c0a8084f0a000001005001bb06000000
c0a800530a000001005001bb06000000
c0a806990a000001005001bb06000000
c0a811010a000001005001bb06000000
c0a809050a000001005001bb06000000
c0a820f90a000001005001bb06000000
c0a818fd0a000001005001bb06000000
c0a80ddf0a000001005001bb06000000
c0a815db0a000001005001bb06000000
c0a801090a000001005001bb06000000
c0a805e30a000001005001bb06000000
c0a811be0a000001005001bb06000000
c0a819ba0a000001005001bb06000000
c0a801c60a000001005001bb06000000
c0a809c20a000001005001bb06000000
c0a80d220a000001005001bb06000000
c0a805260a000001005001bb06000000
c0a81a700a000001005001bb06000000
c0a812740a000001005001bb06000000
c0a8117c0a000001005001bb06000000
c0a819780a000001005001bb06000000
c0a801840a000001005001bb06000000
c0a809800a000001005001bb06000000
c0a815600a000001005001bb06000000
c0a80d640a000001005001bb06000000
c0a821b60a000001005001bb06000000
c0a81d5c0a000001005001bb06000000
c0a811430a000001005001bb06000000
c0a809470a000001005001bb06000000
c0a8213b0a000001005001bb06000000
c0a8193f0a000001005001bb06000000
c0a80d9d0a000001005001bb06000000
c0a815990a000001005001bb06000000
c0a8014b0a000001005001bb06000000
c0a805a10a000001005001bb06000000
c0a811f80a000001005001bb06000000
c0a809fc0a000001005001bb06000000
c0a802000a000001005001bb06000000
c0a80ce80a000001005001bb06000000
c0a814e40a000001005001bb06000000
c0a81ce00a000001005001bb06000000
c0a822320a000001005001bb06000000
c0a81a360a000001005001bb06000000
c0a810c70a000001005001bb06000000
c0a818c30a000001005001bb06000000
c0a820bf0a000001005001bb06000000
00000000000000000000000000000000
c0a80e190a000001005001bb06000000
c0a8061d0a000001005001bb06000000
c0a800cf0a000001005001bb06000000
c0a808cb0a000001005001bb06000000
c0a810850a000001005001bb06000000
c0a818810a000001005001bb06000000
c0a8207d0a000001005001bb06000000
00000000000000000000000000000000
c0a80e5b0a000001005001bb06000000
c0a8065f0a000001005001bb06000000
c0a8008d0a000001005001bb06000000
c0a808890a000001005001bb06000000
c0a8123a0a000001005001bb06000000
c0a80a3e0a000001005001bb06000000
c0a802420a000001005001bb06000000
c0a804aa0a000001005001bb06000000
c0a80ca60a000001005001bb06000000
c0a814a20a000001005001bb06000000
c0a81c9e0a000001005001bb06000000
c0a8249a0a000001005001bb06000000
c0a80fcc0a000001005001bb06000000
c0a817c80a000001005001bb06000000
c0a807180a000001005001bb06000000
c0a807d00a000001005001bb06000000
00000000000000000000000000000000
00000000000000000000000000000000
c0a81fc40a000001005001bb06000000
00000000000000000000000000000000
c0a80b330a000001005001bb06000000
c0a803370a000001005001bb06000000
c0a81b2b0a000001005001bb06000000
c0a8132f0a000001005001bb06000000
c0a80bef0a000001005001bb06000000
c0a80f140a000001005001bb06000000
c0a802f90a000001005001bb06000000
c0a803f30a000001005001bb06000000
00000000000000000000000000000000
00000000000000000000000000000000
c0a823a50a000001005001bb06000000
00000000000000000000000000000000
c0a80f520a000001005001bb06000000
c0a807560a000001005001bb06000000
c0a803b50a000001005001bb06000000
c0a80bb10a000001005001bb06000000
c0a80f8e0a000001005001bb06000000
c0a8178a0a000001005001bb06000000
00000000000000000000000000000000
c0a807920a000001005001bb06000000
00000000000000000000000000000000
00000000000000000000000000000000
c0a81f860a000001005001bb06000000
00000000000000000000000000000000
00000000000000000000000000000000
c0a821760a000001005001bb06000000
c0a824210a000001005001bb06000000
c0a81c250a000001005001bb06000000
c0a80ed60a000001005001bb06000000
c0a80c2d0a000001005001bb06000000
c0a804310a000001005001bb06000000
c0a802bb0a000001005001bb06000000
c0a8100a0a000001005001bb06000000
c0a8080e0a000001005001bb06000000
c0a800120a000001005001bb06000000
c0a806da0a000001005001bb06000000
00000000000000000000000000000000
00000000000000000000000000000000
c0a820020a000001005001bb06000000
c0a818060a000001005001bb06000000
c0a80af50a000001005001bb06000000
c0a8084c0a000001005001bb06000000
c0a800500a000001005001bb06000000
c0a80e980a000001005001bb06000000
00000000000000000000000000000000
00000000000000000000000000000000
c0a820400a000001005001bb06000000
c0a818440a000001005001bb06000000
c0a80ab70a000001005001bb06000000
c0a812b30a000001005001bb06000000
c0a81aaf0a000001005001bb06000000
c0a814670a000001005001bb06000000
c0a80c6b0a000001005001bb06000000
c0a8046f0a000001005001bb06000000
c0a8027d0a000001005001bb06000000
c0a80a790a000001005001bb06000000
c0a815210a000001005001bb06000000
c0a80d250a000001005001bb06000000
c0a81a710a000001005001bb06000000
c0a812750a000001005001bb06000000
c0a809bf0a000001005001bb06000000
c0a811bb0a000001005001bb06000000
c0a805290a000001005001bb06000000
c0a801c30a000001005001bb06000000
c0a80dde0a000001005001bb06000000
c0a815da0a000001005001bb06000000
c0a8010a0a000001005001bb06000000
c0a805e20a000001005001bb06000000
c0a811020a000001005001bb06000000
c0a809060a000001005001bb06000000
c0a820fa0a000001005001bb06000000
c0a818fe0a000001005001bb06000000
c0a8159c0a000001005001bb06000000
c0a81d980a000001005001bb06000000
c0a801480a000001005001bb06000000
c0a80da00a000001005001bb06000000
c0a811400a000001005001bb06000000
c0a809440a000001005001bb06000000
c0a821380a000001005001bb06000000
c0a8193c0a000001005001bb06000000
c0a80d630a000001005001bb06000000
c0a805670a000001005001bb06000000
c0a819b70a000001005001bb06000000
c0a8155f0a000001005001bb06000000
c0a8117d0a000001005001bb06000000
c0a819790a000001005001bb06000000
c0a801850a000001005001bb06000000
c0a809810a000001005001bb06000000
c0a816180a000001005001bb06000000
c0a80e1c0a000001005001bb06000000
c0a800cc0a000001005001bb06000000
c0a808c80a000001005001bb06000000
c0a810c40a000001005001bb06000000
c0a818c00a000001005001bb06000000
c0a820bc0a000001005001bb06000000
00000000000000000000000000000000
c0a80ce70a000001005001bb06000000
c0a814e30a000001005001bb06000000
c0a81a330a000001005001bb06000000
c0a812370a000001005001bb06000000
c0a811f90a000001005001bb06000000
c0a809fd0a000001005001bb06000000
c0a802010a000001005001bb06000000
c0a804eb0a000001005001bb06000000
c0a814a50a000001005001bb06000000
c0a81ca10a000001005001bb06000000
c0a8249d0a000001005001bb06000000
00000000000000000000000000000000
c0a80a3b0a000001005001bb06000000
c0a8023f0a000001005001bb06000000
c0a804ad0a000001005001bb06000000
c0a80ca90a000001005001bb06000000
c0a80e5a0a000001005001bb06000000
c0a8065e0a000001005001bb06000000
c0a8008e0a000001005001bb06000000
c0a8088a0a000001005001bb06000000
c0a810860a000001005001bb06000000
c0a818820a000001005001bb06000000
c0a8207e0a000001005001bb06000000
00000000000000000000000000000000
00000000000000000000000000000000
00000000000000000000000000000000
c0a81fc50a000001005001bb06000000
00000000000000000000000000000000
c0a80fcd0a000001005001bb06000000
c0a817c90a000001005001bb06000000
00000000000000000000000000000000
c0a807d10a000001005001bb06000000
c0a80bee0a000001005001bb06000000
c0a807170a000001005001bb06000000
c0a802fa0a000001005001bb06000000
c0a803f20a000001005001bb06000000
c0a813300a000001005001bb06000000
c0a80b340a000001005001bb06000000
c0a81be60a000001005001bb06000000
c0a81b2c0a000001005001bb06000000
c0a80f510a000001005001bb06000000
c0a807550a000001005001bb06000000
c0a803380a000001005001bb06000000
c0a80bb00a000001005001bb06000000
00000000000000000000000000000000
00000000000000000000000000000000
c0a823a40a000001005001bb06000000
00000000000000000000000000000000
00000000000000000000000000000000
00000000000000000000000000000000
c0a81f870a000001005001bb06000000
00000000000000000000000000000000
c0a80f8f0a000001005001bb06000000
c0a8178b0a000001005001bb06000000
00000000000000000000000000000000
c0a807930a000001005001bb06000000
c0a80ed50a000001005001bb06000000
c0a80c2c0a000001005001bb06000000
c0a802bc0a000001005001bb06000000
c0a80ab80a000001005001bb06000000
00000000000000000000000000000000
c0a821770a000001005001bb06000000
c0a824200a000001005001bb06000000
c0a81c240a000001005001bb06000000
00000000000000000000000000000000
00000000000000000000000000000000
c0a820030a000001005001bb06000000
c0a818070a000001005001bb06000000
c0a8100b0a000001005001bb06000000
c0a8080f0a000001005001bb06000000
c0a800130a000001005001bb06000000
c0a806d90a000001005001bb06000000
00000000000000000000000000000000
00000000000000000000000000000000
c0a820410a000001005001bb06000000
c0a818450a000001005001bb06000000
c0a80af60a000001005001bb06000000
c0a8084d0a000001005001bb06000000
c0a800510a000001005001bb06000000
c0a8069b0a000001005001bb06000000
c0a80c6a0a000001005001bb06000000
c0a8046e0a000001005001bb06000000
c0a8027e0a000001005001bb06000000
c0a80a7a0a000001005001bb06000000
c0a812b40a000001005001bb06000000
c0a81ab00a000001005001bb06000000
c0a81c620a000001005001bb06000000
c0a814660a000001005001bb06000000
c0a811bc0a000001005001bb06000000
c0a819b80a000001005001bb06000000
c0a801c40a000001005001bb06000000
c0a809c00a000001005001bb06000000
c0a815200a000001005001bb06000000
c0a80d240a000001005001bb06000000
c0a81a720a000001005001bb06000000
c0a812760a000001005001bb06000000
c0a811030a000001005001bb06000000
c0a809070a000001005001bb06000000
c0a820fb0a000001005001bb06000000
c0a818ff0a000001005001bb06000000
c0a80ddd0a000001005001bb06000000
c0a815d90a000001005001bb06000000
c0a8010b0a000001005001bb06000000
c0a805e10a000001005001bb06000000
c0a811410a000001005001bb06000000
c0a809450a000001005001bb06000000
c0a821390a000001005001bb06000000
c0a8193d0a000001005001bb06000000
c0a80d9f0a000001005001bb06000000
c0a8159b0a000001005001bb06000000
c0a801490a000001005001bb06000000
c0a805a30a000001005001bb06000000
c0a8117e0a000001005001bb06000000
c0a8197a0a000001005001bb06000000
c0a801860a000001005001bb06000000
c0a809820a000001005001bb06000000
c0a80d620a000001005001bb06000000
c0a805660a000001005001bb06000000
c0a81d5a0a000001005001bb06000000
c0a8155e0a000001005001bb06000000
c0a810c50a000001005001bb06000000
c0a818c10a000001005001bb06000000
c0a820bd0a000001005001bb06000000
00000000000000000000000000000000
c0a80e1b0a000001005001bb06000000
c0a8061f0a000001005001bb06000000
c0a800cd0a000001005001bb06000000
c0a808c90a000001005001bb06000000
c0a811fa0a000001005001bb06000000
c0a809fe0a000001005001bb06000000
c0a802020a000001005001bb06000000
c0a804ea0a000001005001bb06000000
c0a80ce60a000001005001bb06000000
c0a814e20a000001005001bb06000000
c0a81cde0a000001005001bb06000000
c0a81a340a000001005001bb06000000
c0a812380a000001005001bb06000000
c0a80a3c0a000001005001bb06000000
c0a802400a000001005001bb06000000
c0a80ca80a000001005001bb06000000
c0a814a40a000001005001bb06000000
c0a81ca00a000001005001bb06000000
c0a8249c0a000001005001bb06000000
00000000000000000000000000000000
c0a810870a000001005001bb06000000
c0a818830a000001005001bb06000000
c0a8207f0a000001005001bb06000000
00000000000000000000000000000000
c0a80e590a000001005001bb06000000
c0a8065d0a000001005001bb06000000
c0a8008f0a000001005001bb06000000
c0a8088b0a000001005001bb06000000
c0a8078c0a000001005001bb06000000
c0a80f880a000001005001bb06000000
c0a80f580a000001005001bb06000000
c0a8075c0a000001005001bb06000000
00000000000000000000000000000000
00000000000000000000000000000000
c0a817840a000001005001bb06000000
c0a81f800a000001005001bb06000000
c0a8239f0a000001005001bb06000000
00000000000000000000000000000000
c0a813a70a000001005001bb06000000
c0a81ba30a000001005001bb06000000
c0a803af0a000001005001bb06000000
c0a80bab0a000001005001bb06000000
c0a80b390a000001005001bb06000000
c0a8033d0a000001005001bb06000000
c0a81b310a000001005001bb06000000
c0a813350a000001005001bb06000000
c0a81be50a000001005001bb06000000
c0a8232d0a000001005001bb06000000
c0a80bed0a000001005001bb06000000
c0a80f160a000001005001bb06000000
c0a802fb0a000001005001bb06000000
c0a803f10a000001005001bb06000000
c0a807ce0a000001005001bb06000000
c0a80fca0a000001005001bb06000000
c0a8071a0a000001005001bb06000000
00000000000000000000000000000000
00000000000000000000000000000000
00000000000000000000000000000000
c0a817c60a000001005001bb06000000
c0a81fc20a000001005001bb06000000
c0a80ab50a000001005001bb06000000
c0a812b10a000001005001bb06000000
c0a81aad0a000001005001bb06000000
c0a822a90a000001005001bb06000000
c0a806960a000001005001bb06000000
c0a80e920a000001005001bb06000000
c0a80c710a000001005001bb06000000
c0a804750a000001005001bb06000000
c0a80af70a000001005001bb06000000
c0a8104e0a000001005001bb06000000
c0a808520a000001005001bb06000000
c0a800560a000001005001bb06000000
00000000000000000000000000000000
00000000000000000000000000000000
00000000000000000000000000000000
c0a820460a000001005001bb06000000
c0a818080a000001005001bb06000000
c0a8100c0a000001005001bb06000000
c0a808100a000001005001bb06000000
c0a800140a000001005001bb06000000
00000000000000000000000000000000
00000000000000000000000000000000
00000000000000000000000000000000
c0a820040a000001005001bb06000000
c0a821700a000001005001bb06000000
c0a819740a000001005001bb06000000
c0a824230a000001005001bb06000000
c0a81c270a000001005001bb06000000
c0a80ed40a000001005001bb06000000
c0a80c2f0a000001005001bb06000000
c0a804330a000001005001bb06000000
c0a802b90a000001005001bb06000000
c0a81d610a000001005001bb06000000
c0a815650a000001005001bb06000000
c0a819b50a000001005001bb06000000
c0a821b10a000001005001bb06000000
c0a8017f0a000001005001bb06000000
c0a8097b0a000001005001bb06000000
c0a80d690a000001005001bb06000000
c0a8056d0a000001005001bb06000000
c0a8059e0a000001005001bb06000000
c0a80d9a0a000001005001bb06000000
c0a8094a0a000001005001bb06000000
c0a8014e0a000001005001bb06000000
c0a819420a000001005001bb06000000
c0a811460a000001005001bb06000000
00000000000000000000000000000000
c0a8213e0a000001005001bb06000000
c0a80ddc0a000001005001bb06000000
c0a815d80a000001005001bb06000000
c0a809080a000001005001bb06000000
c0a8010c0a000001005001bb06000000
c0a819000a000001005001bb06000000
c0a811040a000001005001bb06000000
00000000000000000000000000000000
c0a820fc0a000001005001bb06000000
c0a815230a000001005001bb06000000
c0a80d270a000001005001bb06000000
c0a80a730a000001005001bb06000000
c0a802770a000001005001bb06000000
c0a809bd0a000001005001bb06000000
c0a811b90a000001005001bb06000000
c0a8052b0a000001005001bb06000000
c0a801c10a000001005001bb06000000
c0a81e580a000001005001bb06000000
c0a8165c0a000001005001bb06000000
c0a80e600a000001005001bb06000000
c0a800880a000001005001bb06000000
c0a808840a000001005001bb06000000
c0a810800a000001005001bb06000000
c0a8187c0a000001005001bb06000000
c0a820780a000001005001bb06000000
c0a804a70a000001005001bb06000000
c0a80ca30a000001005001bb06000000
c0a8149f0a000001005001bb06000000
c0a81c9b0a000001005001bb06000000
c0a81a390a000001005001bb06000000
c0a8123d0a000001005001bb06000000
c0a80a410a000001005001bb06000000
c0a802450a000001005001bb06000000
c0a80ce50a000001005001bb06000000
c0a814e10a000001005001bb06000000
c0a81cdd0a000001005001bb06000000
c0a822350a000001005001bb06000000
c0a811fb0a000001005001bb06000000
c0a809ff0a000001005001bb06000000
c0a802030a000001005001bb06000000
c0a804e90a000001005001bb06000000
c0a8161a0a000001005001bb06000000
c0a80e1e0a000001005001bb06000000
c0a806220a000001005001bb06000000
c0a800ca0a000001005001bb06000000
c0a808c60a000001005001bb06000000
c0a810c20a000001005001bb06000000
c0a818be0a000001005001bb06000000
c0a820ba0a000001005001bb06000000
00000000000000000000000000000000
00000000000000000000000000000000
c0a817850a000001005001bb06000000
c0a81f810a000001005001bb06000000
c0a8078d0a000001005001bb06000000
c0a80f890a000001005001bb06000000
c0a8075b0a000001005001bb06000000
00000000000000000000000000000000
c0a803ae0a000001005001bb06000000
c0a80baa0a000001005001bb06000000
c0a80b3a0a000001005001bb06000000
c0a8033e0a000001005001bb06000000
c0a8239e0a000001005001bb06000000
00000000000000000000000000000000
c0a813a60a000001005001bb06000000
c0a81ba20a000001005001bb06000000
c0a80bec0a000001005001bb06000000
c0a80f150a000001005001bb06000000
c0a80af80a000001005001bb06000000
c0a802fc0a000001005001bb06000000
c0a81b320a000001005001bb06000000
c0a813360a000001005001bb06000000
c0a81be40a000001005001bb06000000
c0a8232e0a000001005001bb06000000
00000000000000000000000000000000
00000000000000000000000000000000
c0a817c70a000001005001bb06000000
c0a81fc30a000001005001bb06000000
c0a807cf0a000001005001bb06000000
c0a80fcb0a000001005001bb06000000
c0a807190a000001005001bb06000000
00000000000000000000000000000000
c0a806950a000001005001bb06000000
c0a80e910a000001005001bb06000000
c0a80c700a000001005001bb06000000
c0a802780a000001005001bb06000000
c0a80ab60a000001005001bb06000000
c0a812b20a000001005001bb06000000
c0a81aae0a000001005001bb06000000
c0a822aa0a000001005001bb06000000
00000000000000000000000000000000
00000000000000000000000000000000
00000000000000000000000000000000
c0a820470a000001005001bb06000000
c0a812f40a000001005001bb06000000
c0a8104f0a000001005001bb06000000
c0a808530a000001005001bb06000000
c0a800570a000001005001bb06000000
00000000000000000000000000000000
00000000000000000000000000000000
00000000000000000000000000000000
c0a820050a000001005001bb06000000
c0a818090a000001005001bb06000000
c0a8100d0a000001005001bb06000000
c0a808110a000001005001bb06000000
c0a800150a000001005001bb06000000
c0a806d70a000001005001bb06000000
c0a80c2e0a000001005001bb06000000
c0a804320a000001005001bb06000000
c0a802ba0a000001005001bb06000000
c0a821710a000001005001bb06000000
c0a819750a000001005001bb06000000
c0a824220a000001005001bb06000000
c0a81c260a000001005001bb06000000
c0a8097c0a000001005001bb06000000
c0a811780a000001005001bb06000000
c0a80d680a000001005001bb06000000
c0a801800a000001005001bb06000000
c0a81d600a000001005001bb06000000
c0a815640a000001005001bb06000000
c0a819b60a000001005001bb06000000
c0a821b20a000001005001bb06000000
c0a819430a000001005001bb06000000
c0a811470a000001005001bb06000000
00000000000000000000000000000000
c0a8213f0a000001005001bb06000000
c0a8059d0a000001005001bb06000000
c0a80d990a000001005001bb06000000
c0a8094b0a000001005001bb06000000
c0a8014f0a000001005001bb06000000
c0a819010a000001005001bb06000000
c0a811050a000001005001bb06000000
00000000000000000000000000000000
c0a820fd0a000001005001bb06000000
c0a805df0a000001005001bb06000000
c0a80ddb0a000001005001bb06000000
c0a809090a000001005001bb06000000
c0a8010d0a000001005001bb06000000
c0a809be0a000001005001bb06000000
c0a811ba0a000001005001bb06000000
c0a8052a0a000001005001bb06000000
c0a801c20a000001005001bb06000000
c0a815220a000001005001bb06000000
c0a80d260a000001005001bb06000000
c0a812700a000001005001bb06000000
c0a80a740a000001005001bb06000000
c0a808850a000001005001bb06000000
c0a810810a000001005001bb06000000
c0a8187d0a000001005001bb06000000
c0a820790a000001005001bb06000000
c0a8165b0a000001005001bb06000000
c0a80e5f0a000001005001bb06000000
c0a806630a000001005001bb06000000
c0a800890a000001005001bb06000000
c0a81a3a0a000001005001bb06000000
c0a8123e0a000001005001bb06000000
c0a80a420a000001005001bb06000000
c0a802460a000001005001bb06000000
c0a804a60a000001005001bb06000000
c0a80ca20a000001005001bb06000000
c0a8149e0a000001005001bb06000000
c0a81c9a0a000001005001bb06000000
c0a819f80a000001005001bb06000000
c0a811fc0a000001005001bb06000000
c0a80a000a000001005001bb06000000
c0a802040a000001005001bb06000000
c0a80ce40a000001005001bb06000000
c0a814e00a000001005001bb06000000
c0a81cdc0a000001005001bb06000000
c0a822360a000001005001bb06000000
c0a808c70a000001005001bb06000000
c0a810c30a000001005001bb06000000
c0a818bf0a000001005001bb06000000
c0a820bb0a000001005001bb06000000
c0a816190a000001005001bb06000000
c0a80e1d0a000001005001bb06000000
c0a806210a000001005001bb06000000
c0a800cb0a000001005001bb06000000
00000000000000000000000000000000
00000000000000000000000000000000
c0a81ba50a000001005001bb06000000
c0a823a10a000001005001bb06000000
c0a80bad0a000001005001bb06000000
c0a80f560a000001005001bb06000000
c0a8033b0a000001005001bb06000000
c0a803b10a000001005001bb06000000
c0a8078e0a000001005001bb06000000
c0a80f8a0a000001005001bb06000000
c0a8075a0a000001005001bb06000000
00000000000000000000000000000000
00000000000000000000000000000000
00000000000000000000000000000000
c0a817860a000001005001bb06000000
c0a81f820a000001005001bb06000000
c0a807cc0a000001005001bb06000000
c0a80fc80a000001005001bb06000000
c0a80f180a000001005001bb06000000
c0a8071c0a000001005001bb06000000
00000000000000000000000000000000
00000000000000000000000000000000
c0a817c40a000001005001bb06000000
c0a81fc00a000001005001bb06000000
c0a813330a000001005001bb06000000
c0a80b370a000001005001bb06000000
c0a813e70a000001005001bb06000000
c0a81b2f0a000001005001bb06000000
c0a803ef0a000001005001bb06000000
c0a80beb0a000001005001bb06000000
c0a80af90a000001005001bb06000000
c0a802fd0a000001005001bb06000000
c0a812f50a000001005001bb06000000
c0a8104c0a000001005001bb06000000
c0a808500a000001005001bb06000000
c0a800540a000001005001bb06000000
00000000000000000000000000000000
00000000000000000000000000000000
00000000000000000000000000000000
c0a820440a000001005001bb06000000
c0a802b70a000001005001bb06000000
c0a80ab30a000001005001bb06000000
c0a812af0a000001005001bb06000000
c0a81aab0a000001005001bb06000000
c0a80e940a000001005001bb06000000
c0a80c6f0a000001005001bb06000000
c0a804730a000001005001bb06000000
c0a802790a000001005001bb06000000
c0a821720a000001005001bb06000000
c0a819760a000001005001bb06000000
00000000000000000000000000000000
c0a824250a000001005001bb06000000
c0a806d60a000001005001bb06000000
c0a80ed20a000001005001bb06000000
c0a80c310a000001005001bb06000000
c0a804350a000001005001bb06000000
c0a8180a0a000001005001bb06000000
c0a8100e0a000001005001bb06000000
c0a808120a000001005001bb06000000
c0a800160a000001005001bb06000000
00000000000000000000000000000000
00000000000000000000000000000000
00000000000000000000000000000000
c0a820060a000001005001bb06000000
c0a80d9c0a000001005001bb06000000
c0a815980a000001005001bb06000000
c0a809480a000001005001bb06000000
c0a8014c0a000001005001bb06000000
c0a819400a000001005001bb06000000
c0a811440a000001005001bb06000000
00000000000000000000000000000000
c0a8213c0a000001005001bb06000000
c0a815630a000001005001bb06000000
c0a80d670a000001005001bb06000000
c0a811b70a000001005001bb06000000
c0a819b30a000001005001bb06000000
c0a8097d0a000001005001bb06000000
c0a811790a000001005001bb06000000
c0a8056b0a000001005001bb06000000
c0a801810a000001005001bb06000000
c0a81d210a000001005001bb06000000
c0a815250a000001005001bb06000000
c0a812710a000001005001bb06000000
c0a80a750a000001005001bb06000000
c0a801bf0a000001005001bb06000000
c0a809bb0a000001005001bb06000000
c0a80d290a000001005001bb06000000
c0a8052d0a000001005001bb06000000
c0a805de0a000001005001bb06000000
c0a80dda0a000001005001bb06000000
c0a8090a0a000001005001bb06000000
c0a8010e0a000001005001bb06000000
c0a819020a000001005001bb06000000
c0a811060a000001005001bb06000000
00000000000000000000000000000000
c0a820fe0a000001005001bb06000000
c0a80ca50a000001005001bb06000000
c0a814a10a000001005001bb06000000
c0a81c9d0a000001005001bb06000000
c0a824990a000001005001bb06000000
c0a8123b0a000001005001bb06000000
c0a80a3f0a000001005001bb06000000
c0a802430a000001005001bb06000000
c0a804a90a000001005001bb06000000
c0a8165a0a000001005001bb06000000
c0a80e5e0a000001005001bb06000000
c0a806620a000001005001bb06000000
c0a8008a0a000001005001bb06000000
c0a808860a000001005001bb06000000
c0a810820a000001005001bb06000000
c0a8187e0a000001005001bb06000000
c0a8207a0a000001005001bb06000000
c0a81e180a000001005001bb06000000
c0a8161c0a000001005001bb06000000
c0a80e200a000001005001bb06000000
c0a800c80a000001005001bb06000000
c0a808c40a000001005001bb06000000
c0a810c00a000001005001bb06000000
c0a818bc0a000001005001bb06000000
c0a820b80a000001005001bb06000000
c0a804e70a000001005001bb06000000
c0a80ce30a000001005001bb06000000
c0a814df0a000001005001bb06000000
c0a81a370a000001005001bb06000000
c0a819f90a000001005001bb06000000
c0a811fd0a000001005001bb06000000
c0a80a010a000001005001bb06000000
c0a802050a000001005001bb06000000
c0a80bac0a000001005001bb06000000
c0a80f550a000001005001bb06000000
c0a80b380a000001005001bb06000000
c0a8033c0a000001005001bb06000000
00000000000000000000000000000000
00000000000000000000000000000000
c0a81ba40a000001005001bb06000000
c0a823a00a000001005001bb06000000
00000000000000000000000000000000
00000000000000000000000000000000
c0a817870a000001005001bb06000000
c0a81f830a000001005001bb06000000
c0a8078f0a000001005001bb06000000
c0a80f8b0a000001005001bb06000000
c0a807590a000001005001bb06000000
00000000000000000000000000000000
00000000000000000000000000000000
00000000000000000000000000000000
c0a817c50a000001005001bb06000000
c0a81fc10a000001005001bb06000000
c0a807cd0a000001005001bb06000000
c0a80fc90a000001005001bb06000000
c0a8071b0a000001005001bb06000000
00000000000000000000000000000000
c0a803ee0a000001005001bb06000000
c0a80bea0a000001005001bb06000000
c0a80afa0a000001005001bb06000000
c0a802fe0a000001005001bb06000000
c0a81b300a000001005001bb06000000
c0a813340a000001005001bb06000000
c0a813e60a000001005001bb06000000
c0a81be20a000001005001bb06000000
00000000000000000000000000000000
00000000000000000000000000000000
00000000000000000000000000000000
c0a820450a000001005001bb06000000
c0a812f60a000001005001bb06000000
c0a8104d0a000001005001bb06000000
c0a808510a000001005001bb06000000
c0a800550a000001005001bb06000000
c0a806970a000001005001bb06000000
c0a80c6e0a000001005001bb06000000
c0a804720a000001005001bb06000000
c0a8027a0a000001005001bb06000000
c0a80ab40a000001005001bb06000000
c0a812b00a000001005001bb06000000
c0a81aac0a000001005001bb06000000
c0a81c660a000001005001bb06000000
c0a806d50a000001005001bb06000000
c0a80ed10a000001005001bb06000000
c0a80c300a000001005001bb06000000
c0a802b80a000001005001bb06000000
c0a821730a000001005001bb06000000
c0a819770a000001005001bb06000000
00000000000000000000000000000000
c0a824240a000001005001bb06000000
00000000000000000000000000000000
00000000000000000000000000000000
00000000000000000000000000000000
c0a820070a000001005001bb06000000
c0a8180b0a000001005001bb06000000
c0a8100f0a000001005001bb06000000
c0a808130a000001005001bb06000000
c0a800170a000001005001bb06000000
c0a819410a000001005001bb06000000
c0a811450a000001005001bb06000000
00000000000000000000000000000000
c0a8213d0a000001005001bb06000000
c0a8059f0a000001005001bb06000000
c0a80d9b0a000001005001bb06000000
c0a809490a000001005001bb06000000
c0a8014d0a000001005001bb06000000
c0a8097e0a000001005001bb06000000
c0a8117a0a000001005001bb06000000
c0a8056a0a000001005001bb06000000
c0a801820a000001005001bb06000000
c0a815620a000001005001bb06000000
c0a80d660a000001005001bb06000000
c0a819b40a000001005001bb06000000
c0a81d5e0a000001005001bb06000000
c0a809bc0a000001005001bb06000000
c0a811b80a000001005001bb06000000
c0a80d280a000001005001bb06000000
c0a801c00a000001005001bb06000000
c0a81d200a000001005001bb06000000
c0a815240a000001005001bb06000000
c0a812720a000001005001bb06000000
c0a80a760a000001005001bb06000000
c0a819030a000001005001bb06000000
c0a811070a000001005001bb06000000
00000000000000000000000000000000
c0a820ff0a000001005001bb06000000
c0a805dd0a000001005001bb06000000
c0a80dd90a000001005001bb06000000
c0a8090b0a000001005001bb06000000
c0a8010f0a000001005001bb06000000
c0a81a380a000001005001bb06000000
c0a8123c0a000001005001bb06000000
c0a80a400a000001005001bb06000000
c0a802440a000001005001bb06000000
c0a80ca40a000001005001bb06000000
c0a814a00a000001005001bb06000000
c0a81c9c0a000001005001bb06000000
c0a824980a000001005001bb06000000
c0a808870a000001005001bb06000000
c0a810830a000001005001bb06000000
c0a8187f0a000001005001bb06000000
c0a8207b0a000001005001bb06000000
c0a816590a000001005001bb06000000
c0a80e5d0a000001005001bb06000000
c0a806610a000001005001bb06000000
c0a8008b0a000001005001bb06000000
c0a808c50a000001005001bb06000000
c0a810c10a000001005001bb06000000
c0a818bd0a000001005001bb06000000
c0a820b90a000001005001bb06000000
c0a8161b0a000001005001bb06000000
c0a80e1f0a000001005001bb06000000
c0a806230a000001005001bb06000000
c0a800c90a000001005001bb06000000
c0a819fa0a000001005001bb06000000
c0a811fe0a000001005001bb06000000
c0a80a020a000001005001bb06000000
c0a802060a000001005001bb06000000
c0a804e60a000001005001bb06000000
c0a80ce20a000001005001bb06000000
c0a814de0a000001005001bb06000000
c0a81cda0a000001005001bb06000000
c0a804e50a000001005001bb06000000
c0a80ce10a000001005001bb06000000
c0a814dd0a000001005001bb06000000
c0a81cd90a000001005001bb06000000
c0a819fb0a000001005001bb06000000
c0a811ff0a000001005001bb06000000
c0a80a030a000001005001bb06000000
c0a802070a000001005001bb06000000
c0a817710a000001005001bb06000000
c0a80f750a000001005001bb06000000
c0a80e220a000001005001bb06000000
c0a806260a000001005001bb06000000
c0a800c60a000001005001bb06000000
c0a808c20a000001005001bb06000000
c0a810be0a000001005001bb06000000
c0a818ba0a000001005001bb06000000
c0a820b60a000001005001bb06000000
c0a81e5c0a000001005001bb06000000
c0a816600a000001005001bb06000000
c0a80e640a000001005001bb06000000
c0a800840a000001005001bb06000000
c0a808800a000001005001bb06000000
c0a8107c0a000001005001bb06000000
c0a818780a000001005001bb06000000
c0a802490a000001005001bb06000000
c0a804a30a000001005001bb06000000
c0a80c9f0a000001005001bb06000000
c0a8149b0a000001005001bb06000000
c0a822390a000001005001bb06000000
c0a81a3d0a000001005001bb06000000
c0a812410a000001005001bb06000000
c0a80a450a000001005001bb06000000
c0a821320a000001005001bb06000000
c0a819360a000001005001bb06000000
c0a815e40a000001005001bb06000000
c0a81de00a000001005001bb06000000
c0a801000a000001005001bb06000000
c0a80de80a000001005001bb06000000
c0a810f80a000001005001bb06000000
c0a808fc0a000001005001bb06000000
c0a801cd0a000001005001bb06000000
c0a809c90a000001005001bb06000000
c0a80d1b0a000001005001bb06000000
c0a8051f0a000001005001bb06000000
c0a821bd0a000001005001bb06000000
00000000000000000000000000000000
c0a811c50a000001005001bb06000000
c0a819c10a000001005001bb06000000
c0a805610a000001005001bb06000000
c0a8018b0a000001005001bb06000000
c0a815590a000001005001bb06000000
c0a80d5d0a000001005001bb06000000
c0a8197f0a000001005001bb06000000
c0a8217b0a000001005001bb06000000
c0a809870a000001005001bb06000000
c0a811830a000001005001bb06000000
c0a81d9e0a000001005001bb06000000
c0a8259a0a000001005001bb06000000
c0a80da60a000001005001bb06000000
c0a815a20a000001005001bb06000000
c0a801420a000001005001bb06000000
c0a805aa0a000001005001bb06000000
c0a8113a0a000001005001bb06000000
c0a8093e0a000001005001bb06000000
c0a8202a0a000001005001bb06000000
c0a8182e0a000001005001bb06000000
c0a810320a000001005001bb06000000
c0a808360a000001005001bb06000000
c0a806f40a000001005001bb06000000
c0a80ef00a000001005001bb06000000
c0a80c130a000001005001bb06000000
c0a804170a000001005001bb06000000
c0a802d50a000001005001bb06000000
c0a80ad10a000001005001bb06000000
c0a812cd0a000001005001bb06000000
c0a81ac90a000001005001bb06000000
c0a822c50a000001005001bb06000000
00000000000000000000000000000000
00000000000000000000000000000000
00000000000000000000000000000000
c0a804590a000001005001bb06000000
c0a802930a000001005001bb06000000
c0a80a8f0a000001005001bb06000000
c0a8128b0a000001005001bb06000000
c0a81a870a000001005001bb06000000
c0a822830a000001005001bb06000000
00000000000000000000000000000000
00000000000000000000000000000000
c0a81ea60a000001005001bb06000000
c0a826a20a000001005001bb06000000
00000000000000000000000000000000
00000000000000000000000000000000
c0a8003a0a000001005001bb06000000
c0a806b20a000001005001bb06000000
c0a80eae0a000001005001bb06000000
c0a80c550a000001005001bb06000000
c0a803dd0a000001005001bb06000000
c0a80bd90a000001005001bb06000000
c0a80b0b0a000001005001bb06000000
c0a8030f0a000001005001bb06000000
c0a81b030a000001005001bb06000000
c0a813070a000001005001bb06000000
00000000000000000000000000000000
c0a822ff0a000001005001bb06000000
c0a81f220a000001005001bb06000000
c0a817260a000001005001bb06000000
00000000000000000000000000000000
c0a820740a000001005001bb06000000
c0a823cd0a000001005001bb06000000
c0a807ba0a000001005001bb06000000
c0a80f2a0a000001005001bb06000000
c0a8072e0a000001005001bb06000000
c0a81fae0a000001005001bb06000000
c0a81f640a000001005001bb06000000
c0a80fb60a000001005001bb06000000
c0a817b20a000001005001bb06000000
c0a807700a000001005001bb06000000
c0a807780a000001005001bb06000000
c0a80b970a000001005001bb06000000
c0a80f6c0a000001005001bb06000000
c0a803510a000001005001bb06000000
c0a8039b0a000001005001bb06000000
c0a807f40a000001005001bb06000000
c0a80b4d0a000001005001bb06000000
c0a823410a000001005001bb06000000
c0a81b450a000001005001bb06000000
00000000000000000000000000000000
00000000000000000000000000000000
c0a821f80a000001005001bb06000000
c0a819fc0a000001005001bb06000000
c0a812000a000001005001bb06000000
c0a80a040a000001005001bb06000000
c0a802080a000001005001bb06000000
c0a80ce00a000001005001bb06000000
c0a814dc0a000001005001bb06000000
c0a81cd80a000001005001bb06000000
c0a800c70a000001005001bb06000000
c0a808c30a000001005001bb06000000
c0a810bf0a000001005001bb06000000
c0a818bb0a000001005001bb06000000
c0a817720a000001005001bb06000000
c0a80f760a000001005001bb06000000
c0a80e210a000001005001bb06000000
c0a806250a000001005001bb06000000
c0a800850a000001005001bb06000000
c0a808810a000001005001bb06000000
c0a8107d0a000001005001bb06000000
c0a818790a000001005001bb06000000
c0a81e5b0a000001005001bb06000000
c0a8165f0a000001005001bb06000000
c0a80e630a000001005001bb06000000
c0a806670a000001005001bb06000000
c0a8223a0a000001005001bb06000000
c0a81a3e0a000001005001bb06000000
c0a812420a000001005001bb06000000
c0a80a460a000001005001bb06000000
c0a8024a0a000001005001bb06000000
c0a804a20a000001005001bb06000000
c0a80c9e0a000001005001bb06000000
c0a8149a0a000001005001bb06000000
c0a801010a000001005001bb06000000
c0a805eb0a000001005001bb06000000
c0a810f90a000001005001bb06000000
c0a808fd0a000001005001bb06000000
c0a81ddf0a000001005001bb06000000
c0a819370a000001005001bb06000000
c0a80de70a000001005001bb06000000
c0a815e30a000001005001bb06000000
c0a821be0a000001005001bb06000000
00000000000000000000000000000000
c0a811c60a000001005001bb06000000
c0a819c20a000001005001bb06000000
c0a801ce0a000001005001bb06000000
c0a809ca0a000001005001bb06000000
c0a80d1a0a000001005001bb06000000
c0a8051e0a000001005001bb06000000
c0a8217c0a000001005001bb06000000
00000000000000000000000000000000
c0a811840a000001005001bb06000000
c0a819800a000001005001bb06000000
c0a8018c0a000001005001bb06000000
c0a809880a000001005001bb06000000
c0a815580a000001005001bb06000000
c0a80d5c0a000001005001bb06000000
c0a801430a000001005001bb06000000
c0a805a90a000001005001bb06000000
c0a8113b0a000001005001bb06000000
c0a8093f0a000001005001bb06000000
c0a81d9d0a000001005001bb06000000
c0a825990a000001005001bb06000000
c0a80da50a000001005001bb06000000
c0a815a10a000001005001bb06000000
c0a81c0a0a000001005001bb06000000
c0a806f30a000001005001bb06000000
c0a80c120a000001005001bb06000000
c0a804160a000001005001bb06000000
c0a81ee70a000001005001bb06000000
c0a8182f0a000001005001bb06000000
c0a810330a000001005001bb06000000
c0a808370a000001005001bb06000000
c0a822c60a000001005001bb06000000
00000000000000000000000000000000
00000000000000000000000000000000
00000000000000000000000000000000
c0a802d60a000001005001bb06000000
c0a80ad20a000001005001bb06000000
c0a812ce0a000001005001bb06000000
c0a81aca0a000001005001bb06000000
c0a822840a000001005001bb06000000
00000000000000000000000000000000
00000000000000000000000000000000
00000000000000000000000000000000
c0a802940a000001005001bb06000000
c0a80a900a000001005001bb06000000
c0a8128c0a000001005001bb06000000
c0a81a880a000001005001bb06000000
c0a8003b0a000001005001bb06000000
c0a806b10a000001005001bb06000000
c0a80ead0a000001005001bb06000000
c0a80c540a000001005001bb06000000
c0a81ea50a000001005001bb06000000
c0a826a10a000001005001bb06000000
00000000000000000000000000000000
00000000000000000000000000000000
c0a823000a000001005001bb06000000
c0a81b040a000001005001bb06000000
00000000000000000000000000000000
00000000000000000000000000000000
c0a803100a000001005001bb06000000
c0a80bd80a000001005001bb06000000
c0a813080a000001005001bb06000000
c0a80b0c0a000001005001bb06000000
c0a823cc0a000001005001bb06000000
c0a807bb0a000001005001bb06000000
c0a80f290a000001005001bb06000000
c0a8072d0a000001005001bb06000000
c0a81f210a000001005001bb06000000
c0a817250a000001005001bb06000000
00000000000000000000000000000000
c0a820750a000001005001bb06000000
c0a81b8e0a000001005001bb06000000
c0a807790a000001005001bb06000000
c0a80b960a000001005001bb06000000
c0a8076f0a000001005001bb06000000
c0a81f630a000001005001bb06000000
c0a817670a000001005001bb06000000
c0a80fb70a000001005001bb06000000
c0a817b30a000001005001bb06000000
c0a823420a000001005001bb06000000
c0a81b460a000001005001bb06000000
00000000000000000000000000000000
00000000000000000000000000000000
c0a803520a000001005001bb06000000
c0a8039a0a000001005001bb06000000
c0a807f50a000001005001bb06000000
c0a80b4e0a000001005001bb06000000
c0a817730a000001005001bb06000000
c0a80f770a000001005001bb06000000
c0a816200a000001005001bb06000000
c0a80e240a000001005001bb06000000
c0a800c40a000001005001bb06000000
c0a808c00a000001005001bb06000000
c0a810bc0a000001005001bb06000000
c0a818b80a000001005001bb06000000
c0a802090a000001005001bb06000000
c0a804e30a000001005001bb06000000
c0a80cdf0a000001005001bb06000000
c0a814db0a000001005001bb06000000
c0a821f90a000001005001bb06000000
c0a819fd0a000001005001bb06000000
c0a812010a000001005001bb06000000
c0a80a050a000001005001bb06000000
c0a804a50a000001005001bb06000000
c0a80ca10a000001005001bb06000000
c0a8149d0a000001005001bb06000000
c0a81c990a000001005001bb06000000
c0a81a3b0a000001005001bb06000000
c0a8123f0a000001005001bb06000000
c0a80a430a000001005001bb06000000
c0a802470a000001005001bb06000000
c0a81e5a0a000001005001bb06000000
c0a8165e0a000001005001bb06000000
c0a80e620a000001005001bb06000000
c0a806660a000001005001bb06000000
c0a800860a000001005001bb06000000
c0a808820a000001005001bb06000000
c0a8107e0a000001005001bb06000000
c0a8187a0a000001005001bb06000000
c0a805210a000001005001bb06000000
c0a801cb0a000001005001bb06000000
c0a815190a000001005001bb06000000
c0a80d1d0a000001005001bb06000000
c0a819bf0a000001005001bb06000000
c0a821bb0a000001005001bb06000000
c0a809c70a000001005001bb06000000
c0a811c30a000001005001bb06000000
c0a81dde0a000001005001bb06000000
c0a819340a000001005001bb06000000
c0a80de60a000001005001bb06000000
c0a815e20a000001005001bb06000000
c0a801020a000001005001bb06000000
c0a805ea0a000001005001bb06000000
c0a810fa0a000001005001bb06000000
c0a808fe0a000001005001bb06000000
c0a8259c0a000001005001bb06000000
00000000000000000000000000000000
c0a815a40a000001005001bb06000000
c0a81da00a000001005001bb06000000
c0a801400a000001005001bb06000000
c0a80da80a000001005001bb06000000
c0a811380a000001005001bb06000000
c0a8093c0a000001005001bb06000000
c0a8018d0a000001005001bb06000000
c0a809890a000001005001bb06000000
c0a80d5b0a000001005001bb06000000
c0a8055f0a000001005001bb06000000
c0a8217d0a000001005001bb06000000
00000000000000000000000000000000
c0a811850a000001005001bb06000000
c0a819810a000001005001bb06000000
c0a804190a000001005001bb06000000
c0a802d30a000001005001bb06000000
c0a80acf0a000001005001bb06000000
c0a812cb0a000001005001bb06000000
c0a81ac70a000001005001bb06000000
c0a822c30a000001005001bb06000000
00000000000000000000000000000000
00000000000000000000000000000000
c0a81ee60a000001005001bb06000000
c0a8182c0a000001005001bb06000000
c0a810300a000001005001bb06000000
c0a808340a000001005001bb06000000
c0a824090a000001005001bb06000000
c0a806f20a000001005001bb06000000
c0a80eee0a000001005001bb06000000
c0a80c150a000001005001bb06000000
c0a826a40a000001005001bb06000000
00000000000000000000000000000000
00000000000000000000000000000000
c0a824470a000001005001bb06000000
c0a800380a000001005001bb06000000
c0a80eb00a000001005001bb06000000
c0a80c530a000001005001bb06000000
c0a804570a000001005001bb06000000
c0a802950a000001005001bb06000000
c0a80a910a000001005001bb06000000
c0a8128d0a000001005001bb06000000
c0a81a890a000001005001bb06000000
c0a822850a000001005001bb06000000
00000000000000000000000000000000
00000000000000000000000000000000
00000000000000000000000000000000
00000000000000000000000000000000
c0a81f240a000001005001bb06000000
00000000000000000000000000000000
c0a820760a000001005001bb06000000
c0a807300a000001005001bb06000000
c0a807b80a000001005001bb06000000
c0a80bd70a000001005001bb06000000
c0a80f2c0a000001005001bb06000000
c0a803110a000001005001bb06000000
c0a803db0a000001005001bb06000000
c0a813090a000001005001bb06000000
c0a80b0d0a000001005001bb06000000
c0a823010a000001005001bb06000000
c0a81b050a000001005001bb06000000
00000000000000000000000000000000
00000000000000000000000000000000
c0a8039d0a000001005001bb06000000
c0a80b990a000001005001bb06000000
c0a807f60a000001005001bb06000000
c0a8034f0a000001005001bb06000000
c0a81b430a000001005001bb06000000
c0a813470a000001005001bb06000000
00000000000000000000000000000000
c0a8233f0a000001005001bb06000000
c0a81f620a000001005001bb06000000
c0a817660a000001005001bb06000000
c0a80fb40a000001005001bb06000000
c0a817b00a000001005001bb06000000
c0a8238d0a000001005001bb06000000
c0a8077a0a000001005001bb06000000
c0a80f6a0a000001005001bb06000000
c0a8076e0a000001005001bb06000000
c0a800c50a000001005001bb06000000
c0a808c10a000001005001bb06000000
c0a810bd0a000001005001bb06000000
c0a818b90a000001005001bb06000000
c0a81e1b0a000001005001bb06000000
c0a8161f0a000001005001bb06000000
c0a80e230a000001005001bb06000000
c0a806270a000001005001bb06000000
c0a821fa0a000001005001bb06000000
c0a819fe0a000001005001bb06000000
c0a812020a000001005001bb06000000
c0a80a060a000001005001bb06000000
c0a8020a0a000001005001bb06000000
c0a804e20a000001005001bb06000000
c0a80cde0a000001005001bb06000000
c0a814da0a000001005001bb06000000
c0a822380a000001005001bb06000000
c0a81a3c0a000001005001bb06000000
c0a812400a000001005001bb06000000
c0a80a440a000001005001bb06000000
c0a802480a000001005001bb06000000
c0a80ca00a000001005001bb06000000
c0a8149c0a000001005001bb06000000
c0a81c980a000001005001bb06000000
c0a800870a000001005001bb06000000
c0a808830a000001005001bb06000000
c0a8107f0a000001005001bb06000000
c0a8187b0a000001005001bb06000000
c0a81e590a000001005001bb06000000
c0a8165d0a000001005001bb06000000
c0a80e610a000001005001bb06000000
c0a806650a000001005001bb06000000
c0a821bc0a000001005001bb06000000
00000000000000000000000000000000
c0a811c40a000001005001bb06000000
c0a819c00a000001005001bb06000000
c0a801cc0a000001005001bb06000000
c0a809c80a000001005001bb06000000
c0a815180a000001005001bb06000000
c0a80d1c0a000001005001bb06000000
c0a801030a000001005001bb06000000
c0a805e90a000001005001bb06000000
c0a810fb0a000001005001bb06000000
c0a808ff0a000001005001bb06000000
c0a81ddd0a000001005001bb06000000
c0a819350a000001005001bb06000000
c0a80de50a000001005001bb06000000
c0a815e10a000001005001bb06000000
c0a801410a000001005001bb06000000
c0a805ab0a000001005001bb06000000
c0a811390a000001005001bb06000000
c0a8093d0a000001005001bb06000000
c0a81d9f0a000001005001bb06000000
c0a8259b0a000001005001bb06000000
c0a80da70a000001005001bb06000000
c0a815a30a000001005001bb06000000
c0a8217e0a000001005001bb06000000
00000000000000000000000000000000
c0a811860a000001005001bb06000000
c0a819820a000001005001bb06000000
c0a8018e0a000001005001bb06000000
c0a8098a0a000001005001bb06000000
c0a80d5a0a000001005001bb06000000
c0a8055e0a000001005001bb06000000
c0a822c40a000001005001bb06000000
00000000000000000000000000000000
00000000000000000000000000000000
00000000000000000000000000000000
c0a802d40a000001005001bb06000000
c0a80ad00a000001005001bb06000000
c0a812cc0a000001005001bb06000000
c0a81ac80a000001005001bb06000000
c0a824080a000001005001bb06000000
c0a806f10a000001005001bb06000000
c0a80eed0a000001005001bb06000000
c0a80c140a000001005001bb06000000
c0a81ee50a000001005001bb06000000
c0a8182d0a000001005001bb06000000
c0a810310a000001005001bb06000000
c0a808350a000001005001bb06000000
c0a800390a000001005001bb06000000
c0a806b30a000001005001bb06000000
c0a80c520a000001005001bb06000000
c0a804560a000001005001bb06000000
c0a81ea70a000001005001bb06000000
c0a826a30a000001005001bb06000000
00000000000000000000000000000000
c0a824460a000001005001bb06000000
c0a822860a000001005001bb06000000
00000000000000000000000000000000
00000000000000000000000000000000
00000000000000000000000000000000
c0a802960a000001005001bb06000000
c0a80a920a000001005001bb06000000
c0a8128e0a000001005001bb06000000
c0a81a8a0a000001005001bb06000000
c0a81bce0a000001005001bb06000000
c0a807b90a000001005001bb06000000
c0a80bd60a000001005001bb06000000
c0a8072f0a000001005001bb06000000
c0a81f230a000001005001bb06000000
c0a817270a000001005001bb06000000
00000000000000000000000000000000
c0a820770a000001005001bb06000000
c0a823020a000001005001bb06000000
c0a81b060a000001005001bb06000000
00000000000000000000000000000000
00000000000000000000000000000000
c0a803120a000001005001bb06000000
c0a803da0a000001005001bb06000000
c0a8130a0a000001005001bb06000000
c0a80b0e0a000001005001bb06000000
c0a823400a000001005001bb06000000
c0a81b440a000001005001bb06000000
00000000000000000000000000000000
00000000000000000000000000000000
c0a803500a000001005001bb06000000
c0a80b980a000001005001bb06000000
c0a807f70a000001005001bb06000000
c0a80b4c0a000001005001bb06000000
c0a8238c0a000001005001bb06000000
c0a8077b0a000001005001bb06000000
c0a80f690a000001005001bb06000000
c0a8076d0a000001005001bb06000000
c0a81f610a000001005001bb06000000
c0a817650a000001005001bb06000000
c0a80fb50a000001005001bb06000000
c0a817b10a000001005001bb06000000
c0a818b60a000001005001bb06000000
c0a820b20a000001005001bb06000000
c0a81e600a000001005001bb06000000
c0a816640a000001005001bb06000000
c0a80e680a000001005001bb06000000
c0a800800a000001005001bb06000000
c0a8087c0a000001005001bb06000000
c0a810780a000001005001bb06000000
c0a80a490a000001005001bb06000000
c0a8024d0a000001005001bb06000000
c0a8049f0a000001005001bb06000000
c0a80c9b0a000001005001bb06000000
00000000000000000000000000000000
c0a8223d0a000001005001bb06000000
c0a81a410a000001005001bb06000000
c0a812450a000001005001bb06000000
c0a8020b0a000001005001bb06000000
c0a804e10a000001005001bb06000000
c0a80cdd0a000001005001bb06000000
c0a814d90a000001005001bb06000000
c0a821fb0a000001005001bb06000000
c0a819ff0a000001005001bb06000000
c0a812030a000001005001bb06000000
c0a80a070a000001005001bb06000000
c0a80f710a000001005001bb06000000
c0a807750a000001005001bb06000000
c0a816220a000001005001bb06000000
c0a80e260a000001005001bb06000000
c0a8062a0a000001005001bb06000000
c0a800c20a000001005001bb06000000
c0a808be0a000001005001bb06000000
c0a810ba0a000001005001bb06000000
c0a80d610a000001005001bb06000000
c0a805650a000001005001bb06000000
c0a81d590a000001005001bb06000000
c0a8155d0a000001005001bb06000000
c0a8117f0a000001005001bb06000000
c0a8197b0a000001005001bb06000000
c0a801870a000001005001bb06000000
c0a809830a000001005001bb06000000
c0a8159e0a000001005001bb06000000
c0a81d9a0a000001005001bb06000000
c0a805a60a000001005001bb06000000
c0a80da20a000001005001bb06000000
c0a809420a000001005001bb06000000
c0a801460a000001005001bb06000000
c0a8193a0a000001005001bb06000000
c0a8113e0a000001005001bb06000000
c0a81ddc0a000001005001bb06000000
c0a821360a000001005001bb06000000
c0a80de40a000001005001bb06000000
c0a815e00a000001005001bb06000000
c0a809000a000001005001bb06000000
c0a801040a000001005001bb06000000
c0a818f80a000001005001bb06000000
c0a810fc0a000001005001bb06000000
c0a805230a000001005001bb06000000
c0a801c90a000001005001bb06000000
c0a8151b0a000001005001bb06000000
c0a80d1f0a000001005001bb06000000
c0a819bd0a000001005001bb06000000
c0a821b90a000001005001bb06000000
c0a809c50a000001005001bb06000000
c0a811c10a000001005001bb06000000
c0a80c590a000001005001bb06000000
c0a8045d0a000001005001bb06000000
c0a8028f0a000001005001bb06000000
c0a80a8b0a000001005001bb06000000
c0a812870a000001005001bb06000000
c0a81a830a000001005001bb06000000
c0a8227f0a000001005001bb06000000
00000000000000000000000000000000
c0a816a60a000001005001bb06000000
c0a81ea20a000001005001bb06000000
c0a8269e0a000001005001bb06000000
00000000000000000000000000000000
c0a8083a0a000001005001bb06000000
c0a8003e0a000001005001bb06000000
c0a806ae0a000001005001bb06000000
c0a80eaa0a000001005001bb06000000
c0a81ee40a000001005001bb06000000
c0a8202e0a000001005001bb06000000
c0a818320a000001005001bb06000000
c0a810360a000001005001bb06000000
c0a807f80a000001005001bb06000000
c0a806f00a000001005001bb06000000
c0a80eec0a000001005001bb06000000
c0a80c170a000001005001bb06000000
c0a8041b0a000001005001bb06000000
c0a802d10a000001005001bb06000000
c0a80acd0a000001005001bb06000000
c0a812c90a000001005001bb06000000
c0a81ac50a000001005001bb06000000
c0a822c10a000001005001bb06000000
00000000000000000000000000000000
00000000000000000000000000000000
c0a817ae0a000001005001bb06000000
c0a81faa0a000001005001bb06000000
c0a807b60a000001005001bb06000000
c0a80fb20a000001005001bb06000000
c0a80f700a000001005001bb06000000
c0a807740a000001005001bb06000000
c0a803970a000001005001bb06000000
c0a80b930a000001005001bb06000000
c0a80b510a000001005001bb06000000
c0a803550a000001005001bb06000000
c0a80ff40a000001005001bb06000000
c0a8134d0a000001005001bb06000000
00000000000000000000000000000000
c0a823450a000001005001bb06000000
00000000000000000000000000000000
00000000000000000000000000000000
c0a803130a000001005001bb06000000
c0a803d90a000001005001bb06000000
c0a8130b0a000001005001bb06000000
c0a80b0f0a000001005001bb06000000
c0a823030a000001005001bb06000000
c0a81b070a000001005001bb06000000
00000000000000000000000000000000
00000000000000000000000000000000
00000000000000000000000000000000
c0a81f260a000001005001bb06000000
c0a820700a000001005001bb06000000
c0a818740a000001005001bb06000000
c0a807320a000001005001bb06000000
c0a823c90a000001005001bb06000000
c0a80bd50a000001005001bb06000000
c0a80f2e0a000001005001bb06000000
c0a8066b0a000001005001bb06000000
c0a800810a000001005001bb06000000
c0a8087d0a000001005001bb06000000
c0a810790a000001005001bb06000000
c0a818b70a000001005001bb06000000
c0a81e5f0a000001005001bb06000000
c0a816630a000001005001bb06000000
c0a80e670a000001005001bb06000000
00000000000000000000000000000000
c0a8223e0a000001005001bb06000000
c0a81a420a000001005001bb06000000
c0a812460a000001005001bb06000000
c0a80a4a0a000001005001bb06000000
c0a8024e0a000001005001bb06000000
c0a8049e0a000001005001bb06000000
c0a80c9a0a000001005001bb06000000
00000000000000000000000000000000
c0a821fc0a000001005001bb06000000
c0a81a000a000001005001bb06000000
c0a812040a000001005001bb06000000
c0a80a080a000001005001bb06000000
c0a8020c0a000001005001bb06000000
c0a80cdc0a000001005001bb06000000
c0a814d80a000001005001bb06000000
c0a806290a000001005001bb06000000
c0a800c30a000001005001bb06000000
c0a808bf0a000001005001bb06000000
c0a810bb0a000001005001bb06000000
c0a80f720a000001005001bb06000000
c0a807760a000001005001bb06000000
c0a816210a000001005001bb06000000
c0a80e250a000001005001bb06000000
c0a8197c0a000001005001bb06000000
c0a821780a000001005001bb06000000
c0a809840a000001005001bb06000000
c0a811800a000001005001bb06000000
c0a80d600a000001005001bb06000000
c0a801880a000001005001bb06000000
c0a81d580a000001005001bb06000000
c0a8155c0a000001005001bb06000000
c0a809430a000001005001bb06000000
c0a801470a000001005001bb06000000
c0a8193b0a000001005001bb06000000
c0a8113f0a000001005001bb06000000
c0a8159d0a000001005001bb06000000
c0a81d990a000001005001bb06000000
c0a805a50a000001005001bb06000000
c0a80da10a000001005001bb06000000
c0a809010a000001005001bb06000000
c0a801050a000001005001bb06000000
c0a818f90a000001005001bb06000000
c0a810fd0a000001005001bb06000000
c0a815df0a000001005001bb06000000
c0a81ddb0a000001005001bb06000000
c0a805e70a000001005001bb06000000
c0a80de30a000001005001bb06000000
c0a819be0a000001005001bb06000000
c0a821ba0a000001005001bb06000000
c0a809c60a000001005001bb06000000
c0a811c20a000001005001bb06000000
c0a805220a000001005001bb06000000
c0a801ca0a000001005001bb06000000
c0a8151a0a000001005001bb06000000
c0a80d1e0a000001005001bb06000000
c0a81a840a000001005001bb06000000
c0a822800a000001005001bb06000000
00000000000000000000000000000000
00000000000000000000000000000000
c0a80c580a000001005001bb06000000
c0a802900a000001005001bb06000000
c0a80a8c0a000001005001bb06000000
c0a812880a000001005001bb06000000
c0a8083b0a000001005001bb06000000
c0a8003f0a000001005001bb06000000
c0a806ad0a000001005001bb06000000
c0a80ea90a000001005001bb06000000
c0a816a50a000001005001bb06000000
c0a81ea10a000001005001bb06000000
c0a8269d0a000001005001bb06000000
00000000000000000000000000000000
c0a807f90a000001005001bb06000000
c0a81c0e0a000001005001bb06000000
c0a806ef0a000001005001bb06000000
c0a80c160a000001005001bb06000000
c0a816e70a000001005001bb06000000
c0a81ee30a000001005001bb06000000
c0a818330a000001005001bb06000000
c0a810370a000001005001bb06000000
c0a81ac60a000001005001bb06000000
c0a822c20a000001005001bb06000000
00000000000000000000000000000000
00000000000000000000000000000000
c0a8041a0a000001005001bb06000000
c0a802d20a000001005001bb06000000
c0a80ace0a000001005001bb06000000
c0a812ca0a000001005001bb06000000
c0a807730a000001005001bb06000000
c0a81b8a0a000001005001bb06000000
c0a803960a000001005001bb06000000
c0a80b920a000001005001bb06000000
c0a817af0a000001005001bb06000000
c0a81f670a000001005001bb06000000
c0a807b70a000001005001bb06000000
c0a80fb30a000001005001bb06000000
00000000000000000000000000000000
c0a823460a000001005001bb06000000
00000000000000000000000000000000
00000000000000000000000000000000
c0a80b520a000001005001bb06000000
c0a803560a000001005001bb06000000
c0a80ff50a000001005001bb06000000
c0a8134e0a000001005001bb06000000
00000000000000000000000000000000
c0a823040a000001005001bb06000000
00000000000000000000000000000000
00000000000000000000000000000000
c0a80b100a000001005001bb06000000
c0a803140a000001005001bb06000000
c0a81b080a000001005001bb06000000
c0a8130c0a000001005001bb06000000
c0a807310a000001005001bb06000000
c0a823c80a000001005001bb06000000
c0a80bd40a000001005001bb06000000
c0a80f2d0a000001005001bb06000000
00000000000000000000000000000000
c0a81f250a000001005001bb06000000
c0a820710a000001005001bb06000000
c0a818750a000001005001bb06000000
c0a8024b0a000001005001bb06000000
c0a804a10a000001005001bb06000000
c0a80c9d0a000001005001bb06000000
c0a814990a000001005001bb06000000
c0a8223b0a000001005001bb06000000
c0a81a3f0a000001005001bb06000000
c0a812430a000001005001bb06000000
c0a80a470a000001005001bb06000000
c0a818b40a000001005001bb06000000
c0a81e5e0a000001005001bb06000000
c0a816620a000001005001bb06000000
c0a80e660a000001005001bb06000000
c0a8066a0a000001005001bb06000000
c0a800820a000001005001bb06000000
c0a8087e0a000001005001bb06000000
c0a8107a0a000001005001bb06000000
c0a80f730a000001005001bb06000000
c0a807770a000001005001bb06000000
c0a81e200a000001005001bb06000000
c0a816240a000001005001bb06000000
c0a80e280a000001005001bb06000000
c0a800c00a000001005001bb06000000
c0a808bc0a000001005001bb06000000
c0a810b80a000001005001bb06000000
c0a80a090a000001005001bb06000000
c0a8020d0a000001005001bb06000000
c0a804df0a000001005001bb06000000
c0a80cdb0a000001005001bb06000000
00000000000000000000000000000000
c0a821fd0a000001005001bb06000000
c0a81a010a000001005001bb06000000
c0a812050a000001005001bb06000000
c0a81d9c0a000001005001bb06000000
c0a825980a000001005001bb06000000
c0a80da40a000001005001bb06000000
c0a815a00a000001005001bb06000000
c0a809400a000001005001bb06000000
c0a801440a000001005001bb06000000
c0a819380a000001005001bb06000000
c0a8113c0a000001005001bb06000000
c0a805630a000001005001bb06000000
c0a801890a000001005001bb06000000
c0a8155b0a000001005001bb06000000
c0a80d5f0a000001005001bb06000000
c0a8197d0a000001005001bb06000000
c0a821790a000001005001bb06000000
c0a809850a000001005001bb06000000
c0a811810a000001005001bb06000000
c0a80d210a000001005001bb06000000
c0a805250a000001005001bb06000000
c0a81d190a000001005001bb06000000
c0a8151d0a000001005001bb06000000
c0a811bf0a000001005001bb06000000
c0a819bb0a000001005001bb06000000
c0a801c70a000001005001bb06000000
c0a809c30a000001005001bb06000000
c0a815de0a000001005001bb06000000
c0a81dda0a000001005001bb06000000
c0a805e60a000001005001bb06000000
c0a80de20a000001005001bb06000000
c0a809020a000001005001bb06000000
c0a801060a000001005001bb06000000
c0a818fa0a000001005001bb06000000
c0a810fe0a000001005001bb06000000
c0a81ea40a000001005001bb06000000
c0a826a00a000001005001bb06000000
00000000000000000000000000000000
00000000000000000000000000000000
c0a808380a000001005001bb06000000
c0a8003c0a000001005001bb06000000
c0a80eac0a000001005001bb06000000
c0a80c570a000001005001bb06000000
c0a8045b0a000001005001bb06000000
c0a802910a000001005001bb06000000
c0a80a8d0a000001005001bb06000000
c0a812890a000001005001bb06000000
c0a81a850a000001005001bb06000000
c0a822810a000001005001bb06000000
00000000000000000000000000000000
00000000000000000000000000000000
c0a80c190a000001005001bb06000000
c0a8041d0a000001005001bb06000000
c0a802cf0a000001005001bb06000000
c0a80acb0a000001005001bb06000000
c0a812c70a000001005001bb06000000
c0a81ac30a000001005001bb06000000
c0a822bf0a000001005001bb06000000
00000000000000000000000000000000
c0a816e60a000001005001bb06000000
c0a81ee20a000001005001bb06000000
c0a818300a000001005001bb06000000
c0a810340a000001005001bb06000000
c0a807fa0a000001005001bb06000000
c0a8240d0a000001005001bb06000000
c0a806ee0a000001005001bb06000000
c0a80eea0a000001005001bb06000000
c0a803530a000001005001bb06000000
c0a803990a000001005001bb06000000
c0a80ff60a000001005001bb06000000
c0a80b4f0a000001005001bb06000000
c0a823430a000001005001bb06000000
c0a81b470a000001005001bb06000000
00000000000000000000000000000000
00000000000000000000000000000000
c0a817ac0a000001005001bb06000000
c0a81f660a000001005001bb06000000
c0a807b40a000001005001bb06000000
c0a80fb00a000001005001bb06000000
c0a807720a000001005001bb06000000
c0a823890a000001005001bb06000000
c0a80b950a000001005001bb06000000
c0a80f6e0a000001005001bb06000000
00000000000000000000000000000000
00000000000000000000000000000000
c0a820720a000001005001bb06000000
c0a818760a000001005001bb06000000
c0a80f300a000001005001bb06000000
c0a807340a000001005001bb06000000
c0a803d70a000001005001bb06000000
c0a80bd30a000001005001bb06000000
c0a80b110a000001005001bb06000000
c0a803150a000001005001bb06000000
c0a81b090a000001005001bb06000000
c0a8130d0a000001005001bb06000000
00000000000000000000000000000000
c0a823050a000001005001bb06000000
00000000000000000000000000000000
00000000000000000000000000000000
00000000000000000000000000000000
c0a8223c0a000001005001bb06000000
c0a81a400a000001005001bb06000000
c0a812440a000001005001bb06000000
c0a80a480a000001005001bb06000000
c0a8024c0a000001005001bb06000000
c0a80c9c0a000001005001bb06000000
c0a814980a000001005001bb06000000
c0a806690a000001005001bb06000000
c0a800830a000001005001bb06000000
c0a8087f0a000001005001bb06000000
c0a8107b0a000001005001bb06000000
c0a818b50a000001005001bb06000000
c0a81e5d0a000001005001bb06000000
c0a816610a000001005001bb06000000
c0a80e650a000001005001bb06000000
c0a8062b0a000001005001bb06000000
c0a800c10a000001005001bb06000000
c0a808bd0a000001005001bb06000000
c0a810b90a000001005001bb06000000
c0a817700a000001005001bb06000000
c0a80f740a000001005001bb06000000
c0a816230a000001005001bb06000000
c0a80e270a000001005001bb06000000
00000000000000000000000000000000
c0a821fe0a000001005001bb06000000
c0a81a020a000001005001bb06000000
c0a812060a000001005001bb06000000
c0a80a0a0a000001005001bb06000000
c0a8020e0a000001005001bb06000000
c0a804de0a000001005001bb06000000
c0a80cda0a000001005001bb06000000
c0a809410a000001005001bb06000000
c0a801450a000001005001bb06000000
c0a819390a000001005001bb06000000
c0a8113d0a000001005001bb06000000
c0a8159f0a000001005001bb06000000
c0a81d9b0a000001005001bb06000000
c0a805a70a000001005001bb06000000
c0a80da30a000001005001bb06000000
c0a8197e0a000001005001bb06000000
c0a8217a0a000001005001bb06000000
c0a809860a000001005001bb06000000
c0a811820a000001005001bb06000000
c0a805620a000001005001bb06000000
c0a8018a0a000001005001bb06000000
c0a8155a0a000001005001bb06000000
c0a80d5e0a000001005001bb06000000
c0a819bc0a000001005001bb06000000
c0a821b80a000001005001bb06000000
c0a809c40a000001005001bb06000000
c0a811c00a000001005001bb06000000
c0a80d200a000001005001bb06000000
c0a801c80a000001005001bb06000000
c0a81d180a000001005001bb06000000
c0a8151c0a000001005001bb06000000
c0a809030a000001005001bb06000000
c0a801070a000001005001bb06000000
c0a818fb0a000001005001bb06000000
c0a810ff0a000001005001bb06000000
c0a815dd0a000001005001bb06000000
c0a81dd90a000001005001bb06000000
c0a805e50a000001005001bb06000000
c0a80de10a000001005001bb06000000
c0a808390a000001005001bb06000000
c0a8003d0a000001005001bb06000000
c0a806af0a000001005001bb06000000
c0a80c560a000001005001bb06000000
c0a816a70a000001005001bb06000000
c0a81ea30a000001005001bb06000000
c0a8269f0a000001005001bb06000000
00000000000000000000000000000000
c0a81a860a000001005001bb06000000
c0a822820a000001005001bb06000000
00000000000000000000000000000000
00000000000000000000000000000000
c0a8045a0a000001005001bb06000000
c0a802920a000001005001bb06000000
c0a80a8e0a000001005001bb06000000
c0a8128a0a000001005001bb06000000
c0a81ac40a000001005001bb06000000
c0a822c00a000001005001bb06000000
00000000000000000000000000000000
00000000000000000000000000000000
c0a80c180a000001005001bb06000000
c0a802d00a000001005001bb06000000
c0a80acc0a000001005001bb06000000
c0a812c80a000001005001bb06000000
c0a807fb0a000001005001bb06000000
c0a8240c0a000001005001bb06000000
c0a806ed0a000001005001bb06000000
c0a80ee90a000001005001bb06000000
c0a816e50a000001005001bb06000000
c0a81ee10a000001005001bb06000000
c0a818310a000001005001bb06000000
c0a810350a000001005001bb06000000
00000000000000000000000000000000
c0a823440a000001005001bb06000000
00000000000000000000000000000000
00000000000000000000000000000000
c0a80b500a000001005001bb06000000
c0a803540a000001005001bb06000000
c0a80ff70a000001005001bb06000000
c0a8134c0a000001005001bb06000000
c0a807710a000001005001bb06000000
c0a823880a000001005001bb06000000
c0a80b940a000001005001bb06000000
c0a80f6d0a000001005001bb06000000
c0a817ad0a000001005001bb06000000
c0a81f650a000001005001bb06000000
c0a807b50a000001005001bb06000000
c0a80fb10a000001005001bb06000000
c0a807330a000001005001bb06000000
c0a81bca0a000001005001bb06000000
c0a803d60a000001005001bb06000000
c0a80bd20a000001005001bb06000000
00000000000000000000000000000000
c0a81f270a000001005001bb06000000
c0a820730a000001005001bb06000000
c0a818770a000001005001bb06000000
00000000000000000000000000000000
c0a823060a000001005001bb06000000
00000000000000000000000000000000
00000000000000000000000000000000
c0a80b120a000001005001bb06000000
c0a803160a000001005001bb06000000
c0a81b0a0a000001005001bb06000000
c0a8130e0a000001005001bb06000000
c0a811320a000001005001bb06000000
c0a809360a000001005001bb06000000
c0a8212a0a000001005001bb06000000
c0a8192e0a000001005001bb06000000
c0a80d130a000001005001bb06000000
c0a805170a000001005001bb06000000
c0a800f80a000001005001bb06000000
c0a80df00a000001005001bb06000000
c0a811cd0a000001005001bb06000000
c0a819c90a000001005001bb06000000
c0a801d50a000001005001bb06000000
c0a809d10a000001005001bb06000000
00000000000000000000000000000000
00000000000000000000000000000000
c0a821c50a000001005001bb06000000
00000000000000000000000000000000
c0a8098f0a000001005001bb06000000
c0a8118b0a000001005001bb06000000
c0a805590a000001005001bb06000000
c0a801930a000001005001bb06000000
00000000000000000000000000000000
00000000000000000000000000000000
c0a819870a000001005001bb06000000
c0a821830a000001005001bb06000000
00000000000000000000000000000000
00000000000000000000000000000000
c0a81da60a000001005001bb06000000
c0a825a20a000001005001bb06000000
c0a80dae0a000001005001bb06000000
c0a80d550a000001005001bb06000000
c0a8013a0a000001005001bb06000000
c0a805b20a000001005001bb06000000
c0a80a0b0a000001005001bb06000000
c0a8020f0a000001005001bb06000000
c0a804dd0a000001005001bb06000000
c0a80cd90a000001005001bb06000000
00000000000000000000000000000000
c0a821ff0a000001005001bb06000000
c0a81a030a000001005001bb06000000
c0a812070a000001005001bb06000000
00000000000000000000000000000000
c0a81f750a000001005001bb06000000
c0a81e220a000001005001bb06000000
c0a816260a000001005001bb06000000
c0a80e2a0a000001005001bb06000000
c0a8062e0a000001005001bb06000000
c0a800be0a000001005001bb06000000
c0a808ba0a000001005001bb06000000
c0a810b60a000001005001bb06000000
c0a818b20a000001005001bb06000000
c0a820ae0a000001005001bb06000000
c0a81e640a000001005001bb06000000
c0a80c970a000001005001bb06000000
c0a80e6c0a000001005001bb06000000
c0a8007c0a000001005001bb06000000
c0a808780a000001005001bb06000000
c0a808f40a000001005001bb06000000
c0a80a4d0a000001005001bb06000000
c0a802510a000001005001bb06000000
c0a8049b0a000001005001bb06000000
00000000000000000000000000000000
00000000000000000000000000000000
c0a822410a000001005001bb06000000
c0a81a450a000001005001bb06000000
c0a813dd0a000001005001bb06000000
c0a81bd90a000001005001bb06000000
c0a803e50a000001005001bb06000000
c0a80be10a000001005001bb06000000
c0a80b030a000001005001bb06000000
c0a803070a000001005001bb06000000
c0a81afb0a000001005001bb06000000
c0a812ff0a000001005001bb06000000
c0a80f220a000001005001bb06000000
c0a807260a000001005001bb06000000
c0a818700a000001005001bb06000000
c0a810740a000001005001bb06000000
c0a80fbe0a000001005001bb06000000
c0a817ba0a000001005001bb06000000
c0a823d50a000001005001bb06000000
c0a807c20a000001005001bb06000000
c0a817600a000001005001bb06000000
c0a80f640a000001005001bb06000000
c0a81fb60a000001005001bb06000000
c0a81f5c0a000001005001bb06000000
c0a80f7c0a000001005001bb06000000
c0a817780a000001005001bb06000000
c0a807680a000001005001bb06000000
c0a807800a000001005001bb06000000
c0a80b9f0a000001005001bb06000000
c0a8139b0a000001005001bb06000000
c0a803490a000001005001bb06000000
c0a803a30a000001005001bb06000000
c0a813410a000001005001bb06000000
c0a80b450a000001005001bb06000000
c0a823390a000001005001bb06000000
c0a81b3d0a000001005001bb06000000
c0a816e40a000001005001bb06000000
c0a81ee00a000001005001bb06000000
c0a820320a000001005001bb06000000
c0a818360a000001005001bb06000000
c0a80ff80a000001005001bb06000000
c0a807fc0a000001005001bb06000000
c0a800000a000001005001bb06000000
c0a80ee80a000001005001bb06000000
c0a80c1b0a000001005001bb06000000
c0a8041f0a000001005001bb06000000
c0a802cd0a000001005001bb06000000
c0a80ac90a000001005001bb06000000
c0a812c50a000001005001bb06000000
c0a81ac10a000001005001bb06000000
c0a822bd0a000001005001bb06000000
00000000000000000000000000000000
c0a814590a000001005001bb06000000
c0a80c5d0a000001005001bb06000000
c0a804610a000001005001bb06000000
c0a8028b0a000001005001bb06000000
c0a80a870a000001005001bb06000000
c0a812830a000001005001bb06000000
c0a81a7f0a000001005001bb06000000
c0a8227b0a000001005001bb06000000
c0a80ea60a000001005001bb06000000
c0a816a20a000001005001bb06000000
c0a81e9e0a000001005001bb06000000
c0a8269a0a000001005001bb06000000
c0a8103a0a000001005001bb06000000
c0a8083e0a000001005001bb06000000
c0a800420a000001005001bb06000000
c0a806aa0a000001005001bb06000000
c0a80d120a000001005001bb06000000
c0a805160a000001005001bb06000000
c0a800f90a000001005001bb06000000
c0a805f30a000001005001bb06000000
c0a811330a000001005001bb06000000
c0a809370a000001005001bb06000000
c0a81de70a000001005001bb06000000
c0a8192f0a000001005001bb06000000
00000000000000000000000000000000
00000000000000000000000000000000
c0a821c60a000001005001bb06000000
00000000000000000000000000000000
c0a811ce0a000001005001bb06000000
c0a819ca0a000001005001bb06000000
c0a801d60a000001005001bb06000000
c0a809d20a000001005001bb06000000
00000000000000000000000000000000
00000000000000000000000000000000
c0a821840a000001005001bb06000000
00000000000000000000000000000000
c0a8118c0a000001005001bb06000000
c0a819880a000001005001bb06000000
c0a801940a000001005001bb06000000
c0a809900a000001005001bb06000000
c0a80dad0a000001005001bb06000000
c0a80d540a000001005001bb06000000
c0a8013b0a000001005001bb06000000
c0a805b10a000001005001bb06000000
00000000000000000000000000000000
00000000000000000000000000000000
c0a81da50a000001005001bb06000000
c0a825a10a000001005001bb06000000
00000000000000000000000000000000
00000000000000000000000000000000
c0a822000a000001005001bb06000000
c0a81a040a000001005001bb06000000
c0a812080a000001005001bb06000000
c0a80a0c0a000001005001bb06000000
c0a802100a000001005001bb06000000
c0a80cd80a000001005001bb06000000
c0a80e290a000001005001bb06000000
c0a8062d0a000001005001bb06000000
c0a800bf0a000001005001bb06000000
c0a808bb0a000001005001bb06000000
00000000000000000000000000000000
c0a81f760a000001005001bb06000000
c0a81e210a000001005001bb06000000
c0a816250a000001005001bb06000000
c0a80c960a000001005001bb06000000
c0a8066f0a000001005001bb06000000
c0a8007d0a000001005001bb06000000
c0a808790a000001005001bb06000000
c0a810b70a000001005001bb06000000
c0a818b30a000001005001bb06000000
c0a81e630a000001005001bb06000000
c0a816670a000001005001bb06000000
00000000000000000000000000000000
00000000000000000000000000000000
c0a822420a000001005001bb06000000
c0a81a460a000001005001bb06000000
c0a808f50a000001005001bb06000000
c0a80a4e0a000001005001bb06000000
c0a802520a000001005001bb06000000
c0a8049a0a000001005001bb06000000
c0a813000a000001005001bb06000000
c0a80b040a000001005001bb06000000
c0a822f80a000001005001bb06000000
c0a81afc0a000001005001bb06000000
c0a813dc0a000001005001bb06000000
c0a81bd80a000001005001bb06000000
c0a803080a000001005001bb06000000
c0a80be00a000001005001bb06000000
c0a80fbf0a000001005001bb06000000
c0a817bb0a000001005001bb06000000
c0a823d40a000001005001bb06000000
c0a807c30a000001005001bb06000000
c0a80f210a000001005001bb06000000
c0a807250a000001005001bb06000000
c0a818710a000001005001bb06000000
c0a810750a000001005001bb06000000
c0a80f7d0a000001005001bb06000000
c0a817790a000001005001bb06000000
c0a81b960a000001005001bb06000000
c0a807810a000001005001bb06000000
c0a80f630a000001005001bb06000000
c0a807670a000001005001bb06000000
c0a81f5b0a000001005001bb06000000
c0a8175f0a000001005001bb06000000
c0a813420a000001005001bb06000000
c0a80b460a000001005001bb06000000
c0a8233a0a000001005001bb06000000
c0a81b3e0a000001005001bb06000000
c0a80b9e0a000001005001bb06000000
c0a8139a0a000001005001bb06000000
c0a8034a0a000001005001bb06000000
c0a803a20a000001005001bb06000000
c0a80ff90a000001005001bb06000000
c0a807fd0a000001005001bb06000000
c0a800010a000001005001bb06000000
c0a806eb0a000001005001bb06000000
c0a80ee70a000001005001bb06000000
c0a816e30a000001005001bb06000000
c0a81edf0a000001005001bb06000000
c0a818370a000001005001bb06000000
c0a812c60a000001005001bb06000000
c0a81ac20a000001005001bb06000000
c0a822be0a000001005001bb06000000
00000000000000000000000000000000
c0a80c1a0a000001005001bb06000000
c0a8041e0a000001005001bb06000000
c0a802ce0a000001005001bb06000000
c0a80aca0a000001005001bb06000000
c0a812840a000001005001bb06000000
c0a81a800a000001005001bb06000000
c0a8227c0a000001005001bb06000000
00000000000000000000000000000000
c0a814580a000001005001bb06000000
c0a80c5c0a000001005001bb06000000
c0a8028c0a000001005001bb06000000
c0a80a880a000001005001bb06000000
c0a8103b0a000001005001bb06000000
c0a8083f0a000001005001bb06000000
c0a800430a000001005001bb06000000
c0a806a90a000001005001bb06000000
c0a80ea50a000001005001bb06000000
c0a816a10a000001005001bb06000000
c0a81e9d0a000001005001bb06000000
c0a826990a000001005001bb06000000
c0a809cf0a000001005001bb06000000
c0a811cb0a000001005001bb06000000
c0a805190a000001005001bb06000000
c0a801d30a000001005001bb06000000
00000000000000000000000000000000
00000000000000000000000000000000
c0a819c70a000001005001bb06000000
c0a821c30a000001005001bb06000000
c0a811300a000001005001bb06000000
c0a809340a000001005001bb06000000
c0a81de60a000001005001bb06000000
c0a8192c0a000001005001bb06000000
c0a80dee0a000001005001bb06000000
c0a80d150a000001005001bb06000000
c0a800fa0a000001005001bb06000000
c0a805f20a000001005001bb06000000
00000000000000000000000000000000
c0a825470a000001005001bb06000000
c0a825a40a000001005001bb06000000
00000000000000000000000000000000
c0a80d530a000001005001bb06000000
c0a805570a000001005001bb06000000
c0a801380a000001005001bb06000000
c0a80db00a000001005001bb06000000
c0a8118d0a000001005001bb06000000
c0a819890a000001005001bb06000000
c0a801950a000001005001bb06000000
c0a809910a000001005001bb06000000
00000000000000000000000000000000
00000000000000000000000000000000
c0a821850a000001005001bb06000000
00000000000000000000000000000000
00000000000000000000000000000000
c0a81f770a000001005001bb06000000
c0a826200a000001005001bb06000000
c0a81e240a000001005001bb06000000
c0a80cd70a000001005001bb06000000
c0a80e2c0a000001005001bb06000000
c0a800bc0a000001005001bb06000000
c0a808b80a000001005001bb06000000
c0a812090a000001005001bb06000000
c0a80a0d0a000001005001bb06000000
c0a802110a000001005001bb06000000
c0a804db0a000001005001bb06000000
00000000000000000000000000000000
00000000000000000000000000000000
c0a822010a000001005001bb06000000
c0a81a050a000001005001bb06000000
c0a808f60a000001005001bb06000000
c0a8024f0a000001005001bb06000000
c0a8049d0a000001005001bb06000000
c0a80c990a000001005001bb06000000
00000000000000000000000000000000
c0a8223f0a000001005001bb06000000
c0a81a430a000001005001bb06000000
c0a812470a000001005001bb06000000
c0a810b40a000001005001bb06000000
c0a818b00a000001005001bb06000000
c0a81e620a000001005001bb06000000
c0a816660a000001005001bb06000000
c0a80e6a0a000001005001bb06000000
c0a8066e0a000001005001bb06000000
c0a8007e0a000001005001bb06000000
c0a8087a0a000001005001bb06000000
c0a817200a000001005001bb06000000
c0a80f240a000001005001bb06000000
c0a818720a000001005001bb06000000
c0a810760a000001005001bb06000000
c0a80fbc0a000001005001bb06000000
c0a817b80a000001005001bb06000000
c0a807280a000001005001bb06000000
c0a807c00a000001005001bb06000000
c0a80bdf0a000001005001bb06000000
c0a813db0a000001005001bb06000000
c0a803090a000001005001bb06000000
c0a803e30a000001005001bb06000000
c0a813010a000001005001bb06000000
c0a80b050a000001005001bb06000000
c0a822f90a000001005001bb06000000
c0a81afd0a000001005001bb06000000
c0a8139d0a000001005001bb06000000
c0a81b990a000001005001bb06000000
c0a803a50a000001005001bb06000000
c0a80ba10a000001005001bb06000000
c0a80b430a000001005001bb06000000
c0a803470a000001005001bb06000000
c0a81b3b0a000001005001bb06000000
c0a8133f0a000001005001bb06000000
c0a80f620a000001005001bb06000000
c0a807660a000001005001bb06000000
c0a81f5a0a000001005001bb06000000
c0a8175e0a000001005001bb06000000
c0a80f7e0a000001005001bb06000000
c0a8177a0a000001005001bb06000000
c0a823950a000001005001bb06000000
c0a807820a000001005001bb06000000
c0a814190a000001005001bb06000000
c0a80c1d0a000001005001bb06000000
c0a804210a000001005001bb06000000
c0a802cb0a000001005001bb06000000
c0a80ac70a000001005001bb06000000
c0a812c30a000001005001bb06000000
c0a81abf0a000001005001bb06000000
c0a822bb0a000001005001bb06000000
c0a80ee60a000001005001bb06000000
c0a816e20a000001005001bb06000000
c0a81ede0a000001005001bb06000000
c0a818340a000001005001bb06000000
c0a80ffa0a000001005001bb06000000
c0a807fe0a000001005001bb06000000
c0a800020a000001005001bb06000000
c0a806ea0a000001005001bb06000000
c0a816a40a000001005001bb06000000
c0a81ea00a000001005001bb06000000
c0a8269c0a000001005001bb06000000
00000000000000000000000000000000
c0a810380a000001005001bb06000000
c0a8083c0a000001005001bb06000000
c0a800400a000001005001bb06000000
c0a80ea80a000001005001bb06000000
c0a80c5b0a000001005001bb06000000
c0a8045f0a000001005001bb06000000
c0a8028d0a000001005001bb06000000
c0a80a890a000001005001bb06000000
c0a812850a000001005001bb06000000
c0a81a810a000001005001bb06000000
c0a8227d0a000001005001bb06000000
00000000000000000000000000000000
00000000000000000000000000000000
00000000000000000000000000000000
c0a821c40a000001005001bb06000000
00000000000000000000000000000000
c0a811cc0a000001005001bb06000000
c0a819c80a000001005001bb06000000
c0a801d40a000001005001bb06000000
c0a809d00a000001005001bb06000000
c0a80ded0a000001005001bb06000000
c0a80d140a000001005001bb06000000
c0a800fb0a000001005001bb06000000
c0a805f10a000001005001bb06000000
c0a811310a000001005001bb06000000
c0a809350a000001005001bb06000000
c0a81de50a000001005001bb06000000
c0a8192d0a000001005001bb06000000
c0a80d520a000001005001bb06000000
c0a805560a000001005001bb06000000
c0a801390a000001005001bb06000000
c0a805b30a000001005001bb06000000
00000000000000000000000000000000
c0a825460a000001005001bb06000000
c0a81da70a000001005001bb06000000
c0a825a30a000001005001bb06000000
00000000000000000000000000000000
00000000000000000000000000000000
c0a821860a000001005001bb06000000
00000000000000000000000000000000
c0a8118e0a000001005001bb06000000
c0a8198a0a000001005001bb06000000
c0a801960a000001005001bb06000000
c0a809920a000001005001bb06000000
c0a80cd60a000001005001bb06000000
c0a8062f0a000001005001bb06000000
c0a800bd0a000001005001bb06000000
c0a808b90a000001005001bb06000000
00000000000000000000000000000000
c0a8261f0a000001005001bb06000000
c0a81e230a000001005001bb06000000
c0a816270a000001005001bb06000000
00000000000000000000000000000000
00000000000000000000000000000000
c0a822020a000001005001bb06000000
c0a81a060a000001005001bb06000000
c0a8120a0a000001005001bb06000000
c0a80a0e0a000001005001bb06000000
c0a802120a000001005001bb06000000
c0a804da0a000001005001bb06000000
00000000000000000000000000000000
00000000000000000000000000000000
c0a822400a000001005001bb06000000
c0a81a440a000001005001bb06000000
c0a808f70a000001005001bb06000000
c0a80a4c0a000001005001bb06000000
c0a802500a000001005001bb06000000
c0a80c980a000001005001bb06000000
c0a80e690a000001005001bb06000000
c0a8066d0a000001005001bb06000000
c0a8007f0a000001005001bb06000000
c0a8087b0a000001005001bb06000000
c0a810b50a000001005001bb06000000
c0a818b10a000001005001bb06000000
c0a81e610a000001005001bb06000000
c0a816650a000001005001bb06000000
c0a80fbd0a000001005001bb06000000
c0a817b90a000001005001bb06000000
c0a81bd60a000001005001bb06000000
c0a807c10a000001005001bb06000000
c0a80f230a000001005001bb06000000
c0a807270a000001005001bb06000000
c0a818730a000001005001bb06000000
c0a810770a000001005001bb06000000
c0a813020a000001005001bb06000000
c0a80b060a000001005001bb06000000
c0a822fa0a000001005001bb06000000
c0a81afe0a000001005001bb06000000
c0a80bde0a000001005001bb06000000
c0a813da0a000001005001bb06000000
c0a8030a0a000001005001bb06000000
c0a803e20a000001005001bb06000000
c0a813400a000001005001bb06000000
c0a80b440a000001005001bb06000000
c0a823380a000001005001bb06000000
c0a81b3c0a000001005001bb06000000
c0a8139c0a000001005001bb06000000
c0a81b980a000001005001bb06000000
c0a803480a000001005001bb06000000
c0a80ba00a000001005001bb06000000
c0a80f7f0a000001005001bb06000000
c0a8177b0a000001005001bb06000000
c0a823940a000001005001bb06000000
c0a807830a000001005001bb06000000
c0a80f610a000001005001bb06000000
c0a807650a000001005001bb06000000
c0a81f590a000001005001bb06000000
c0a8175d0a000001005001bb06000000
c0a812c40a000001005001bb06000000
c0a81ac00a000001005001bb06000000
c0a822bc0a000001005001bb06000000
00000000000000000000000000000000
c0a814180a000001005001bb06000000
c0a80c1c0a000001005001bb06000000
c0a802cc0a000001005001bb06000000
c0a80ac80a000001005001bb06000000
c0a80ffb0a000001005001bb06000000
c0a807ff0a000001005001bb06000000
c0a800030a000001005001bb06000000
c0a806e90a000001005001bb06000000
c0a80ee50a000001005001bb06000000
c0a816e10a000001005001bb06000000
c0a81edd0a000001005001bb06000000
c0a818350a000001005001bb06000000
c0a810390a000001005001bb06000000
c0a8083d0a000001005001bb06000000
c0a800410a000001005001bb06000000
c0a806ab0a000001005001bb06000000
c0a80ea70a000001005001bb06000000
c0a816a30a000001005001bb06000000
c0a81e9f0a000001005001bb06000000
c0a8269b0a000001005001bb06000000
c0a812860a000001005001bb06000000
c0a81a820a000001005001bb06000000
c0a8227e0a000001005001bb06000000
00000000000000000000000000000000
c0a80c5a0a000001005001bb06000000
c0a8045e0a000001005001bb06000000
c0a8028e0a000001005001bb06000000
c0a80a8a0a000001005001bb06000000
c0a8018f0a000001005001bb06000000
c0a8098b0a000001005001bb06000000
c0a80d590a000001005001bb06000000
c0a8055d0a000001005001bb06000000
c0a8217f0a000001005001bb06000000
00000000000000000000000000000000
c0a811870a000001005001bb06000000
c0a819830a000001005001bb06000000
c0a8259e0a000001005001bb06000000
00000000000000000000000000000000
c0a815a60a000001005001bb06000000
c0a81da20a000001005001bb06000000
c0a805ae0a000001005001bb06000000
c0a80daa0a000001005001bb06000000
c0a8093a0a000001005001bb06000000
c0a8013e0a000001005001bb06000000
c0a819320a000001005001bb06000000
c0a811360a000001005001bb06000000
c0a81de40a000001005001bb06000000
c0a8212e0a000001005001bb06000000
c0a80dec0a000001005001bb06000000
c0a80d170a000001005001bb06000000
c0a808f80a000001005001bb06000000
c0a800fc0a000001005001bb06000000
c0a809cd0a000001005001bb06000000
c0a811c90a000001005001bb06000000
c0a8051b0a000001005001bb06000000
c0a801d10a000001005001bb06000000
00000000000000000000000000000000
00000000000000000000000000000000
c0a819c50a000001005001bb06000000
c0a821c10a000001005001bb06000000
c0a808b60a000001005001bb06000000
c0a810b20a000001005001bb06000000
c0a818ae0a000001005001bb06000000
c0a820aa0a000001005001bb06000000
c0a804970a000001005001bb06000000
c0a80c930a000001005001bb06000000
c0a80e700a000001005001bb06000000
c0a800780a000001005001bb06000000
c0a810f40a000001005001bb06000000
c0a8124d0a000001005001bb06000000
c0a80a510a000001005001bb06000000
c0a802550a000001005001bb06000000
00000000000000000000000000000000
00000000000000000000000000000000
00000000000000000000000000000000
c0a822450a000001005001bb06000000
c0a8120b0a000001005001bb06000000
c0a80a0f0a000001005001bb06000000
c0a802130a000001005001bb06000000
c0a804d90a000001005001bb06000000
00000000000000000000000000000000
00000000000000000000000000000000
c0a822030a000001005001bb06000000
c0a81a070a000001005001bb06000000
c0a81f710a000001005001bb06000000
c0a817750a000001005001bb06000000
c0a826220a000001005001bb06000000
c0a81e260a000001005001bb06000000
c0a80cd50a000001005001bb06000000
c0a80e2e0a000001005001bb06000000
c0a806320a000001005001bb06000000
c0a800ba0a000001005001bb06000000
c0a81f600a000001005001bb06000000
c0a817640a000001005001bb06000000
c0a817b60a000001005001bb06000000
c0a81fb20a000001005001bb06000000
c0a8077c0a000001005001bb06000000
c0a80f780a000001005001bb06000000
c0a80f680a000001005001bb06000000
c0a8076c0a000001005001bb06000000
c0a8039f0a000001005001bb06000000
c0a80b9b0a000001005001bb06000000
c0a80b490a000001005001bb06000000
c0a8034d0a000001005001bb06000000
c0a81b410a000001005001bb06000000
c0a813450a000001005001bb06000000
00000000000000000000000000000000
c0a8233d0a000001005001bb06000000
c0a80bdd0a000001005001bb06000000
c0a813d90a000001005001bb06000000
c0a8030b0a000001005001bb06000000
c0a803e10a000001005001bb06000000
c0a813030a000001005001bb06000000
c0a80b070a000001005001bb06000000
c0a822fb0a000001005001bb06000000
c0a81aff0a000001005001bb06000000
c0a817220a000001005001bb06000000
c0a80f260a000001005001bb06000000
c0a810700a000001005001bb06000000
c0a808740a000001005001bb06000000
c0a807be0a000001005001bb06000000
c0a80fba0a000001005001bb06000000
c0a8072a0a000001005001bb06000000
c0a823d10a000001005001bb06000000
c0a81c590a000001005001bb06000000
c0a8145d0a000001005001bb06000000
c0a80c610a000001005001bb06000000
c0a804650a000001005001bb06000000
c0a802870a000001005001bb06000000
c0a80a830a000001005001bb06000000
c0a8127f0a000001005001bb06000000
c0a81a7b0a000001005001bb06000000
c0a806a60a000001005001bb06000000
c0a80ea20a000001005001bb06000000
c0a8169e0a000001005001bb06000000
c0a81e9a0a000001005001bb06000000
c0a8183a0a000001005001bb06000000
c0a8103e0a000001005001bb06000000
c0a808420a000001005001bb06000000
c0a800460a000001005001bb06000000
c0a80ee40a000001005001bb06000000
c0a816e00a000001005001bb06000000
c0a81edc0a000001005001bb06000000
c0a820360a000001005001bb06000000
c0a817f80a000001005001bb06000000
c0a80ffc0a000001005001bb06000000
c0a808000a000001005001bb06000000
c0a800040a000001005001bb06000000
c0a8141b0a000001005001bb06000000
c0a80c1f0a000001005001bb06000000
c0a804230a000001005001bb06000000
c0a802c90a000001005001bb06000000
c0a80ac50a000001005001bb06000000
c0a812c10a000001005001bb06000000
c0a81abd0a000001005001bb06000000
c0a822b90a000001005001bb06000000
00000000000000000000000000000000
00000000000000000000000000000000
c0a819840a000001005001bb06000000
c0a821800a000001005001bb06000000
c0a8098c0a000001005001bb06000000
c0a811880a000001005001bb06000000
c0a80d580a000001005001bb06000000
c0a801900a000001005001bb06000000
c0a805ad0a000001005001bb06000000
c0a80da90a000001005001bb06000000
c0a8093b0a000001005001bb06000000
c0a8013f0a000001005001bb06000000
c0a8259d0a000001005001bb06000000
00000000000000000000000000000000
c0a815a50a000001005001bb06000000
c0a81da10a000001005001bb06000000
c0a805ef0a000001005001bb06000000
c0a80d160a000001005001bb06000000
c0a808f90a000001005001bb06000000
c0a800fd0a000001005001bb06000000
c0a819330a000001005001bb06000000
c0a811370a000001005001bb06000000
c0a815e70a000001005001bb06000000
c0a81de30a000001005001bb06000000
00000000000000000000000000000000
00000000000000000000000000000000
c0a819c60a000001005001bb06000000
c0a821c20a000001005001bb06000000
c0a809ce0a000001005001bb06000000
c0a811ca0a000001005001bb06000000
c0a8051a0a000001005001bb06000000
c0a801d20a000001005001bb06000000
c0a804960a000001005001bb06000000
c0a80c920a000001005001bb06000000
c0a806730a000001005001bb06000000
c0a800790a000001005001bb06000000
c0a808b70a000001005001bb06000000
c0a810b30a000001005001bb06000000
c0a818af0a000001005001bb06000000
c0a81e670a000001005001bb06000000
00000000000000000000000000000000
00000000000000000000000000000000
00000000000000000000000000000000
c0a822460a000001005001bb06000000
c0a810f50a000001005001bb06000000
c0a8124e0a000001005001bb06000000
c0a80a520a000001005001bb06000000
c0a802560a000001005001bb06000000
00000000000000000000000000000000
00000000000000000000000000000000
00000000000000000000000000000000
c0a822040a000001005001bb06000000
c0a81a080a000001005001bb06000000
c0a8120c0a000001005001bb06000000
c0a80a100a000001005001bb06000000
c0a802140a000001005001bb06000000
c0a80cd40a000001005001bb06000000
c0a80e2d0a000001005001bb06000000
c0a806310a000001005001bb06000000
c0a800bb0a000001005001bb06000000
c0a81f720a000001005001bb06000000
c0a817760a000001005001bb06000000
c0a826210a000001005001bb06000000
c0a81e250a000001005001bb06000000
c0a8077d0a000001005001bb06000000
c0a80f790a000001005001bb06000000
c0a8076b0a000001005001bb06000000
c0a81b920a000001005001bb06000000
c0a817630a000001005001bb06000000
c0a80f670a000001005001bb06000000
c0a817b70a000001005001bb06000000
c0a81f5f0a000001005001bb06000000
c0a81b420a000001005001bb06000000
c0a813460a000001005001bb06000000
00000000000000000000000000000000
c0a8233e0a000001005001bb06000000
c0a8039e0a000001005001bb06000000
c0a80b9a0a000001005001bb06000000
c0a80b4a0a000001005001bb06000000
c0a8034e0a000001005001bb06000000
c0a81b000a000001005001bb06000000
c0a813040a000001005001bb06000000
00000000000000000000000000000000
c0a822fc0a000001005001bb06000000
c0a80bdc0a000001005001bb06000000
c0a813d80a000001005001bb06000000
c0a80b080a000001005001bb06000000
c0a8030c0a000001005001bb06000000
c0a807bf0a000001005001bb06000000
c0a80fbb0a000001005001bb06000000
c0a807290a000001005001bb06000000
c0a823d00a000001005001bb06000000
c0a817210a000001005001bb06000000
c0a80f250a000001005001bb06000000
c0a810710a000001005001bb06000000
c0a808750a000001005001bb06000000
c0a80a840a000001005001bb06000000
c0a812800a000001005001bb06000000
c0a81a7c0a000001005001bb06000000
c0a822780a000001005001bb06000000
c0a81c580a000001005001bb06000000
c0a8145c0a000001005001bb06000000
c0a80c600a000001005001bb06000000
c0a802880a000001005001bb06000000
c0a8183b0a000001005001bb06000000
c0a8103f0a000001005001bb06000000
c0a808430a000001005001bb06000000
c0a800470a000001005001bb06000000
c0a806a50a000001005001bb06000000
c0a80ea10a000001005001bb06000000
c0a8169d0a000001005001bb06000000
c0a81e990a000001005001bb06000000
c0a817f90a000001005001bb06000000
c0a80ffd0a000001005001bb06000000
c0a808010a000001005001bb06000000
c0a800050a000001005001bb06000000
c0a806e70a000001005001bb06000000
c0a80ee30a000001005001bb06000000
c0a816df0a000001005001bb06000000
c0a81edb0a000001005001bb06000000
c0a80ac60a000001005001bb06000000
c0a812c20a000001005001bb06000000
c0a81abe0a000001005001bb06000000
c0a822ba0a000001005001bb06000000
c0a8141a0a000001005001bb06000000
c0a80c1e0a000001005001bb06000000
c0a804220a000001005001bb06000000
c0a802ca0a000001005001bb06000000
00000000000000000000000000000000
00000000000000000000000000000000
c0a81da40a000001005001bb06000000
c0a825a00a000001005001bb06000000
c0a80dac0a000001005001bb06000000
c0a80d570a000001005001bb06000000
c0a809380a000001005001bb06000000
c0a8013c0a000001005001bb06000000
c0a8098d0a000001005001bb06000000
c0a811890a000001005001bb06000000
c0a8055b0a000001005001bb06000000
c0a801910a000001005001bb06000000
00000000000000000000000000000000
00000000000000000000000000000000
c0a819850a000001005001bb06000000
c0a821810a000001005001bb06000000
c0a801cf0a000001005001bb06000000
c0a809cb0a000001005001bb06000000
c0a80d190a000001005001bb06000000
c0a8051d0a000001005001bb06000000
c0a821bf0a000001005001bb06000000
00000000000000000000000000000000
c0a811c70a000001005001bb06000000
c0a819c30a000001005001bb06000000
c0a819300a000001005001bb06000000
c0a811340a000001005001bb06000000
c0a815e60a000001005001bb06000000
c0a81de20a000001005001bb06000000
c0a805ee0a000001005001bb06000000
c0a80dea0a000001005001bb06000000
c0a808fa0a000001005001bb06000000
c0a800fe0a000001005001bb06000000
c0a810f60a000001005001bb06000000
c0a80a4f0a000001005001bb06000000
c0a802530a000001005001bb06000000
c0a804990a000001005001bb06000000
00000000000000000000000000000000
00000000000000000000000000000000
c0a822430a000001005001bb06000000
c0a81a470a000001005001bb06000000
c0a808b40a000001005001bb06000000
c0a810b00a000001005001bb06000000
c0a818ac0a000001005001bb06000000
c0a81e660a000001005001bb06000000
c0a80c950a000001005001bb06000000
c0a80e6e0a000001005001bb06000000
c0a806720a000001005001bb06000000
c0a8007a0a000001005001bb06000000
c0a81f730a000001005001bb06000000
c0a817770a000001005001bb06000000
00000000000000000000000000000000
c0a826240a000001005001bb06000000
c0a804d70a000001005001bb06000000
c0a80cd30a000001005001bb06000000
c0a80e300a000001005001bb06000000
c0a800b80a000001005001bb06000000
c0a81a090a000001005001bb06000000
c0a8120d0a000001005001bb06000000
c0a80a110a000001005001bb06000000
c0a802150a000001005001bb06000000
00000000000000000000000000000000
00000000000000000000000000000000
00000000000000000000000000000000
c0a822050a000001005001bb06000000
c0a80b9d0a000001005001bb06000000
c0a813990a000001005001bb06000000
c0a8034b0a000001005001bb06000000
c0a803a10a000001005001bb06000000
c0a813430a000001005001bb06000000
c0a80b470a000001005001bb06000000
c0a8233b0a000001005001bb06000000
c0a81b3f0a000001005001bb06000000
c0a817620a000001005001bb06000000
c0a80f660a000001005001bb06000000
c0a817b40a000001005001bb06000000
c0a81f5e0a000001005001bb06000000
c0a8077e0a000001005001bb06000000
c0a80f7a0a000001005001bb06000000
c0a8076a0a000001005001bb06000000
c0a823910a000001005001bb06000000
c0a81f200a000001005001bb06000000
c0a817240a000001005001bb06000000
c0a810720a000001005001bb06000000
c0a808760a000001005001bb06000000
c0a807bc0a000001005001bb06000000
c0a80fb80a000001005001bb06000000
c0a80f280a000001005001bb06000000
c0a8072c0a000001005001bb06000000
c0a803df0a000001005001bb06000000
c0a80bdb0a000001005001bb06000000
c0a80b090a000001005001bb06000000
c0a8030d0a000001005001bb06000000
c0a81b010a000001005001bb06000000
c0a813050a000001005001bb06000000
00000000000000000000000000000000
c0a822fd0a000001005001bb06000000
c0a80ea40a000001005001bb06000000
c0a816a00a000001005001bb06000000
c0a81e9c0a000001005001bb06000000
c0a826980a000001005001bb06000000
c0a818380a000001005001bb06000000
c0a8103c0a000001005001bb06000000
c0a808400a000001005001bb06000000
c0a800440a000001005001bb06000000
c0a8145b0a000001005001bb06000000
c0a80c5f0a000001005001bb06000000
c0a804630a000001005001bb06000000
c0a802890a000001005001bb06000000
c0a80a850a000001005001bb06000000
c0a812810a000001005001bb06000000
c0a81a7d0a000001005001bb06000000
c0a822790a000001005001bb06000000
c0a81c190a000001005001bb06000000
c0a8141d0a000001005001bb06000000
c0a80c210a000001005001bb06000000
c0a804250a000001005001bb06000000
c0a802c70a000001005001bb06000000
c0a80ac30a000001005001bb06000000
c0a812bf0a000001005001bb06000000
c0a81abb0a000001005001bb06000000
c0a806e60a000001005001bb06000000
c0a80ee20a000001005001bb06000000
c0a816de0a000001005001bb06000000
c0a81eda0a000001005001bb06000000
c0a817fa0a000001005001bb06000000
c0a80ffe0a000001005001bb06000000
c0a808020a000001005001bb06000000
c0a800060a000001005001bb06000000
c0a805af0a000001005001bb06000000
c0a80d560a000001005001bb06000000
c0a809390a000001005001bb06000000
c0a8013d0a000001005001bb06000000
c0a8259f0a000001005001bb06000000
00000000000000000000000000000000
c0a815a70a000001005001bb06000000
c0a81da30a000001005001bb06000000
00000000000000000000000000000000
00000000000000000000000000000000
c0a819860a000001005001bb06000000
c0a821820a000001005001bb06000000
c0a8098e0a000001005001bb06000000
c0a8118a0a000001005001bb06000000
c0a8055a0a000001005001bb06000000
c0a801920a000001005001bb06000000
00000000000000000000000000000000
00000000000000000000000000000000
c0a819c40a000001005001bb06000000
c0a821c00a000001005001bb06000000
c0a809cc0a000001005001bb06000000
c0a811c80a000001005001bb06000000
c0a80d180a000001005001bb06000000
c0a801d00a000001005001bb06000000
c0a805ed0a000001005001bb06000000
c0a80de90a000001005001bb06000000
c0a808fb0a000001005001bb06000000
c0a800ff0a000001005001bb06000000
c0a819310a000001005001bb06000000
c0a811350a000001005001bb06000000
c0a815e50a000001005001bb06000000
c0a81de10a000001005001bb06000000
00000000000000000000000000000000
00000000000000000000000000000000
00000000000000000000000000000000
c0a822440a000001005001bb06000000
c0a810f70a000001005001bb06000000
c0a8124c0a000001005001bb06000000
c0a80a500a000001005001bb06000000
c0a802540a000001005001bb06000000
c0a80c940a000001005001bb06000000
c0a80e6d0a000001005001bb06000000
c0a806710a000001005001bb06000000
c0a8007b0a000001005001bb06000000
c0a808b50a000001005001bb06000000
c0a810b10a000001005001bb06000000
c0a818ad0a000001005001bb06000000
c0a81e650a000001005001bb06000000
c0a804d60a000001005001bb06000000
c0a80cd20a000001005001bb06000000
c0a806330a000001005001bb06000000
c0a800b90a000001005001bb06000000
c0a824c60a000001005001bb06000000
c0a81f740a000001005001bb06000000
c0a826230a000001005001bb06000000
c0a81e270a000001005001bb06000000
00000000000000000000000000000000
00000000000000000000000000000000
00000000000000000000000000000000
c0a822060a000001005001bb06000000
c0a81a0a0a000001005001bb06000000
c0a8120e0a000001005001bb06000000
c0a80a120a000001005001bb06000000
c0a802160a000001005001bb06000000
c0a81b400a000001005001bb06000000
c0a813440a000001005001bb06000000
00000000000000000000000000000000
c0a8233c0a000001005001bb06000000
c0a80b9c0a000001005001bb06000000
c0a813980a000001005001bb06000000
c0a80b480a000001005001bb06000000
c0a8034c0a000001005001bb06000000
c0a8077f0a000001005001bb06000000
c0a80f7b0a000001005001bb06000000
c0a807690a000001005001bb06000000
c0a823900a000001005001bb06000000
c0a817610a000001005001bb06000000
c0a80f650a000001005001bb06000000
c0a817b50a000001005001bb06000000
c0a81f5d0a000001005001bb06000000
c0a807bd0a000001005001bb06000000
c0a80fb90a000001005001bb06000000
c0a8072b0a000001005001bb06000000
c0a81bd20a000001005001bb06000000
c0a817230a000001005001bb06000000
c0a80f270a000001005001bb06000000
c0a810730a000001005001bb06000000
c0a808770a000001005001bb06000000
c0a81b020a000001005001bb06000000
c0a813060a000001005001bb06000000
00000000000000000000000000000000
c0a822fe0a000001005001bb06000000
c0a803de0a000001005001bb06000000
c0a80bda0a000001005001bb06000000
c0a80b0a0a000001005001bb06000000
c0a8030e0a000001005001bb06000000
c0a818390a000001005001bb06000000
c0a8103d0a000001005001bb06000000
c0a808410a000001005001bb06000000
c0a800450a000001005001bb06000000
c0a806a70a000001005001bb06000000
c0a80ea30a000001005001bb06000000
c0a8169f0a000001005001bb06000000
c0a81e9b0a000001005001bb06000000
c0a80a860a000001005001bb06000000
c0a812820a000001005001bb06000000
c0a81a7e0a000001005001bb06000000
c0a8227a0a000001005001bb06000000
c0a8145a0a000001005001bb06000000
c0a80c5e0a000001005001bb06000000
c0a804620a000001005001bb06000000
c0a8028a0a000001005001bb06000000
c0a80ac40a000001005001bb06000000
c0a812c00a000001005001bb06000000
c0a81abc0a000001005001bb06000000
c0a822b80a000001005001bb06000000
c0a81c180a000001005001bb06000000
c0a8141c0a000001005001bb06000000
c0a80c200a000001005001bb06000000
c0a802c80a000001005001bb06000000
c0a817fb0a000001005001bb06000000
c0a80fff0a000001005001bb06000000
c0a808030a000001005001bb06000000
c0a800070a000001005001bb06000000
c0a806e50a000001005001bb06000000
c0a80ee10a000001005001bb06000000
c0a816dd0a000001005001bb06000000
c0a81ed90a000001005001bb06000000
c0a802e60a000001005001bb06000000
c0a80ae20a000001005001bb06000000
c0a812de0a000001005001bb06000000
c0a81ada0a000001005001bb06000000
c0a81bfa0a000001005001bb06000000
c0a813fe0a000001005001bb06000000
c0a80c020a000001005001bb06000000
c0a804060a000001005001bb06000000
c0a815720a000001005001bb06000000
c0a80d760a000001005001bb06000000
c0a810210a000001005001bb06000000
c0a808250a000001005001bb06000000
c0a800290a000001005001bb06000000
c0a806c30a000001005001bb06000000
c0a80ebf0a000001005001bb06000000
c0a816bb0a000001005001bb06000000
c0a81eb70a000001005001bb06000000
c0a8185f0a000001005001bb06000000
c0a810630a000001005001bb06000000
c0a808670a000001005001bb06000000
c0a8006b0a000001005001bb06000000
c0a806810a000001005001bb06000000
c0a80e7d0a000001005001bb06000000
c0a816790a000001005001bb06000000
c0a802a40a000001005001bb06000000
c0a80aa00a000001005001bb06000000
c0a8129c0a000001005001bb06000000
c0a81a980a000001005001bb06000000
c0a824380a000001005001bb06000000
c0a81c3c0a000001005001bb06000000
c0a814400a000001005001bb06000000
c0a80c440a000001005001bb06000000
c0a81f330a000001005001bb06000000
c0a817370a000001005001bb06000000
c0a80fe70a000001005001bb06000000
c0a817e30a000001005001bb06000000
c0a823100a000001005001bb06000000
c0a807eb0a000001005001bb06000000
c0a80ef90a000001005001bb06000000
c0a806fd0a000001005001bb06000000
c0a803200a000001005001bb06000000
c0a80bc80a000001005001bb06000000
c0a813180a000001005001bb06000000
c0a80b1c0a000001005001bb06000000
c0a823bc0a000001005001bb06000000
00000000000000000000000000000000
c0a813c40a000001005001bb06000000
c0a81bc00a000001005001bb06000000
c0a803620a000001005001bb06000000
c0a8038a0a000001005001bb06000000
c0a8135a0a000001005001bb06000000
c0a80b5e0a000001005001bb06000000
c0a81b7e0a000001005001bb06000000
c0a8237a0a000001005001bb06000000
c0a80b860a000001005001bb06000000
c0a813820a000001005001bb06000000
c0a81f9d0a000001005001bb06000000
00000000000000000000000000000000
c0a80fa50a000001005001bb06000000
c0a817a10a000001005001bb06000000
c0a823520a000001005001bb06000000
c0a807a90a000001005001bb06000000
c0a80f3b0a000001005001bb06000000
c0a8073f0a000001005001bb06000000
c0a81e2b0a000001005001bb06000000
c0a8162f0a000001005001bb06000000
c0a80e330a000001005001bb06000000
c0a806370a000001005001bb06000000
c0a800f70a000001005001bb06000000
c0a808f30a000001005001bb06000000
c0a810ef0a000001005001bb06000000
c0a80a140a000001005001bb06000000
c0a802180a000001005001bb06000000
c0a80cd00a000001005001bb06000000
c0a814cc0a000001005001bb06000000
c0a81cc80a000001005001bb06000000
c0a824c40a000001005001bb06000000
00000000000000000000000000000000
00000000000000000000000000000000
00000000000000000000000000000000
c0a8025a0a000001005001bb06000000
c0a804920a000001005001bb06000000
c0a80c8e0a000001005001bb06000000
c0a8148a0a000001005001bb06000000
c0a81c860a000001005001bb06000000
c0a824820a000001005001bb06000000
00000000000000000000000000000000
00000000000000000000000000000000
c0a820a50a000001005001bb06000000
00000000000000000000000000000000
00000000000000000000000000000000
00000000000000000000000000000000
c0a800b50a000001005001bb06000000
c0a808b10a000001005001bb06000000
c0a810ad0a000001005001bb06000000
c0a80a560a000001005001bb06000000
c0a801de0a000001005001bb06000000
c0a809da0a000001005001bb06000000
c0a80d0a0a000001005001bb06000000
c0a8050e0a000001005001bb06000000
c0a81d020a000001005001bb06000000
c0a815060a000001005001bb06000000
00000000000000000000000000000000
c0a824fe0a000001005001bb06000000
c0a821210a000001005001bb06000000
c0a819250a000001005001bb06000000
c0a826710a000001005001bb06000000
c0a81e750a000001005001bb06000000
c0a801310a000001005001bb06000000
c0a805bb0a000001005001bb06000000
c0a811290a000001005001bb06000000
c0a8092d0a000001005001bb06000000
c0a81daf0a000001005001bb06000000
c0a819670a000001005001bb06000000
c0a80db70a000001005001bb06000000
c0a815b30a000001005001bb06000000
c0a801730a000001005001bb06000000
c0a805790a000001005001bb06000000
c0a8116b0a000001005001bb06000000
c0a8096f0a000001005001bb06000000
c0a8019c0a000001005001bb06000000
c0a809980a000001005001bb06000000
c0a805f50a000001005001bb06000000
c0a80d4c0a000001005001bb06000000
c0a825400a000001005001bb06000000
c0a81d440a000001005001bb06000000
c0a825e50a000001005001bb06000000
00000000000000000000000000000000
c0a81bfb0a000001005001bb06000000
c0a813ff0a000001005001bb06000000
c0a80c030a000001005001bb06000000
c0a804070a000001005001bb06000000
c0a802e50a000001005001bb06000000
c0a80ae10a000001005001bb06000000
c0a812dd0a000001005001bb06000000
c0a81ad90a000001005001bb06000000
c0a800280a000001005001bb06000000
c0a80ec00a000001005001bb06000000
c0a816bc0a000001005001bb06000000
c0a81eb80a000001005001bb06000000
c0a815730a000001005001bb06000000
c0a80d770a000001005001bb06000000
c0a810200a000001005001bb06000000
c0a808240a000001005001bb06000000
c0a8006a0a000001005001bb06000000
c0a806820a000001005001bb06000000
c0a80e7e0a000001005001bb06000000
c0a8167a0a000001005001bb06000000
c0a8205a0a000001005001bb06000000
c0a8185e0a000001005001bb06000000
c0a810620a000001005001bb06000000
c0a808660a000001005001bb06000000
c0a824390a000001005001bb06000000
c0a81c3d0a000001005001bb06000000
c0a814410a000001005001bb06000000
c0a80c450a000001005001bb06000000
c0a804490a000001005001bb06000000
c0a802a30a000001005001bb06000000
c0a80a9f0a000001005001bb06000000
c0a8129b0a000001005001bb06000000
c0a81b130a000001005001bb06000000
c0a807ea0a000001005001bb06000000
c0a80efa0a000001005001bb06000000
c0a806fe0a000001005001bb06000000
c0a81fde0a000001005001bb06000000
c0a81f340a000001005001bb06000000
c0a80fe60a000001005001bb06000000
c0a817e20a000001005001bb06000000
c0a823bd0a000001005001bb06000000
00000000000000000000000000000000
c0a813c50a000001005001bb06000000
c0a81bc10a000001005001bb06000000
c0a803cd0a000001005001bb06000000
c0a80bc90a000001005001bb06000000
c0a80b1b0a000001005001bb06000000
c0a8031f0a000001005001bb06000000
c0a81b7f0a000001005001bb06000000
c0a8237b0a000001005001bb06000000
c0a80b870a000001005001bb06000000
c0a813830a000001005001bb06000000
c0a803610a000001005001bb06000000
c0a8038b0a000001005001bb06000000
c0a813590a000001005001bb06000000
c0a80b5d0a000001005001bb06000000
c0a807400a000001005001bb06000000
c0a807a80a000001005001bb06000000
c0a817380a000001005001bb06000000
c0a80f3c0a000001005001bb06000000
c0a81f9c0a000001005001bb06000000
00000000000000000000000000000000
c0a80fa40a000001005001bb06000000
c0a817a00a000001005001bb06000000
c0a800f60a000001005001bb06000000
c0a808f20a000001005001bb06000000
c0a80a130a000001005001bb06000000
c0a802170a000001005001bb06000000
c0a820e60a000001005001bb06000000
c0a81e2c0a000001005001bb06000000
c0a816300a000001005001bb06000000
c0a80e340a000001005001bb06000000
c0a824c50a000001005001bb06000000
00000000000000000000000000000000
00000000000000000000000000000000
00000000000000000000000000000000
c0a804d50a000001005001bb06000000
c0a80cd10a000001005001bb06000000
c0a814cd0a000001005001bb06000000
c0a81cc90a000001005001bb06000000
c0a81c870a000001005001bb06000000
c0a824830a000001005001bb06000000
00000000000000000000000000000000
00000000000000000000000000000000
c0a802590a000001005001bb06000000
c0a804930a000001005001bb06000000
c0a80c8f0a000001005001bb06000000
c0a8148b0a000001005001bb06000000
c0a800b40a000001005001bb06000000
c0a808b00a000001005001bb06000000
c0a810ac0a000001005001bb06000000
c0a80a550a000001005001bb06000000
c0a820a40a000001005001bb06000000
00000000000000000000000000000000
00000000000000000000000000000000
00000000000000000000000000000000
c0a81d030a000001005001bb06000000
c0a815070a000001005001bb06000000
00000000000000000000000000000000
c0a824ff0a000001005001bb06000000
c0a801dd0a000001005001bb06000000
c0a809d90a000001005001bb06000000
c0a80d0b0a000001005001bb06000000
c0a8050f0a000001005001bb06000000
c0a801300a000001005001bb06000000
c0a80db80a000001005001bb06000000
c0a811280a000001005001bb06000000
c0a8092c0a000001005001bb06000000
c0a821200a000001005001bb06000000
c0a819240a000001005001bb06000000
c0a826720a000001005001bb06000000
c0a81e760a000001005001bb06000000
c0a801720a000001005001bb06000000
c0a8057a0a000001005001bb06000000
c0a809970a000001005001bb06000000
c0a8096e0a000001005001bb06000000
c0a821620a000001005001bb06000000
c0a819660a000001005001bb06000000
c0a815b40a000001005001bb06000000
c0a81db00a000001005001bb06000000
c0a825410a000001005001bb06000000
c0a81d450a000001005001bb06000000
c0a825e60a000001005001bb06000000
00000000000000000000000000000000
c0a805510a000001005001bb06000000
c0a8019b0a000001005001bb06000000
c0a805f60a000001005001bb06000000
c0a80d4d0a000001005001bb06000000
c0a81d700a000001005001bb06000000
c0a815740a000001005001bb06000000
c0a810230a000001005001bb06000000
c0a808270a000001005001bb06000000
c0a8002b0a000001005001bb06000000
c0a806c10a000001005001bb06000000
c0a80ebd0a000001005001bb06000000
c0a816b90a000001005001bb06000000
c0a802e40a000001005001bb06000000
c0a80ae00a000001005001bb06000000
c0a812dc0a000001005001bb06000000
c0a81ad80a000001005001bb06000000
c0a823f80a000001005001bb06000000
c0a81bfc0a000001005001bb06000000
c0a814000a000001005001bb06000000
c0a80c040a000001005001bb06000000
c0a802a60a000001005001bb06000000
c0a80aa20a000001005001bb06000000
c0a8129e0a000001005001bb06000000
c0a81a9a0a000001005001bb06000000
c0a81c3a0a000001005001bb06000000
c0a8143e0a000001005001bb06000000
c0a80c420a000001005001bb06000000
c0a804460a000001005001bb06000000
c0a81eb50a000001005001bb06000000
c0a8185d0a000001005001bb06000000
c0a810610a000001005001bb06000000
c0a808650a000001005001bb06000000
c0a800690a000001005001bb06000000
c0a806830a000001005001bb06000000
c0a80e7f0a000001005001bb06000000
c0a8167b0a000001005001bb06000000
c0a803220a000001005001bb06000000
c0a803ca0a000001005001bb06000000
c0a8131a0a000001005001bb06000000
c0a80b1e0a000001005001bb06000000
c0a81bbe0a000001005001bb06000000
c0a823ba0a000001005001bb06000000
c0a80bc60a000001005001bb06000000
c0a813c20a000001005001bb06000000
c0a81f310a000001005001bb06000000
c0a817350a000001005001bb06000000
c0a80fe50a000001005001bb06000000
c0a817e10a000001005001bb06000000
c0a823120a000001005001bb06000000
c0a807e90a000001005001bb06000000
c0a80efb0a000001005001bb06000000
c0a806ff0a000001005001bb06000000
c0a81f9f0a000001005001bb06000000
00000000000000000000000000000000
c0a80fa70a000001005001bb06000000
c0a817a30a000001005001bb06000000
c0a823500a000001005001bb06000000
c0a807ab0a000001005001bb06000000
c0a80f390a000001005001bb06000000
c0a8073d0a000001005001bb06000000
c0a803600a000001005001bb06000000
c0a80b880a000001005001bb06000000
c0a813580a000001005001bb06000000
c0a80b5c0a000001005001bb06000000
c0a8237c0a000001005001bb06000000
00000000000000000000000000000000
c0a813840a000001005001bb06000000
c0a81b800a000001005001bb06000000
c0a8021a0a000001005001bb06000000
c0a804d20a000001005001bb06000000
c0a80cce0a000001005001bb06000000
c0a814ca0a000001005001bb06000000
c0a81cc60a000001005001bb06000000
c0a824c20a000001005001bb06000000
00000000000000000000000000000000
00000000000000000000000000000000
c0a81e290a000001005001bb06000000
c0a8162d0a000001005001bb06000000
c0a80e310a000001005001bb06000000
c0a806350a000001005001bb06000000
c0a800f50a000001005001bb06000000
c0a808f10a000001005001bb06000000
c0a810ed0a000001005001bb06000000
c0a80a160a000001005001bb06000000
c0a820a70a000001005001bb06000000
00000000000000000000000000000000
00000000000000000000000000000000
00000000000000000000000000000000
c0a800b70a000001005001bb06000000
c0a808b30a000001005001bb06000000
c0a810af0a000001005001bb06000000
c0a80a540a000001005001bb06000000
c0a802580a000001005001bb06000000
c0a80c900a000001005001bb06000000
c0a8148c0a000001005001bb06000000
c0a81c880a000001005001bb06000000
c0a824840a000001005001bb06000000
00000000000000000000000000000000
00000000000000000000000000000000
00000000000000000000000000000000
c0a821230a000001005001bb06000000
c0a819270a000001005001bb06000000
c0a826730a000001005001bb06000000
c0a81e770a000001005001bb06000000
c0a801330a000001005001bb06000000
c0a805b90a000001005001bb06000000
c0a8112b0a000001005001bb06000000
c0a8092f0a000001005001bb06000000
c0a801dc0a000001005001bb06000000
c0a809d80a000001005001bb06000000
c0a815080a000001005001bb06000000
c0a80d0c0a000001005001bb06000000
c0a825000a000001005001bb06000000
c0a81d040a000001005001bb06000000
00000000000000000000000000000000
00000000000000000000000000000000
c0a8019e0a000001005001bb06000000
c0a8099a0a000001005001bb06000000
c0a805f70a000001005001bb06000000
c0a8054e0a000001005001bb06000000
c0a81d420a000001005001bb06000000
c0a815460a000001005001bb06000000
c0a825e70a000001005001bb06000000
c0a8253e0a000001005001bb06000000
c0a81dad0a000001005001bb06000000
c0a819650a000001005001bb06000000
c0a80db50a000001005001bb06000000
c0a815b10a000001005001bb06000000
c0a801710a000001005001bb06000000
c0a8057b0a000001005001bb06000000
c0a811690a000001005001bb06000000
c0a8096d0a000001005001bb06000000
c0a8002a0a000001005001bb06000000
c0a806c20a000001005001bb06000000
c0a80ebe0a000001005001bb06000000
c0a816ba0a000001005001bb06000000
c0a81d710a000001005001bb06000000
c0a815750a000001005001bb06000000
c0a810220a000001005001bb06000000
c0a808260a000001005001bb06000000
c0a823f90a000001005001bb06000000
c0a81bfd0a000001005001bb06000000
c0a814010a000001005001bb06000000
c0a80c050a000001005001bb06000000
c0a804090a000001005001bb06000000
c0a802e30a000001005001bb06000000
c0a80adf0a000001005001bb06000000
c0a812db0a000001005001bb06000000
c0a81c3b0a000001005001bb06000000
c0a8143f0a000001005001bb06000000
c0a80c430a000001005001bb06000000
c0a804470a000001005001bb06000000
c0a802a50a000001005001bb06000000
c0a80aa10a000001005001bb06000000
c0a8129d0a000001005001bb06000000
c0a81a990a000001005001bb06000000
c0a800680a000001005001bb06000000
c0a80e800a000001005001bb06000000
c0a8167c0a000001005001bb06000000
c0a81e780a000001005001bb06000000
c0a81eb60a000001005001bb06000000
c0a8185c0a000001005001bb06000000
c0a810600a000001005001bb06000000
c0a808640a000001005001bb06000000
c0a81bbf0a000001005001bb06000000
c0a823bb0a000001005001bb06000000
c0a80bc70a000001005001bb06000000
c0a813c30a000001005001bb06000000
c0a803210a000001005001bb06000000
c0a803cb0a000001005001bb06000000
c0a813190a000001005001bb06000000
c0a80b1d0a000001005001bb06000000
c0a807000a000001005001bb06000000
c0a807e80a000001005001bb06000000
c0a816f80a000001005001bb06000000
c0a80efc0a000001005001bb06000000
c0a81f320a000001005001bb06000000
c0a817360a000001005001bb06000000
c0a80fe40a000001005001bb06000000
c0a817e00a000001005001bb06000000
c0a81b530a000001005001bb06000000
c0a807aa0a000001005001bb06000000
c0a80f3a0a000001005001bb06000000
c0a8073e0a000001005001bb06000000
c0a81f9e0a000001005001bb06000000
00000000000000000000000000000000
c0a80fa60a000001005001bb06000000
c0a817a20a000001005001bb06000000
c0a8237d0a000001005001bb06000000
00000000000000000000000000000000
c0a813850a000001005001bb06000000
c0a81b810a000001005001bb06000000
c0a8038d0a000001005001bb06000000
c0a80b890a000001005001bb06000000
c0a80b5b0a000001005001bb06000000
c0a8035f0a000001005001bb06000000
c0a81cc70a000001005001bb06000000
c0a824c30a000001005001bb06000000
00000000000000000000000000000000
00000000000000000000000000000000
c0a802190a000001005001bb06000000
c0a804d30a000001005001bb06000000
c0a80ccf0a000001005001bb06000000
c0a814cb0a000001005001bb06000000
c0a800f40a000001005001bb06000000
c0a808f00a000001005001bb06000000
c0a810ec0a000001005001bb06000000
c0a80a150a000001005001bb06000000
c0a81e2a0a000001005001bb06000000
c0a8162e0a000001005001bb06000000
c0a80e320a000001005001bb06000000
c0a806360a000001005001bb06000000
c0a800b60a000001005001bb06000000
c0a808b20a000001005001bb06000000
c0a80a530a000001005001bb06000000
c0a802570a000001005001bb06000000
c0a820a60a000001005001bb06000000
00000000000000000000000000000000
00000000000000000000000000000000
c0a822470a000001005001bb06000000
c0a824850a000001005001bb06000000
00000000000000000000000000000000
00000000000000000000000000000000
00000000000000000000000000000000
c0a804950a000001005001bb06000000
c0a80c910a000001005001bb06000000
c0a8148d0a000001005001bb06000000
c0a81c890a000001005001bb06000000
c0a801320a000001005001bb06000000
c0a805ba0a000001005001bb06000000
c0a809d70a000001005001bb06000000
c0a8092e0a000001005001bb06000000
c0a821220a000001005001bb06000000
c0a819260a000001005001bb06000000
00000000000000000000000000000000
c0a826740a000001005001bb06000000
c0a825010a000001005001bb06000000
c0a81d050a000001005001bb06000000
00000000000000000000000000000000
00000000000000000000000000000000
c0a805110a000001005001bb06000000
c0a801db0a000001005001bb06000000
c0a815090a000001005001bb06000000
c0a80d0d0a000001005001bb06000000
c0a81d430a000001005001bb06000000
c0a815470a000001005001bb06000000
00000000000000000000000000000000
c0a8253f0a000001005001bb06000000
c0a8019d0a000001005001bb06000000
c0a809990a000001005001bb06000000
c0a80d4b0a000001005001bb06000000
c0a8054f0a000001005001bb06000000
c0a801700a000001005001bb06000000
c0a80d780a000001005001bb06000000
c0a811680a000001005001bb06000000
c0a8096c0a000001005001bb06000000
c0a81dae0a000001005001bb06000000
c0a819640a000001005001bb06000000
c0a80db60a000001005001bb06000000
c0a815b20a000001005001bb06000000
c0a816b70a000001005001bb06000000
c0a81eb30a000001005001bb06000000
c0a818630a000001005001bb06000000
c0a810670a000001005001bb06000000
c0a8086b0a000001005001bb06000000
c0a8006f0a000001005001bb06000000
c0a8067d0a000001005001bb06000000
c0a80e790a000001005001bb06000000
c0a80c480a000001005001bb06000000
c0a802a00a000001005001bb06000000
c0a80a9c0a000001005001bb06000000
c0a812980a000001005001bb06000000
00000000000000000000000000000000
c0a8243c0a000001005001bb06000000
c0a81c400a000001005001bb06000000
c0a814440a000001005001bb06000000
c0a8040a0a000001005001bb06000000
c0a802e20a000001005001bb06000000
c0a80ade0a000001005001bb06000000
c0a812da0a000001005001bb06000000
c0a823fa0a000001005001bb06000000
c0a81bfe0a000001005001bb06000000
c0a814020a000001005001bb06000000
c0a80c060a000001005001bb06000000
c0a80d720a000001005001bb06000000
c0a805760a000001005001bb06000000
c0a818210a000001005001bb06000000
c0a810250a000001005001bb06000000
c0a808290a000001005001bb06000000
c0a8002d0a000001005001bb06000000
c0a806bf0a000001005001bb06000000
c0a80ebb0a000001005001bb06000000
c0a80b620a000001005001bb06000000
c0a803660a000001005001bb06000000
c0a81b5a0a000001005001bb06000000
c0a8135e0a000001005001bb06000000
c0a8137e0a000001005001bb06000000
c0a81b7a0a000001005001bb06000000
c0a803860a000001005001bb06000000
c0a80b820a000001005001bb06000000
c0a8179d0a000001005001bb06000000
c0a81f990a000001005001bb06000000
c0a807a50a000001005001bb06000000
c0a80fa10a000001005001bb06000000
c0a807430a000001005001bb06000000
c0a823560a000001005001bb06000000
c0a8173b0a000001005001bb06000000
c0a80f3f0a000001005001bb06000000
c0a817df0a000001005001bb06000000
c0a81f370a000001005001bb06000000
c0a807e70a000001005001bb06000000
c0a80fe30a000001005001bb06000000
c0a807010a000001005001bb06000000
c0a823140a000001005001bb06000000
c0a816f90a000001005001bb06000000
c0a80efd0a000001005001bb06000000
c0a80b200a000001005001bb06000000
c0a803240a000001005001bb06000000
c0a81b180a000001005001bb06000000
c0a8131c0a000001005001bb06000000
c0a81bbc0a000001005001bb06000000
c0a823b80a000001005001bb06000000
c0a80bc40a000001005001bb06000000
c0a813c00a000001005001bb06000000
c0a80a5a0a000001005001bb06000000
c0a8025e0a000001005001bb06000000
c0a8048e0a000001005001bb06000000
c0a80c8a0a000001005001bb06000000
c0a814860a000001005001bb06000000
c0a81c820a000001005001bb06000000
c0a8247e0a000001005001bb06000000
00000000000000000000000000000000
c0a818a50a000001005001bb06000000
c0a820a10a000001005001bb06000000
00000000000000000000000000000000
00000000000000000000000000000000
c0a8063b0a000001005001bb06000000
c0a800b10a000001005001bb06000000
c0a808ad0a000001005001bb06000000
c0a810a90a000001005001bb06000000
c0a818e70a000001005001bb06000000
c0a81e2f0a000001005001bb06000000
c0a816330a000001005001bb06000000
c0a80e370a000001005001bb06000000
c0a805f90a000001005001bb06000000
c0a800f30a000001005001bb06000000
c0a808ef0a000001005001bb06000000
c0a810eb0a000001005001bb06000000
c0a80a180a000001005001bb06000000
c0a8021c0a000001005001bb06000000
c0a80ccc0a000001005001bb06000000
c0a814c80a000001005001bb06000000
c0a81cc40a000001005001bb06000000
c0a824c00a000001005001bb06000000
00000000000000000000000000000000
00000000000000000000000000000000
c0a815af0a000001005001bb06000000
c0a81dab0a000001005001bb06000000
c0a805b70a000001005001bb06000000
c0a80db30a000001005001bb06000000
c0a809730a000001005001bb06000000
c0a801770a000001005001bb06000000
c0a809940a000001005001bb06000000
c0a8116f0a000001005001bb06000000
c0a80d500a000001005001bb06000000
c0a801980a000001005001bb06000000
c0a80df50a000001005001bb06000000
c0a8154c0a000001005001bb06000000
00000000000000000000000000000000
c0a825440a000001005001bb06000000
00000000000000000000000000000000
00000000000000000000000000000000
c0a805120a000001005001bb06000000
c0a801da0a000001005001bb06000000
c0a8150a0a000001005001bb06000000
c0a80d0e0a000001005001bb06000000
c0a825020a000001005001bb06000000
c0a81d060a000001005001bb06000000
00000000000000000000000000000000
00000000000000000000000000000000
00000000000000000000000000000000
c0a821250a000001005001bb06000000
c0a81e710a000001005001bb06000000
c0a816750a000001005001bb06000000
c0a809310a000001005001bb06000000
c0a801350a000001005001bb06000000
c0a809d60a000001005001bb06000000
c0a8112d0a000001005001bb06000000
c0a8086a0a000001005001bb06000000
c0a8006e0a000001005001bb06000000
c0a8067e0a000001005001bb06000000
c0a80e7a0a000001005001bb06000000
c0a81eb40a000001005001bb06000000
c0a8205e0a000001005001bb06000000
c0a818620a000001005001bb06000000
c0a810660a000001005001bb06000000
00000000000000000000000000000000
c0a8243d0a000001005001bb06000000
c0a81c410a000001005001bb06000000
c0a814450a000001005001bb06000000
c0a80c490a000001005001bb06000000
c0a8044d0a000001005001bb06000000
c0a8029f0a000001005001bb06000000
c0a80a9b0a000001005001bb06000000
c0a823fb0a000001005001bb06000000
c0a81bff0a000001005001bb06000000
c0a814030a000001005001bb06000000
c0a80c070a000001005001bb06000000
c0a8040b0a000001005001bb06000000
c0a802e10a000001005001bb06000000
c0a80add0a000001005001bb06000000
c0a812d90a000001005001bb06000000
c0a808280a000001005001bb06000000
c0a8002c0a000001005001bb06000000
c0a80ebc0a000001005001bb06000000
c0a816b80a000001005001bb06000000
c0a80d730a000001005001bb06000000
c0a805770a000001005001bb06000000
c0a818200a000001005001bb06000000
c0a810240a000001005001bb06000000
c0a8137f0a000001005001bb06000000
c0a81b7b0a000001005001bb06000000
c0a803870a000001005001bb06000000
c0a80b830a000001005001bb06000000
c0a80b610a000001005001bb06000000
c0a803650a000001005001bb06000000
c0a81b590a000001005001bb06000000
c0a8135d0a000001005001bb06000000
c0a80f400a000001005001bb06000000
c0a807440a000001005001bb06000000
c0a81f380a000001005001bb06000000
c0a8173c0a000001005001bb06000000
c0a8179c0a000001005001bb06000000
c0a81f980a000001005001bb06000000
c0a807a40a000001005001bb06000000
c0a80fa00a000001005001bb06000000
c0a807020a000001005001bb06000000
c0a81b170a000001005001bb06000000
c0a816fa0a000001005001bb06000000
c0a80efe0a000001005001bb06000000
c0a817de0a000001005001bb06000000
c0a81fda0a000001005001bb06000000
c0a807e60a000001005001bb06000000
c0a80fe20a000001005001bb06000000
c0a81bbd0a000001005001bb06000000
c0a823b90a000001005001bb06000000
c0a80bc50a000001005001bb06000000
c0a813c10a000001005001bb06000000
c0a803230a000001005001bb06000000
c0a803c90a000001005001bb06000000
c0a8131b0a000001005001bb06000000
c0a80b1f0a000001005001bb06000000
c0a814870a000001005001bb06000000
c0a81c830a000001005001bb06000000
c0a8247f0a000001005001bb06000000
00000000000000000000000000000000
c0a80a590a000001005001bb06000000
c0a8025d0a000001005001bb06000000
c0a8048f0a000001005001bb06000000
c0a80c8b0a000001005001bb06000000
c0a80e380a000001005001bb06000000
c0a800b00a000001005001bb06000000
c0a808ac0a000001005001bb06000000
c0a810a80a000001005001bb06000000
c0a818a40a000001005001bb06000000
c0a820a00a000001005001bb06000000
00000000000000000000000000000000
00000000000000000000000000000000
c0a805fa0a000001005001bb06000000
c0a800f20a000001005001bb06000000
c0a808ee0a000001005001bb06000000
c0a80a170a000001005001bb06000000
c0a818e60a000001005001bb06000000
c0a820e20a000001005001bb06000000
c0a81e300a000001005001bb06000000
c0a816340a000001005001bb06000000
c0a81cc50a000001005001bb06000000
c0a824c10a000001005001bb06000000
00000000000000000000000000000000
00000000000000000000000000000000
c0a8021b0a000001005001bb06000000
c0a804d10a000001005001bb06000000
c0a80ccd0a000001005001bb06000000
c0a814c90a000001005001bb06000000
c0a809720a000001005001bb06000000
c0a801760a000001005001bb06000000
c0a801970a000001005001bb06000000
c0a809930a000001005001bb06000000
c0a81dac0a000001005001bb06000000
c0a821660a000001005001bb06000000
c0a80db40a000001005001bb06000000
c0a815b00a000001005001bb06000000
00000000000000000000000000000000
c0a825450a000001005001bb06000000
00000000000000000000000000000000
00000000000000000000000000000000
c0a80d510a000001005001bb06000000
c0a805550a000001005001bb06000000
c0a80df60a000001005001bb06000000
c0a8154d0a000001005001bb06000000
c0a825030a000001005001bb06000000
c0a81d070a000001005001bb06000000
00000000000000000000000000000000
00000000000000000000000000000000
c0a805130a000001005001bb06000000
c0a801d90a000001005001bb06000000
c0a8150b0a000001005001bb06000000
c0a80d0f0a000001005001bb06000000
c0a809300a000001005001bb06000000
c0a801340a000001005001bb06000000
c0a809d50a000001005001bb06000000
c0a8112c0a000001005001bb06000000
00000000000000000000000000000000
c0a821240a000001005001bb06000000
c0a81e720a000001005001bb06000000
c0a816760a000001005001bb06000000
c0a8044a0a000001005001bb06000000
c0a802a20a000001005001bb06000000
c0a80a9e0a000001005001bb06000000
c0a8129a0a000001005001bb06000000
c0a8243a0a000001005001bb06000000
c0a81c3e0a000001005001bb06000000
c0a814420a000001005001bb06000000
c0a80c460a000001005001bb06000000
c0a816b50a000001005001bb06000000
c0a81eb10a000001005001bb06000000
c0a818610a000001005001bb06000000
c0a810650a000001005001bb06000000
c0a808690a000001005001bb06000000
c0a8006d0a000001005001bb06000000
c0a8067f0a000001005001bb06000000
c0a80e7b0a000001005001bb06000000
c0a815700a000001005001bb06000000
c0a80d740a000001005001bb06000000
c0a818230a000001005001bb06000000
c0a810270a000001005001bb06000000
c0a8082b0a000001005001bb06000000
c0a8002f0a000001005001bb06000000
c0a806bd0a000001005001bb06000000
c0a80eb90a000001005001bb06000000
c0a80c080a000001005001bb06000000
c0a802e00a000001005001bb06000000
c0a80adc0a000001005001bb06000000
c0a812d80a000001005001bb06000000
00000000000000000000000000000000
c0a823fc0a000001005001bb06000000
c0a81c000a000001005001bb06000000
c0a814040a000001005001bb06000000
c0a8179f0a000001005001bb06000000
c0a81f9b0a000001005001bb06000000
c0a807a70a000001005001bb06000000
c0a80fa30a000001005001bb06000000
c0a807410a000001005001bb06000000
c0a823540a000001005001bb06000000
c0a817390a000001005001bb06000000
c0a80f3d0a000001005001bb06000000
c0a80b600a000001005001bb06000000
c0a803640a000001005001bb06000000
c0a81b580a000001005001bb06000000
c0a8135c0a000001005001bb06000000
c0a81b7c0a000001005001bb06000000
c0a823780a000001005001bb06000000
c0a80b840a000001005001bb06000000
c0a813800a000001005001bb06000000
c0a80b220a000001005001bb06000000
c0a803260a000001005001bb06000000
c0a81b1a0a000001005001bb06000000
c0a8131e0a000001005001bb06000000
c0a813be0a000001005001bb06000000
c0a81bba0a000001005001bb06000000
c0a803c60a000001005001bb06000000
c0a80bc20a000001005001bb06000000
c0a817dd0a000001005001bb06000000
c0a81f350a000001005001bb06000000
c0a807e50a000001005001bb06000000
c0a80fe10a000001005001bb06000000
c0a807030a000001005001bb06000000
c0a823160a000001005001bb06000000
c0a816fb0a000001005001bb06000000
c0a80eff0a000001005001bb06000000
c0a818a70a000001005001bb06000000
c0a820a30a000001005001bb06000000
00000000000000000000000000000000
00000000000000000000000000000000
c0a806390a000001005001bb06000000
c0a800b30a000001005001bb06000000
c0a808af0a000001005001bb06000000
c0a810ab0a000001005001bb06000000
c0a80a580a000001005001bb06000000
c0a8025c0a000001005001bb06000000
c0a80c8c0a000001005001bb06000000
c0a814880a000001005001bb06000000
c0a81c840a000001005001bb06000000
c0a824800a000001005001bb06000000
00000000000000000000000000000000
00000000000000000000000000000000
c0a80a1a0a000001005001bb06000000
c0a8021e0a000001005001bb06000000
c0a804ce0a000001005001bb06000000
c0a80cca0a000001005001bb06000000
c0a814c60a000001005001bb06000000
c0a81cc20a000001005001bb06000000
c0a824be0a000001005001bb06000000
00000000000000000000000000000000
c0a818e50a000001005001bb06000000
c0a81e2d0a000001005001bb06000000
c0a816310a000001005001bb06000000
c0a80e350a000001005001bb06000000
c0a805fb0a000001005001bb06000000
c0a800f10a000001005001bb06000000
c0a808ed0a000001005001bb06000000
c0a810e90a000001005001bb06000000
c0a805520a000001005001bb06000000
c0a8019a0a000001005001bb06000000
c0a80df70a000001005001bb06000000
c0a80d4e0a000001005001bb06000000
c0a825420a000001005001bb06000000
c0a81d460a000001005001bb06000000
00000000000000000000000000000000
00000000000000000000000000000000
c0a815ad0a000001005001bb06000000
c0a81da90a000001005001bb06000000
c0a805b50a000001005001bb06000000
c0a80db10a000001005001bb06000000
c0a809710a000001005001bb06000000
c0a801750a000001005001bb06000000
c0a809960a000001005001bb06000000
c0a8116d0a000001005001bb06000000
00000000000000000000000000000000
c0a821270a000001005001bb06000000
c0a81e730a000001005001bb06000000
c0a816770a000001005001bb06000000
c0a809330a000001005001bb06000000
c0a801370a000001005001bb06000000
c0a809d40a000001005001bb06000000
c0a8112f0a000001005001bb06000000
c0a80d100a000001005001bb06000000
c0a801d80a000001005001bb06000000
c0a81d080a000001005001bb06000000
c0a8150c0a000001005001bb06000000
00000000000000000000000000000000
c0a825040a000001005001bb06000000
00000000000000000000000000000000
00000000000000000000000000000000
c0a8243b0a000001005001bb06000000
c0a81c3f0a000001005001bb06000000
c0a814430a000001005001bb06000000
c0a80c470a000001005001bb06000000
c0a8044b0a000001005001bb06000000
c0a802a10a000001005001bb06000000
c0a80a9d0a000001005001bb06000000
c0a812990a000001005001bb06000000
c0a808680a000001005001bb06000000
c0a8006c0a000001005001bb06000000
c0a80e7c0a000001005001bb06000000
c0a816780a000001005001bb06000000
c0a816b60a000001005001bb06000000
c0a81eb20a000001005001bb06000000
c0a818600a000001005001bb06000000
c0a810640a000001005001bb06000000
c0a8082a0a000001005001bb06000000
c0a8002e0a000001005001bb06000000
c0a806be0a000001005001bb06000000
c0a80eba0a000001005001bb06000000
c0a815710a000001005001bb06000000
c0a80d750a000001005001bb06000000
c0a818220a000001005001bb06000000
c0a810260a000001005001bb06000000
00000000000000000000000000000000
c0a823fd0a000001005001bb06000000
c0a81c010a000001005001bb06000000
c0a814050a000001005001bb06000000
c0a80c090a000001005001bb06000000
c0a8040d0a000001005001bb06000000
c0a802df0a000001005001bb06000000
c0a80adb0a000001005001bb06000000
c0a807420a000001005001bb06000000
c0a81b570a000001005001bb06000000
c0a8173a0a000001005001bb06000000
c0a80f3e0a000001005001bb06000000
c0a8179e0a000001005001bb06000000
c0a81f9a0a000001005001bb06000000
c0a807a60a000001005001bb06000000
c0a80fa20a000001005001bb06000000
c0a81b7d0a000001005001bb06000000
c0a823790a000001005001bb06000000
c0a80b850a000001005001bb06000000
c0a813810a000001005001bb06000000
c0a803630a000001005001bb06000000
c0a803890a000001005001bb06000000
c0a8135b0a000001005001bb06000000
c0a80b5f0a000001005001bb06000000
c0a813bf0a000001005001bb06000000
c0a81bbb0a000001005001bb06000000
c0a803c70a000001005001bb06000000
c0a80bc30a000001005001bb06000000
c0a80b210a000001005001bb06000000
c0a803250a000001005001bb06000000
c0a81b190a000001005001bb06000000
c0a8131d0a000001005001bb06000000
c0a80f000a000001005001bb06000000
c0a807040a000001005001bb06000000
c0a81ef80a000001005001bb06000000
c0a816fc0a000001005001bb06000000
c0a817dc0a000001005001bb06000000
c0a81f360a000001005001bb06000000
c0a807e40a000001005001bb06000000
c0a80fe00a000001005001bb06000000
c0a8063a0a000001005001bb06000000
c0a800b20a000001005001bb06000000
c0a808ae0a000001005001bb06000000
c0a80a570a000001005001bb06000000
c0a818a60a000001005001bb06000000
c0a820a20a000001005001bb06000000
00000000000000000000000000000000
00000000000000000000000000000000
c0a81c850a000001005001bb06000000
c0a824810a000001005001bb06000000
00000000000000000000000000000000
00000000000000000000000000000000
c0a8025b0a000001005001bb06000000
c0a804910a000001005001bb06000000
c0a80c8d0a000001005001bb06000000
c0a814890a000001005001bb06000000
c0a814c70a000001005001bb06000000
c0a81cc30a000001005001bb06000000
c0a824bf0a000001005001bb06000000
00000000000000000000000000000000
c0a80a190a000001005001bb06000000
c0a8021d0a000001005001bb06000000
c0a804cf0a000001005001bb06000000
c0a80ccb0a000001005001bb06000000
c0a80df80a000001005001bb06000000
c0a800f00a000001005001bb06000000
c0a808ec0a000001005001bb06000000
c0a810e80a000001005001bb06000000
c0a818e40a000001005001bb06000000
c0a81e2e0a000001005001bb06000000
c0a816320a000001005001bb06000000
c0a80e360a000001005001bb06000000
c0a825430a000001005001bb06000000
c0a81d470a000001005001bb06000000
00000000000000000000000000000000
00000000000000000000000000000000
c0a805530a000001005001bb06000000
c0a801990a000001005001bb06000000
c0a8154b0a000001005001bb06000000
c0a80d4f0a000001005001bb06000000
c0a809700a000001005001bb06000000
c0a801740a000001005001bb06000000
c0a809950a000001005001bb06000000
c0a8116c0a000001005001bb06000000
c0a815ae0a000001005001bb06000000
c0a81daa0a000001005001bb06000000
c0a805b60a000001005001bb06000000
c0a80db20a000001005001bb06000000
c0a809320a000001005001bb06000000
c0a801360a000001005001bb06000000
c0a801d70a000001005001bb06000000
c0a809d30a000001005001bb06000000
00000000000000000000000000000000
c0a821260a000001005001bb06000000
c0a821c70a000001005001bb06000000
c0a81e740a000001005001bb06000000
00000000000000000000000000000000
c0a825050a000001005001bb06000000
00000000000000000000000000000000
00000000000000000000000000000000
c0a80d110a000001005001bb06000000
c0a805150a000001005001bb06000000
c0a81d090a000001005001bb06000000
c0a8150d0a000001005001bb06000000
c0a80f330a000001005001bb06000000
c0a807370a000001005001bb06000000
c0a81f2b0a000001005001bb06000000
c0a8172f0a000001005001bb06000000
c0a80fef0a000001005001bb06000000
c0a80b140a000001005001bb06000000
c0a823080a000001005001bb06000000
c0a807f30a000001005001bb06000000
c0a813cc0a000001005001bb06000000
c0a81bc80a000001005001bb06000000
c0a803180a000001005001bb06000000
c0a80bd00a000001005001bb06000000
00000000000000000000000000000000
00000000000000000000000000000000
c0a823c40a000001005001bb06000000
00000000000000000000000000000000
c0a80b8e0a000001005001bb06000000
c0a8138a0a000001005001bb06000000
c0a8035a0a000001005001bb06000000
c0a803920a000001005001bb06000000
00000000000000000000000000000000
00000000000000000000000000000000
c0a81b860a000001005001bb06000000
c0a823820a000001005001bb06000000
00000000000000000000000000000000
00000000000000000000000000000000
c0a81fa50a000001005001bb06000000
00000000000000000000000000000000
c0a80fad0a000001005001bb06000000
c0a80b560a000001005001bb06000000
c0a8234a0a000001005001bb06000000
c0a807b10a000001005001bb06000000
c0a80c0a0a000001005001bb06000000
c0a8040e0a000001005001bb06000000
c0a802de0a000001005001bb06000000
c0a80ada0a000001005001bb06000000
00000000000000000000000000000000
c0a823fe0a000001005001bb06000000
c0a81c020a000001005001bb06000000
c0a814060a000001005001bb06000000
c0a825720a000001005001bb06000000
c0a81d760a000001005001bb06000000
c0a820210a000001005001bb06000000
c0a818250a000001005001bb06000000
c0a810290a000001005001bb06000000
c0a8082d0a000001005001bb06000000
c0a800310a000001005001bb06000000
c0a806bb0a000001005001bb06000000
c0a80eb70a000001005001bb06000000
c0a816b30a000001005001bb06000000
c0a81eaf0a000001005001bb06000000
c0a818670a000001005001bb06000000
c0a8106b0a000001005001bb06000000
c0a8086f0a000001005001bb06000000
c0a800730a000001005001bb06000000
c0a806790a000001005001bb06000000
c0a806f50a000001005001bb06000000
c0a80c4c0a000001005001bb06000000
c0a8029c0a000001005001bb06000000
c0a80a980a000001005001bb06000000
c0a826e50a000001005001bb06000000
00000000000000000000000000000000
c0a824400a000001005001bb06000000
c0a81c440a000001005001bb06000000
c0a811de0a000001005001bb06000000
c0a819da0a000001005001bb06000000
c0a801e60a000001005001bb06000000
c0a809e20a000001005001bb06000000
c0a80d020a000001005001bb06000000
c0a805060a000001005001bb06000000
c0a81cfa0a000001005001bb06000000
c0a814fe0a000001005001bb06000000
c0a811210a000001005001bb06000000
c0a809250a000001005001bb06000000
c0a816710a000001005001bb06000000
c0a80e750a000001005001bb06000000
c0a80dbf0a000001005001bb06000000
c0a815bb0a000001005001bb06000000
c0a801290a000001005001bb06000000
c0a805c30a000001005001bb06000000
c0a811630a000001005001bb06000000
c0a809670a000001005001bb06000000
c0a81db70a000001005001bb06000000
c0a8195f0a000001005001bb06000000
c0a80d7d0a000001005001bb06000000
c0a815790a000001005001bb06000000
c0a8016b0a000001005001bb06000000
c0a805810a000001005001bb06000000
c0a8119c0a000001005001bb06000000
c0a819980a000001005001bb06000000
c0a801a40a000001005001bb06000000
c0a809a00a000001005001bb06000000
c0a815400a000001005001bb06000000
c0a80d440a000001005001bb06000000
c0a825380a000001005001bb06000000
c0a81d3c0a000001005001bb06000000
c0a810e70a000001005001bb06000000
c0a818e30a000001005001bb06000000
c0a81e330a000001005001bb06000000
c0a816370a000001005001bb06000000
c0a80df90a000001005001bb06000000
c0a805fd0a000001005001bb06000000
c0a800ef0a000001005001bb06000000
c0a808eb0a000001005001bb06000000
c0a812180a000001005001bb06000000
c0a80a1c0a000001005001bb06000000
c0a802200a000001005001bb06000000
c0a80cc80a000001005001bb06000000
c0a814c40a000001005001bb06000000
c0a81cc00a000001005001bb06000000
c0a824bc0a000001005001bb06000000
00000000000000000000000000000000
c0a8125a0a000001005001bb06000000
c0a80a5e0a000001005001bb06000000
c0a802620a000001005001bb06000000
c0a8048a0a000001005001bb06000000
c0a80c860a000001005001bb06000000
c0a814820a000001005001bb06000000
c0a81c7e0a000001005001bb06000000
c0a8247a0a000001005001bb06000000
c0a810a50a000001005001bb06000000
c0a818a10a000001005001bb06000000
c0a8209d0a000001005001bb06000000
00000000000000000000000000000000
c0a80e3b0a000001005001bb06000000
c0a8063f0a000001005001bb06000000
c0a800ad0a000001005001bb06000000
c0a808a90a000001005001bb06000000
c0a80b130a000001005001bb06000000
c0a803170a000001005001bb06000000
c0a81b0b0a000001005001bb06000000
c0a807f20a000001005001bb06000000
c0a817300a000001005001bb06000000
c0a80f340a000001005001bb06000000
c0a81fe60a000001005001bb06000000
c0a81f2c0a000001005001bb06000000
00000000000000000000000000000000
00000000000000000000000000000000
c0a823c50a000001005001bb06000000
00000000000000000000000000000000
c0a813cd0a000001005001bb06000000
c0a81bc90a000001005001bb06000000
c0a803d50a000001005001bb06000000
c0a80bd10a000001005001bb06000000
00000000000000000000000000000000
00000000000000000000000000000000
c0a81b870a000001005001bb06000000
c0a823830a000001005001bb06000000
c0a80b8f0a000001005001bb06000000
c0a8138b0a000001005001bb06000000
c0a803590a000001005001bb06000000
c0a803930a000001005001bb06000000
c0a80fac0a000001005001bb06000000
c0a80b550a000001005001bb06000000
c0a807380a000001005001bb06000000
c0a807b00a000001005001bb06000000
00000000000000000000000000000000
00000000000000000000000000000000
c0a81fa40a000001005001bb06000000
00000000000000000000000000000000
00000000000000000000000000000000
c0a823ff0a000001005001bb06000000
c0a81c030a000001005001bb06000000
c0a814070a000001005001bb06000000
c0a80c0b0a000001005001bb06000000
c0a8040f0a000001005001bb06000000
c0a802dd0a000001005001bb06000000
c0a80ad90a000001005001bb06000000
c0a810280a000001005001bb06000000
c0a8082c0a000001005001bb06000000
c0a800300a000001005001bb06000000
c0a80eb80a000001005001bb06000000
c0a825730a000001005001bb06000000
c0a81d770a000001005001bb06000000
c0a820200a000001005001bb06000000
c0a818240a000001005001bb06000000
c0a80a970a000001005001bb06000000
c0a8086e0a000001005001bb06000000
c0a800720a000001005001bb06000000
c0a8067a0a000001005001bb06000000
c0a816b40a000001005001bb06000000
c0a81eb00a000001005001bb06000000
c0a820620a000001005001bb06000000
c0a818660a000001005001bb06000000
c0a826e60a000001005001bb06000000
00000000000000000000000000000000
c0a824410a000001005001bb06000000
c0a81c450a000001005001bb06000000
c0a806f60a000001005001bb06000000
c0a80c4d0a000001005001bb06000000
c0a804510a000001005001bb06000000
c0a8029b0a000001005001bb06000000
c0a80d030a000001005001bb06000000
c0a805070a000001005001bb06000000
c0a81cfb0a000001005001bb06000000
c0a814ff0a000001005001bb06000000
c0a811dd0a000001005001bb06000000
c0a819d90a000001005001bb06000000
c0a801e50a000001005001bb06000000
c0a809e10a000001005001bb06000000
c0a815bc0a000001005001bb06000000
c0a81db80a000001005001bb06000000
c0a801280a000001005001bb06000000
c0a80dc00a000001005001bb06000000
c0a811200a000001005001bb06000000
c0a809240a000001005001bb06000000
c0a816720a000001005001bb06000000
c0a80e760a000001005001bb06000000
c0a80d7e0a000001005001bb06000000
c0a8157a0a000001005001bb06000000
c0a8016a0a000001005001bb06000000
c0a805820a000001005001bb06000000
c0a811620a000001005001bb06000000
c0a809660a000001005001bb06000000
c0a8215a0a000001005001bb06000000
c0a8195e0a000001005001bb06000000
c0a815410a000001005001bb06000000
c0a80d450a000001005001bb06000000
c0a825390a000001005001bb06000000
c0a81d3d0a000001005001bb06000000
c0a8099f0a000001005001bb06000000
c0a8119b0a000001005001bb06000000
c0a805490a000001005001bb06000000
c0a801a30a000001005001bb06000000
c0a80dfa0a000001005001bb06000000
c0a805fe0a000001005001bb06000000
c0a800ee0a000001005001bb06000000
c0a808ea0a000001005001bb06000000
c0a810e60a000001005001bb06000000
c0a818e20a000001005001bb06000000
c0a820de0a000001005001bb06000000
c0a81e340a000001005001bb06000000
c0a814c50a000001005001bb06000000
c0a81cc10a000001005001bb06000000
c0a824bd0a000001005001bb06000000
00000000000000000000000000000000
c0a80a1b0a000001005001bb06000000
c0a8021f0a000001005001bb06000000
c0a804cd0a000001005001bb06000000
c0a80cc90a000001005001bb06000000
c0a80c870a000001005001bb06000000
c0a814830a000001005001bb06000000
c0a81c7f0a000001005001bb06000000
c0a8247b0a000001005001bb06000000
c0a812590a000001005001bb06000000
c0a80a5d0a000001005001bb06000000
c0a802610a000001005001bb06000000
c0a8048b0a000001005001bb06000000
c0a816380a000001005001bb06000000
c0a80e3c0a000001005001bb06000000
c0a800ac0a000001005001bb06000000
c0a808a80a000001005001bb06000000
c0a810a40a000001005001bb06000000
c0a818a00a000001005001bb06000000
c0a8209c0a000001005001bb06000000
00000000000000000000000000000000
c0a80bce0a000001005001bb06000000
c0a813ca0a000001005001bb06000000
c0a8031a0a000001005001bb06000000
c0a803d20a000001005001bb06000000
00000000000000000000000000000000
00000000000000000000000000000000
c0a81bc60a000001005001bb06000000
c0a823c20a000001005001bb06000000
c0a80f310a000001005001bb06000000
c0a807350a000001005001bb06000000
c0a81f290a000001005001bb06000000
c0a8172d0a000001005001bb06000000
c0a80fed0a000001005001bb06000000
c0a80b160a000001005001bb06000000
c0a8230a0a000001005001bb06000000
c0a807f10a000001005001bb06000000
00000000000000000000000000000000
00000000000000000000000000000000
c0a81fa70a000001005001bb06000000
00000000000000000000000000000000
c0a80faf0a000001005001bb06000000
c0a80b540a000001005001bb06000000
c0a823480a000001005001bb06000000
c0a807b30a000001005001bb06000000
c0a8138c0a000001005001bb06000000
c0a81b880a000001005001bb06000000
c0a803580a000001005001bb06000000
c0a80b900a000001005001bb06000000
00000000000000000000000000000000
00000000000000000000000000000000
c0a823840a000001005001bb06000000
00000000000000000000000000000000
00000000000000000000000000000000
c0a825740a000001005001bb06000000
c0a820230a000001005001bb06000000
c0a818270a000001005001bb06000000
c0a8102b0a000001005001bb06000000
c0a8082f0a000001005001bb06000000
c0a800330a000001005001bb06000000
c0a806b90a000001005001bb06000000
c0a814080a000001005001bb06000000
c0a80c0c0a000001005001bb06000000
c0a802dc0a000001005001bb06000000
c0a80ad80a000001005001bb06000000
00000000000000000000000000000000
00000000000000000000000000000000
c0a824000a000001005001bb06000000
c0a81c040a000001005001bb06000000
c0a806f70a000001005001bb06000000
c0a8044e0a000001005001bb06000000
c0a8029e0a000001005001bb06000000
c0a80a9a0a000001005001bb06000000
c0a826e70a000001005001bb06000000
c0a8243e0a000001005001bb06000000
c0a81c420a000001005001bb06000000
c0a814460a000001005001bb06000000
c0a80eb50a000001005001bb06000000
c0a816b10a000001005001bb06000000
c0a81ead0a000001005001bb06000000
c0a818650a000001005001bb06000000
c0a810690a000001005001bb06000000
c0a8086d0a000001005001bb06000000
c0a800710a000001005001bb06000000
c0a8067b0a000001005001bb06000000
c0a811230a000001005001bb06000000
c0a809270a000001005001bb06000000
c0a816730a000001005001bb06000000
c0a80e770a000001005001bb06000000
c0a80dbd0a000001005001bb06000000
c0a815b90a000001005001bb06000000
c0a8012b0a000001005001bb06000000
c0a805c10a000001005001bb06000000
c0a811dc0a000001005001bb06000000
c0a819d80a000001005001bb06000000
c0a801e40a000001005001bb06000000
c0a809e00a000001005001bb06000000
c0a815000a000001005001bb06000000
c0a80d040a000001005001bb06000000
c0a824f80a000001005001bb06000000
c0a81cfc0a000001005001bb06000000
c0a8119e0a000001005001bb06000000
c0a8199a0a000001005001bb06000000
c0a801a60a000001005001bb06000000
c0a809a20a000001005001bb06000000
c0a80d420a000001005001bb06000000
c0a805460a000001005001bb06000000
c0a81d3a0a000001005001bb06000000
c0a8153e0a000001005001bb06000000
c0a811610a000001005001bb06000000
c0a809650a000001005001bb06000000
c0a81db50a000001005001bb06000000
c0a8195d0a000001005001bb06000000
c0a80d7f0a000001005001bb06000000
c0a8157b0a000001005001bb06000000
c0a801690a000001005001bb06000000
c0a805830a000001005001bb06000000
c0a8121a0a000001005001bb06000000
c0a80a1e0a000001005001bb06000000
c0a802220a000001005001bb06000000
c0a804ca0a000001005001bb06000000
c0a80cc60a000001005001bb06000000
c0a814c20a000001005001bb06000000
c0a81cbe0a000001005001bb06000000
c0a824ba0a000001005001bb06000000
c0a810e50a000001005001bb06000000
c0a818e10a000001005001bb06000000
c0a81e310a000001005001bb06000000
c0a816350a000001005001bb06000000
c0a80dfb0a000001005001bb06000000
c0a805ff0a000001005001bb06000000
c0a800ed0a000001005001bb06000000
c0a808e90a000001005001bb06000000
c0a810a70a000001005001bb06000000
c0a818a30a000001005001bb06000000
c0a8209f0a000001005001bb06000000
00000000000000000000000000000000
c0a80e390a000001005001bb06000000
c0a8063d0a000001005001bb06000000
c0a800af0a000001005001bb06000000
c0a808ab0a000001005001bb06000000
c0a812580a000001005001bb06000000
c0a80a5c0a000001005001bb06000000
c0a802600a000001005001bb06000000
c0a80c880a000001005001bb06000000
c0a814840a000001005001bb06000000
c0a81c800a000001005001bb06000000
c0a8247c0a000001005001bb06000000
00000000000000000000000000000000
00000000000000000000000000000000
00000000000000000000000000000000
c0a81bc70a000001005001bb06000000
c0a823c30a000001005001bb06000000
c0a80bcf0a000001005001bb06000000
c0a813cb0a000001005001bb06000000
c0a803190a000001005001bb06000000
c0a803d30a000001005001bb06000000
c0a80fec0a000001005001bb06000000
c0a80b150a000001005001bb06000000
c0a806f80a000001005001bb06000000
c0a807f00a000001005001bb06000000
c0a80f320a000001005001bb06000000
c0a807360a000001005001bb06000000
c0a81f2a0a000001005001bb06000000
c0a8172e0a000001005001bb06000000
c0a80b530a000001005001bb06000000
c0a803570a000001005001bb06000000
c0a81b4b0a000001005001bb06000000
c0a807b20a000001005001bb06000000
00000000000000000000000000000000
c0a823470a000001005001bb06000000
c0a81fa60a000001005001bb06000000
00000000000000000000000000000000
00000000000000000000000000000000
00000000000000000000000000000000
c0a823850a000001005001bb06000000
00000000000000000000000000000000
c0a8138d0a000001005001bb06000000
c0a81b890a000001005001bb06000000
c0a803950a000001005001bb06000000
c0a80b910a000001005001bb06000000
c0a80ad70a000001005001bb06000000
c0a8082e0a000001005001bb06000000
c0a800320a000001005001bb06000000
c0a806ba0a000001005001bb06000000
00000000000000000000000000000000
c0a825750a000001005001bb06000000
c0a820220a000001005001bb06000000
c0a818260a000001005001bb06000000
00000000000000000000000000000000
00000000000000000000000000000000
c0a824010a000001005001bb06000000
c0a81c050a000001005001bb06000000
c0a814090a000001005001bb06000000
c0a80c0d0a000001005001bb06000000
c0a804110a000001005001bb06000000
c0a802db0a000001005001bb06000000
00000000000000000000000000000000
c0a8243f0a000001005001bb06000000
c0a81c430a000001005001bb06000000
c0a814470a000001005001bb06000000
c0a80c4b0a000001005001bb06000000
c0a8044f0a000001005001bb06000000
c0a8029d0a000001005001bb06000000
c0a80a990a000001005001bb06000000
c0a810680a000001005001bb06000000
c0a8086c0a000001005001bb06000000
c0a800700a000001005001bb06000000
c0a80e780a000001005001bb06000000
c0a80eb60a000001005001bb06000000
c0a816b20a000001005001bb06000000
c0a81eae0a000001005001bb06000000
c0a818640a000001005001bb06000000
c0a80dbe0a000001005001bb06000000
c0a815ba0a000001005001bb06000000
c0a8012a0a000001005001bb06000000
c0a805c20a000001005001bb06000000
c0a811220a000001005001bb06000000
c0a809260a000001005001bb06000000
c0a81e700a000001005001bb06000000
c0a816740a000001005001bb06000000
c0a815010a000001005001bb06000000
c0a80d050a000001005001bb06000000
c0a824f90a000001005001bb06000000
c0a81cfd0a000001005001bb06000000
c0a809df0a000001005001bb06000000
c0a811db0a000001005001bb06000000
c0a805090a000001005001bb06000000
c0a801e30a000001005001bb06000000
c0a80d430a000001005001bb06000000
c0a805470a000001005001bb06000000
c0a81d3b0a000001005001bb06000000
c0a8153f0a000001005001bb06000000
c0a8119d0a000001005001bb06000000
c0a819990a000001005001bb06000000
c0a801a50a000001005001bb06000000
c0a809a10a000001005001bb06000000
c0a8157c0a000001005001bb06000000
c0a81d780a000001005001bb06000000
c0a801680a000001005001bb06000000
c0a80d800a000001005001bb06000000
c0a811600a000001005001bb06000000
c0a809640a000001005001bb06000000
c0a81db60a000001005001bb06000000
c0a8195c0a000001005001bb06000000
c0a80cc70a000001005001bb06000000
c0a814c30a000001005001bb06000000
c0a81cbf0a000001005001bb06000000
c0a824bb0a000001005001bb06000000
c0a812190a000001005001bb06000000
c0a80a1d0a000001005001bb06000000
c0a802210a000001005001bb06000000
c0a804cb0a000001005001bb06000000
c0a815f80a000001005001bb06000000
c0a80dfc0a000001005001bb06000000
c0a800ec0a000001005001bb06000000
c0a808e80a000001005001bb06000000
c0a810e40a000001005001bb06000000
c0a818e00a000001005001bb06000000
c0a81e320a000001005001bb06000000
c0a816360a000001005001bb06000000
c0a80e3a0a000001005001bb06000000
c0a8063e0a000001005001bb06000000
c0a800ae0a000001005001bb06000000
c0a808aa0a000001005001bb06000000
c0a810a60a000001005001bb06000000
c0a818a20a000001005001bb06000000
c0a8209e0a000001005001bb06000000
00000000000000000000000000000000
c0a814850a000001005001bb06000000
c0a81c810a000001005001bb06000000
c0a8247d0a000001005001bb06000000
00000000000000000000000000000000
c0a80a5b0a000001005001bb06000000
c0a8025f0a000001005001bb06000000
c0a8048d0a000001005001bb06000000
c0a80c890a000001005001bb06000000
c0a8038e0a000001005001bb06000000
c0a80b8a0a000001005001bb06000000
c0a80b5a0a000001005001bb06000000
c0a8035e0a000001005001bb06000000
c0a8237e0a000001005001bb06000000
00000000000000000000000000000000
c0a813860a000001005001bb06000000
c0a81b820a000001005001bb06000000
00000000000000000000000000000000
00000000000000000000000000000000
c0a817a50a000001005001bb06000000
c0a81fa10a000001005001bb06000000
c0a807ad0a000001005001bb06000000
c0a80fa90a000001005001bb06000000
c0a8073b0a000001005001bb06000000
c0a8234e0a000001005001bb06000000
c0a817330a000001005001bb06000000
c0a80f370a000001005001bb06000000
c0a817e70a000001005001bb06000000
c0a81f2f0a000001005001bb06000000
c0a807ef0a000001005001bb06000000
c0a80feb0a000001005001bb06000000
c0a806f90a000001005001bb06000000
c0a8230c0a000001005001bb06000000
c0a80bcc0a000001005001bb06000000
c0a813c80a000001005001bb06000000
c0a80b180a000001005001bb06000000
c0a8031c0a000001005001bb06000000
00000000000000000000000000000000
00000000000000000000000000000000
c0a81bc40a000001005001bb06000000
c0a823c00a000001005001bb06000000
c0a806b70a000001005001bb06000000
c0a80eb30a000001005001bb06000000
c0a816af0a000001005001bb06000000
c0a81eab0a000001005001bb06000000
c0a80a940a000001005001bb06000000
c0a8106f0a000001005001bb06000000
c0a808730a000001005001bb06000000
c0a800770a000001005001bb06000000
c0a80ef50a000001005001bb06000000
c0a8144c0a000001005001bb06000000
c0a80c500a000001005001bb06000000
c0a802980a000001005001bb06000000
00000000000000000000000000000000
00000000000000000000000000000000
00000000000000000000000000000000
c0a824440a000001005001bb06000000
c0a8140a0a000001005001bb06000000
c0a80c0e0a000001005001bb06000000
c0a804120a000001005001bb06000000
c0a802da0a000001005001bb06000000
00000000000000000000000000000000
00000000000000000000000000000000
c0a824020a000001005001bb06000000
c0a81c060a000001005001bb06000000
c0a81d720a000001005001bb06000000
c0a815760a000001005001bb06000000
00000000000000000000000000000000
c0a820250a000001005001bb06000000
c0a80ad60a000001005001bb06000000
c0a8102d0a000001005001bb06000000
c0a808310a000001005001bb06000000
c0a800350a000001005001bb06000000
c0a819630a000001005001bb06000000
c0a811670a000001005001bb06000000
c0a815b70a000001005001bb06000000
c0a81db30a000001005001bb06000000
c0a8057d0a000001005001bb06000000
c0a80d790a000001005001bb06000000
c0a8096b0a000001005001bb06000000
c0a8016f0a000001005001bb06000000
c0a8099c0a000001005001bb06000000
c0a811980a000001005001bb06000000
c0a80d480a000001005001bb06000000
c0a801a00a000001005001bb06000000
c0a81d400a000001005001bb06000000
c0a815440a000001005001bb06000000
00000000000000000000000000000000
c0a8253c0a000001005001bb06000000
c0a809de0a000001005001bb06000000
c0a811da0a000001005001bb06000000
c0a8050a0a000001005001bb06000000
c0a801e20a000001005001bb06000000
c0a815020a000001005001bb06000000
c0a80d060a000001005001bb06000000
c0a824fa0a000001005001bb06000000
c0a81cfe0a000001005001bb06000000
c0a819210a000001005001bb06000000
c0a811250a000001005001bb06000000
c0a80e710a000001005001bb06000000
c0a806750a000001005001bb06000000
c0a805bf0a000001005001bb06000000
c0a80dbb0a000001005001bb06000000
c0a809290a000001005001bb06000000
c0a8012d0a000001005001bb06000000
c0a81a5a0a000001005001bb06000000
c0a8125e0a000001005001bb06000000
c0a80a620a000001005001bb06000000
c0a802660a000001005001bb06000000
c0a804860a000001005001bb06000000
c0a80c820a000001005001bb06000000
c0a8147e0a000001005001bb06000000
c0a81c7a0a000001005001bb06000000
c0a808a50a000001005001bb06000000
c0a810a10a000001005001bb06000000
c0a8189d0a000001005001bb06000000
c0a820990a000001005001bb06000000
c0a8163b0a000001005001bb06000000
c0a80e3f0a000001005001bb06000000
c0a806430a000001005001bb06000000
c0a800a90a000001005001bb06000000
c0a808e70a000001005001bb06000000
c0a810e30a000001005001bb06000000
c0a818df0a000001005001bb06000000
c0a81e370a000001005001bb06000000
c0a815f90a000001005001bb06000000
c0a80dfd0a000001005001bb06000000
c0a806010a000001005001bb06000000
c0a800eb0a000001005001bb06000000
c0a81a180a000001005001bb06000000
c0a8121c0a000001005001bb06000000
c0a80a200a000001005001bb06000000
c0a802240a000001005001bb06000000
c0a80cc40a000001005001bb06000000
c0a814c00a000001005001bb06000000
c0a81cbc0a000001005001bb06000000
c0a824b80a000001005001bb06000000
c0a8237f0a000001005001bb06000000
00000000000000000000000000000000
c0a813870a000001005001bb06000000
c0a81b830a000001005001bb06000000
c0a8038f0a000001005001bb06000000
c0a80b8b0a000001005001bb06000000
c0a80b590a000001005001bb06000000
c0a8035d0a000001005001bb06000000
c0a807ac0a000001005001bb06000000
c0a80fa80a000001005001bb06000000
c0a80f380a000001005001bb06000000
c0a8073c0a000001005001bb06000000
00000000000000000000000000000000
00000000000000000000000000000000
c0a817a40a000001005001bb06000000
c0a81fa00a000001005001bb06000000
c0a807ee0a000001005001bb06000000
c0a80b170a000001005001bb06000000
c0a806fa0a000001005001bb06000000
c0a81b0f0a000001005001bb06000000
c0a81f300a000001005001bb06000000
c0a817340a000001005001bb06000000
c0a817e60a000001005001bb06000000
c0a81fe20a000001005001bb06000000
00000000000000000000000000000000
00000000000000000000000000000000
c0a81bc50a000001005001bb06000000
c0a823c10a000001005001bb06000000
c0a80bcd0a000001005001bb06000000
c0a813c90a000001005001bb06000000
c0a8031b0a000001005001bb06000000
c0a803d10a000001005001bb06000000
c0a802970a000001005001bb06000000
c0a80a930a000001005001bb06000000
c0a808720a000001005001bb06000000
c0a800760a000001005001bb06000000
c0a80eb40a000001005001bb06000000
c0a816b00a000001005001bb06000000
c0a81eac0a000001005001bb06000000
c0a820660a000001005001bb06000000
00000000000000000000000000000000
00000000000000000000000000000000
00000000000000000000000000000000
c0a824450a000001005001bb06000000
c0a80ef60a000001005001bb06000000
c0a8144d0a000001005001bb06000000
c0a80c510a000001005001bb06000000
c0a804550a000001005001bb06000000
00000000000000000000000000000000
00000000000000000000000000000000
c0a824030a000001005001bb06000000
c0a81c070a000001005001bb06000000
c0a8140b0a000001005001bb06000000
c0a80c0f0a000001005001bb06000000
c0a804130a000001005001bb06000000
c0a802d90a000001005001bb06000000
c0a80ad50a000001005001bb06000000
c0a8102c0a000001005001bb06000000
c0a808300a000001005001bb06000000
c0a800340a000001005001bb06000000
c0a81d730a000001005001bb06000000
c0a815770a000001005001bb06000000
00000000000000000000000000000000
c0a820240a000001005001bb06000000
c0a8057e0a000001005001bb06000000
c0a80d7a0a000001005001bb06000000
c0a8096a0a000001005001bb06000000
c0a8016e0a000001005001bb06000000
c0a819620a000001005001bb06000000
c0a811660a000001005001bb06000000
c0a81db40a000001005001bb06000000
c0a8215e0a000001005001bb06000000
c0a81d410a000001005001bb06000000
c0a815450a000001005001bb06000000
00000000000000000000000000000000
c0a8253d0a000001005001bb06000000
c0a8019f0a000001005001bb06000000
c0a8099b0a000001005001bb06000000
c0a80d490a000001005001bb06000000
c0a8054d0a000001005001bb06000000
c0a815030a000001005001bb06000000
c0a80d070a000001005001bb06000000
c0a824fb0a000001005001bb06000000
c0a81cff0a000001005001bb06000000
c0a809dd0a000001005001bb06000000
c0a811d90a000001005001bb06000000
c0a8050b0a000001005001bb06000000
c0a801e10a000001005001bb06000000
c0a80dbc0a000001005001bb06000000
c0a815b80a000001005001bb06000000
c0a809280a000001005001bb06000000
c0a8012c0a000001005001bb06000000
c0a819200a000001005001bb06000000
c0a811240a000001005001bb06000000
c0a80e720a000001005001bb06000000
c0a806760a000001005001bb06000000
c0a804870a000001005001bb06000000
c0a80c830a000001005001bb06000000
c0a8147f0a000001005001bb06000000
c0a81c7b0a000001005001bb06000000
c0a81a590a000001005001bb06000000
c0a8125d0a000001005001bb06000000
c0a80a610a000001005001bb06000000
c0a802650a000001005001bb06000000
c0a81e380a000001005001bb06000000
c0a8163c0a000001005001bb06000000
c0a80e400a000001005001bb06000000
c0a800a80a000001005001bb06000000
c0a808a40a000001005001bb06000000
c0a810a00a000001005001bb06000000
c0a8189c0a000001005001bb06000000
c0a820980a000001005001bb06000000
c0a815fa0a000001005001bb06000000
c0a80dfe0a000001005001bb06000000
c0a806020a000001005001bb06000000
c0a800ea0a000001005001bb06000000
c0a808e60a000001005001bb06000000
c0a810e20a000001005001bb06000000
c0a818de0a000001005001bb06000000
c0a820da0a000001005001bb06000000
c0a80cc50a000001005001bb06000000
c0a814c10a000001005001bb06000000
c0a81cbd0a000001005001bb06000000
c0a824b90a000001005001bb06000000
c0a8121b0a000001005001bb06000000
c0a80a1f0a000001005001bb06000000
c0a802230a000001005001bb06000000
c0a804c90a000001005001bb06000000
00000000000000000000000000000000
00000000000000000000000000000000
c0a817a70a000001005001bb06000000
c0a81fa30a000001005001bb06000000
c0a807af0a000001005001bb06000000
c0a80fab0a000001005001bb06000000
c0a807390a000001005001bb06000000
c0a8234c0a000001005001bb06000000
c0a80b8c0a000001005001bb06000000
c0a813880a000001005001bb06000000
c0a80b580a000001005001bb06000000
c0a8035c0a000001005001bb06000000
00000000000000000000000000000000
00000000000000000000000000000000
c0a81b840a000001005001bb06000000
c0a823800a000001005001bb06000000
c0a803ce0a000001005001bb06000000
c0a80bca0a000001005001bb06000000
c0a80b1a0a000001005001bb06000000
c0a8031e0a000001005001bb06000000
c0a823be0a000001005001bb06000000
00000000000000000000000000000000
c0a813c60a000001005001bb06000000
c0a81bc20a000001005001bb06000000
c0a817310a000001005001bb06000000
c0a80f350a000001005001bb06000000
c0a817e50a000001005001bb06000000
c0a81f2d0a000001005001bb06000000
c0a807ed0a000001005001bb06000000
c0a80fe90a000001005001bb06000000
c0a806fb0a000001005001bb06000000
c0a8230e0a000001005001bb06000000
c0a80ef70a000001005001bb06000000
c0a80c4e0a000001005001bb06000000
c0a804520a000001005001bb06000000
c0a8029a0a000001005001bb06000000
00000000000000000000000000000000
00000000000000000000000000000000
c0a824420a000001005001bb06000000
c0a81c460a000001005001bb06000000
c0a806b50a000001005001bb06000000
c0a80eb10a000001005001bb06000000
c0a816ad0a000001005001bb06000000
c0a81ea90a000001005001bb06000000
c0a80a960a000001005001bb06000000
c0a8106d0a000001005001bb06000000
c0a808710a000001005001bb06000000
c0a800750a000001005001bb06000000
c0a825700a000001005001bb06000000
c0a81d740a000001005001bb06000000
00000000000000000000000000000000
c0a820270a000001005001bb06000000
c0a80ad40a000001005001bb06000000
c0a8102f0a000001005001bb06000000
c0a808330a000001005001bb06000000
c0a800370a000001005001bb06000000
c0a81c080a000001005001bb06000000
c0a8140c0a000001005001bb06000000
c0a80c100a000001005001bb06000000
c0a802d80a000001005001bb06000000
00000000000000000000000000000000
00000000000000000000000000000000
00000000000000000000000000000000
c0a824040a000001005001bb06000000
c0a8099e0a000001005001bb06000000
c0a8119a0a000001005001bb06000000
c0a8054a0a000001005001bb06000000
c0a801a20a000001005001bb06000000
c0a815420a000001005001bb06000000
c0a80d460a000001005001bb06000000
c0a8253a0a000001005001bb06000000
c0a81d3e0a000001005001bb06000000
c0a819610a000001005001bb06000000
c0a811650a000001005001bb06000000
c0a815b50a000001005001bb06000000
c0a81db10a000001005001bb06000000
c0a8057f0a000001005001bb06000000
c0a80d7b0a000001005001bb06000000
c0a809690a000001005001bb06000000
c0a8016d0a000001005001bb06000000
c0a819230a000001005001bb06000000
c0a811270a000001005001bb06000000
c0a80e730a000001005001bb06000000
c0a806770a000001005001bb06000000
c0a805bd0a000001005001bb06000000
c0a80db90a000001005001bb06000000
c0a8092b0a000001005001bb06000000
c0a8012f0a000001005001bb06000000
c0a809dc0a000001005001bb06000000
c0a811d80a000001005001bb06000000
c0a80d080a000001005001bb06000000
c0a801e00a000001005001bb06000000
c0a81d000a000001005001bb06000000
c0a815040a000001005001bb06000000
00000000000000000000000000000000
c0a824fc0a000001005001bb06000000
c0a808a70a000001005001bb06000000
c0a810a30a000001005001bb06000000
c0a8189f0a000001005001bb06000000
c0a8209b0a000001005001bb06000000
c0a816390a000001005001bb06000000
c0a80e3d0a000001005001bb06000000
c0a806410a000001005001bb06000000
c0a800ab0a000001005001bb06000000
c0a81a580a000001005001bb06000000
c0a8125c0a000001005001bb06000000
c0a80a600a000001005001bb06000000
c0a802640a000001005001bb06000000
c0a80c840a000001005001bb06000000
c0a814800a000001005001bb06000000
c0a81c7c0a000001005001bb06000000
c0a824780a000001005001bb06000000
c0a81a1a0a000001005001bb06000000
c0a8121e0a000001005001bb06000000
c0a80a220a000001005001bb06000000
c0a802260a000001005001bb06000000
c0a804c60a000001005001bb06000000
c0a80cc20a000001005001bb06000000
c0a814be0a000001005001bb06000000
c0a81cba0a000001005001bb06000000
c0a808e50a000001005001bb06000000
c0a810e10a000001005001bb06000000
c0a818dd0a000001005001bb06000000
c0a81e350a000001005001bb06000000
c0a815fb0a000001005001bb06000000
c0a80dff0a000001005001bb06000000
c0a806030a000001005001bb06000000
c0a800e90a000001005001bb06000000
c0a807ae0a000001005001bb06000000
c0a80b570a000001005001bb06000000
c0a8073a0a000001005001bb06000000
c0a81b4f0a000001005001bb06000000
00000000000000000000000000000000
00000000000000000000000000000000
c0a817a60a000001005001bb06000000
c0a81fa20a000001005001bb06000000
00000000000000000000000000000000
00000000000000000000000000000000
c0a81b850a000001005001bb06000000
c0a823810a000001005001bb06000000
c0a80b8d0a000001005001bb06000000
c0a813890a000001005001bb06000000
c0a8035b0a000001005001bb06000000
c0a803910a000001005001bb06000000
c0a823bf0a000001005001bb06000000
00000000000000000000000000000000
c0a813c70a000001005001bb06000000
c0a81bc30a000001005001bb06000000
c0a803cf0a000001005001bb06000000
c0a80bcb0a000001005001bb06000000
c0a80b190a000001005001bb06000000
c0a8031d0a000001005001bb06000000
c0a807ec0a000001005001bb06000000
c0a80fe80a000001005001bb06000000
c0a80ef80a000001005001bb06000000
c0a806fc0a000001005001bb06000000
c0a817320a000001005001bb06000000
c0a80f360a000001005001bb06000000
c0a817e40a000001005001bb06000000
c0a81f2e0a000001005001bb06000000
00000000000000000000000000000000
00000000000000000000000000000000
c0a824430a000001005001bb06000000
c0a81c470a000001005001bb06000000
c0a8144b0a000001005001bb06000000
c0a80c4f0a000001005001bb06000000
c0a804530a000001005001bb06000000
c0a802990a000001005001bb06000000
c0a80a950a000001005001bb06000000
c0a8106c0a000001005001bb06000000
c0a808700a000001005001bb06000000
c0a800740a000001005001bb06000000
c0a806b60a000001005001bb06000000
c0a80eb20a000001005001bb06000000
c0a816ae0a000001005001bb06000000
c0a81eaa0a000001005001bb06000000
c0a802d70a000001005001bb06000000
c0a80ad30a000001005001bb06000000
c0a808320a000001005001bb06000000
c0a800360a000001005001bb06000000
c0a822c70a000001005001bb06000000
c0a81d750a000001005001bb06000000
00000000000000000000000000000000
c0a820260a000001005001bb06000000
00000000000000000000000000000000
00000000000000000000000000000000
00000000000000000000000000000000
c0a824050a000001005001bb06000000
c0a81c090a000001005001bb06000000
c0a8140d0a000001005001bb06000000
c0a80c110a000001005001bb06000000
c0a804150a000001005001bb06000000
c0a815430a000001005001bb06000000
c0a80d470a000001005001bb06000000
c0a8253b0a000001005001bb06000000
c0a81d3f0a000001005001bb06000000
c0a8099d0a000001005001bb06000000
c0a811990a000001005001bb06000000
c0a8054b0a000001005001bb06000000
c0a801a10a000001005001bb06000000
c0a80d7c0a000001005001bb06000000
c0a815780a000001005001bb06000000
c0a809680a000001005001bb06000000
c0a8016c0a000001005001bb06000000
c0a819600a000001005001bb06000000
c0a811640a000001005001bb06000000
c0a815b60a000001005001bb06000000
c0a81db20a000001005001bb06000000
c0a805be0a000001005001bb06000000
c0a80dba0a000001005001bb06000000
c0a8092a0a000001005001bb06000000
c0a8012e0a000001005001bb06000000
c0a819220a000001005001bb06000000
c0a811260a000001005001bb06000000
c0a816700a000001005001bb06000000
c0a80e740a000001005001bb06000000
c0a81d010a000001005001bb06000000
c0a815050a000001005001bb06000000
00000000000000000000000000000000
c0a824fd0a000001005001bb06000000
c0a801df0a000001005001bb06000000
c0a809db0a000001005001bb06000000
c0a80d090a000001005001bb06000000
c0a8050d0a000001005001bb06000000
c0a8163a0a000001005001bb06000000
c0a80e3e0a000001005001bb06000000
c0a806420a000001005001bb06000000
c0a800aa0a000001005001bb06000000
c0a808a60a000001005001bb06000000
c0a810a20a000001005001bb06000000
c0a8189e0a000001005001bb06000000
c0a8209a0a000001005001bb06000000
c0a80c850a000001005001bb06000000
c0a814810a000001005001bb06000000
c0a81c7d0a000001005001bb06000000
c0a824790a000001005001bb06000000
c0a8125b0a000001005001bb06000000
c0a80a5f0a000001005001bb06000000
c0a802630a000001005001bb06000000
c0a804890a000001005001bb06000000
c0a804c70a000001005001bb06000000
c0a80cc30a000001005001bb06000000
c0a814bf0a000001005001bb06000000
c0a81cbb0a000001005001bb06000000
c0a81a190a000001005001bb06000000
c0a8121d0a000001005001bb06000000
c0a80a210a000001005001bb06000000
c0a802250a000001005001bb06000000
c0a81df80a000001005001bb06000000
c0a815fc0a000001005001bb06000000
c0a80e000a000001005001bb06000000
c0a800e80a000001005001bb06000000
c0a808e40a000001005001bb06000000
c0a810e00a000001005001bb06000000
c0a818dc0a000001005001bb06000000
c0a81e360a000001005001bb06000000
c0a800e70a000001005001bb06000000
c0a808e30a000001005001bb06000000
c0a810df0a000001005001bb06000000
c0a818db0a000001005001bb06000000
c0a81df90a000001005001bb06000000
c0a815fd0a000001005001bb06000000
c0a80e010a000001005001bb06000000
c0a806050a000001005001bb06000000
c0a813730a000001005001bb06000000
c0a80b770a000001005001bb06000000
c0a812200a000001005001bb06000000
c0a80a240a000001005001bb06000000
c0a802280a000001005001bb06000000
c0a80cc00a000001005001bb06000000
c0a814bc0a000001005001bb06000000
c0a81cb80a000001005001bb06000000
c0a8225a0a000001005001bb06000000
c0a81a5e0a000001005001bb06000000
c0a812620a000001005001bb06000000
c0a80a660a000001005001bb06000000
c0a8026a0a000001005001bb06000000
c0a804820a000001005001bb06000000
c0a80c7e0a000001005001bb06000000
c0a8147a0a000001005001bb06000000
c0a800a50a000001005001bb06000000
c0a808a10a000001005001bb06000000
c0a8109d0a000001005001bb06000000
c0a818990a000001005001bb06000000
c0a81e3b0a000001005001bb06000000
c0a8163f0a000001005001bb06000000
c0a80e430a000001005001bb06000000
c0a806470a000001005001bb06000000
c0a821de0a000001005001bb06000000
c0a81d340a000001005001bb06000000
c0a811e60a000001005001bb06000000
c0a819e20a000001005001bb06000000
c0a801ee0a000001005001bb06000000
c0a809ea0a000001005001bb06000000
c0a80cfa0a000001005001bb06000000
c0a804fe0a000001005001bb06000000
c0a801210a000001005001bb06000000
c0a805cb0a000001005001bb06000000
c0a811190a000001005001bb06000000
c0a8091d0a000001005001bb06000000
c0a81dbf0a000001005001bb06000000
c0a825bb0a000001005001bb06000000
c0a80dc70a000001005001bb06000000
c0a815c30a000001005001bb06000000
c0a801630a000001005001bb06000000
c0a805890a000001005001bb06000000
c0a8115b0a000001005001bb06000000
c0a8095f0a000001005001bb06000000
c0a81d7d0a000001005001bb06000000
c0a825790a000001005001bb06000000
c0a80d850a000001005001bb06000000
c0a815810a000001005001bb06000000
c0a8219c0a000001005001bb06000000
00000000000000000000000000000000
c0a811a40a000001005001bb06000000
c0a819a00a000001005001bb06000000
c0a801ac0a000001005001bb06000000
c0a809a80a000001005001bb06000000
c0a815380a000001005001bb06000000
c0a80d3c0a000001005001bb06000000
c0a822e60a000001005001bb06000000
c0a81c2c0a000001005001bb06000000
c0a814300a000001005001bb06000000
c0a80c340a000001005001bb06000000
c0a802f60a000001005001bb06000000
c0a80af20a000001005001bb06000000
c0a810110a000001005001bb06000000
c0a808150a000001005001bb06000000
c0a800190a000001005001bb06000000
c0a806d30a000001005001bb06000000
c0a80ecf0a000001005001bb06000000
c0a816cb0a000001005001bb06000000
c0a81ec70a000001005001bb06000000
c0a826c30a000001005001bb06000000
00000000000000000000000000000000
00000000000000000000000000000000
c0a8005b0a000001005001bb06000000
c0a806910a000001005001bb06000000
c0a80e8d0a000001005001bb06000000
c0a816890a000001005001bb06000000
c0a81e850a000001005001bb06000000
c0a826810a000001005001bb06000000
00000000000000000000000000000000
00000000000000000000000000000000
c0a822a40a000001005001bb06000000
00000000000000000000000000000000
00000000000000000000000000000000
00000000000000000000000000000000
c0a802b40a000001005001bb06000000
c0a80ab00a000001005001bb06000000
c0a810530a000001005001bb06000000
c0a808570a000001005001bb06000000
00000000000000000000000000000000
c0a807db0a000001005001bb06000000
c0a80f090a000001005001bb06000000
c0a8070d0a000001005001bb06000000
c0a81f010a000001005001bb06000000
c0a817050a000001005001bb06000000
00000000000000000000000000000000
c0a826fd0a000001005001bb06000000
c0a823200a000001005001bb06000000
c0a81b240a000001005001bb06000000
c0a824720a000001005001bb06000000
c0a81c760a000001005001bb06000000
c0a803300a000001005001bb06000000
c0a80bb80a000001005001bb06000000
c0a80fd70a000001005001bb06000000
c0a80b2c0a000001005001bb06000000
c0a823620a000001005001bb06000000
c0a81b660a000001005001bb06000000
c0a813b40a000001005001bb06000000
c0a81bb00a000001005001bb06000000
c0a803720a000001005001bb06000000
c0a8037a0a000001005001bb06000000
c0a80f950a000001005001bb06000000
c0a80b6e0a000001005001bb06000000
c0a813ee0a000001005001bb06000000
c0a807990a000001005001bb06000000
c0a803f60a000001005001bb06000000
c0a8074f0a000001005001bb06000000
c0a81f430a000001005001bb06000000
c0a817470a000001005001bb06000000
c0a823e60a000001005001bb06000000
00000000000000000000000000000000
c0a81dfa0a000001005001bb06000000
c0a815fe0a000001005001bb06000000
c0a80e020a000001005001bb06000000
c0a806060a000001005001bb06000000
c0a800e60a000001005001bb06000000
c0a808e20a000001005001bb06000000
c0a810de0a000001005001bb06000000
c0a818da0a000001005001bb06000000
c0a804c50a000001005001bb06000000
c0a80cc10a000001005001bb06000000
c0a814bd0a000001005001bb06000000
c0a81cb90a000001005001bb06000000
c0a81a1b0a000001005001bb06000000
c0a8121f0a000001005001bb06000000
c0a80a230a000001005001bb06000000
c0a802270a000001005001bb06000000
c0a802690a000001005001bb06000000
c0a804830a000001005001bb06000000
c0a80c7f0a000001005001bb06000000
c0a8147b0a000001005001bb06000000
c0a822590a000001005001bb06000000
c0a81a5d0a000001005001bb06000000
c0a812610a000001005001bb06000000
c0a80a650a000001005001bb06000000
c0a826380a000001005001bb06000000
c0a81e3c0a000001005001bb06000000
c0a816400a000001005001bb06000000
c0a80e440a000001005001bb06000000
c0a800a40a000001005001bb06000000
c0a808a00a000001005001bb06000000
c0a8109c0a000001005001bb06000000
c0a818980a000001005001bb06000000
c0a801ed0a000001005001bb06000000
c0a809e90a000001005001bb06000000
c0a80cfb0a000001005001bb06000000
c0a804ff0a000001005001bb06000000
c0a821dd0a000001005001bb06000000
c0a81d350a000001005001bb06000000
c0a811e50a000001005001bb06000000
c0a819e10a000001005001bb06000000
c0a825bc0a000001005001bb06000000
00000000000000000000000000000000
c0a815c40a000001005001bb06000000
c0a81dc00a000001005001bb06000000
c0a801200a000001005001bb06000000
c0a80dc80a000001005001bb06000000
c0a811180a000001005001bb06000000
c0a8091c0a000001005001bb06000000
c0a81d7e0a000001005001bb06000000
c0a8257a0a000001005001bb06000000
c0a80d860a000001005001bb06000000
c0a815820a000001005001bb06000000
c0a801620a000001005001bb06000000
c0a8058a0a000001005001bb06000000
c0a8115a0a000001005001bb06000000
c0a8095e0a000001005001bb06000000
c0a805410a000001005001bb06000000
c0a801ab0a000001005001bb06000000
c0a815390a000001005001bb06000000
c0a80d3d0a000001005001bb06000000
c0a8199f0a000001005001bb06000000
c0a8219b0a000001005001bb06000000
c0a809a70a000001005001bb06000000
c0a811a30a000001005001bb06000000
c0a802f50a000001005001bb06000000
c0a80af10a000001005001bb06000000
c0a810100a000001005001bb06000000
c0a808140a000001005001bb06000000
c0a822e50a000001005001bb06000000
c0a81c2d0a000001005001bb06000000
c0a814310a000001005001bb06000000
c0a80c350a000001005001bb06000000
c0a826c40a000001005001bb06000000
00000000000000000000000000000000
00000000000000000000000000000000
00000000000000000000000000000000
c0a800180a000001005001bb06000000
c0a80ed00a000001005001bb06000000
c0a816cc0a000001005001bb06000000
c0a81ec80a000001005001bb06000000
c0a81e860a000001005001bb06000000
c0a826820a000001005001bb06000000
00000000000000000000000000000000
00000000000000000000000000000000
c0a8005a0a000001005001bb06000000
c0a806920a000001005001bb06000000
c0a80e8e0a000001005001bb06000000
c0a8168a0a000001005001bb06000000
c0a804390a000001005001bb06000000
c0a802b30a000001005001bb06000000
c0a80aaf0a000001005001bb06000000
c0a808560a000001005001bb06000000
c0a81aa70a000001005001bb06000000
c0a822a30a000001005001bb06000000
00000000000000000000000000000000
00000000000000000000000000000000
c0a81f020a000001005001bb06000000
c0a817060a000001005001bb06000000
00000000000000000000000000000000
c0a826fe0a000001005001bb06000000
00000000000000000000000000000000
c0a807da0a000001005001bb06000000
c0a80f0a0a000001005001bb06000000
c0a8070e0a000001005001bb06000000
c0a803bd0a000001005001bb06000000
c0a80bb90a000001005001bb06000000
c0a80b2b0a000001005001bb06000000
c0a8032f0a000001005001bb06000000
c0a81b230a000001005001bb06000000
c0a813270a000001005001bb06000000
c0a824730a000001005001bb06000000
c0a81c770a000001005001bb06000000
c0a803710a000001005001bb06000000
c0a8037b0a000001005001bb06000000
c0a80f940a000001005001bb06000000
c0a80b6d0a000001005001bb06000000
c0a823610a000001005001bb06000000
c0a81b650a000001005001bb06000000
c0a813b50a000001005001bb06000000
c0a81bb10a000001005001bb06000000
00000000000000000000000000000000
c0a81f440a000001005001bb06000000
c0a823e70a000001005001bb06000000
00000000000000000000000000000000
c0a807500a000001005001bb06000000
c0a807980a000001005001bb06000000
c0a803f70a000001005001bb06000000
c0a80bf30a000001005001bb06000000
c0a81b710a000001005001bb06000000
c0a813750a000001005001bb06000000
c0a812220a000001005001bb06000000
c0a80a260a000001005001bb06000000
c0a8022a0a000001005001bb06000000
c0a804c20a000001005001bb06000000
c0a80cbe0a000001005001bb06000000
c0a814ba0a000001005001bb06000000
c0a800e50a000001005001bb06000000
c0a808e10a000001005001bb06000000
c0a810dd0a000001005001bb06000000
c0a818d90a000001005001bb06000000
c0a81dfb0a000001005001bb06000000
c0a815ff0a000001005001bb06000000
c0a80e030a000001005001bb06000000
c0a806070a000001005001bb06000000
c0a800a70a000001005001bb06000000
c0a808a30a000001005001bb06000000
c0a8109f0a000001005001bb06000000
c0a8189b0a000001005001bb06000000
c0a81e390a000001005001bb06000000
c0a8163d0a000001005001bb06000000
c0a80e410a000001005001bb06000000
c0a806450a000001005001bb06000000
c0a81cb60a000001005001bb06000000
c0a81a5c0a000001005001bb06000000
c0a812600a000001005001bb06000000
c0a80a640a000001005001bb06000000
c0a802680a000001005001bb06000000
c0a80c800a000001005001bb06000000
c0a8147c0a000001005001bb06000000
c0a81c780a000001005001bb06000000
c0a801230a000001005001bb06000000
c0a805c90a000001005001bb06000000
c0a8111b0a000001005001bb06000000
c0a8091f0a000001005001bb06000000
c0a81dbd0a000001005001bb06000000
c0a825b90a000001005001bb06000000
c0a80dc50a000001005001bb06000000
c0a815c10a000001005001bb06000000
c0a81d320a000001005001bb06000000
c0a815360a000001005001bb06000000
c0a811e40a000001005001bb06000000
c0a819e00a000001005001bb06000000
c0a801ec0a000001005001bb06000000
c0a809e80a000001005001bb06000000
c0a814f80a000001005001bb06000000
c0a80cfc0a000001005001bb06000000
c0a8219e0a000001005001bb06000000
00000000000000000000000000000000
c0a811a60a000001005001bb06000000
c0a819a20a000001005001bb06000000
c0a801ae0a000001005001bb06000000
c0a809aa0a000001005001bb06000000
c0a80d3a0a000001005001bb06000000
c0a8053e0a000001005001bb06000000
c0a801610a000001005001bb06000000
c0a8058b0a000001005001bb06000000
c0a811590a000001005001bb06000000
c0a8095d0a000001005001bb06000000
c0a81d7f0a000001005001bb06000000
c0a8257b0a000001005001bb06000000
c0a80d870a000001005001bb06000000
c0a815830a000001005001bb06000000
c0a8001b0a000001005001bb06000000
c0a806d10a000001005001bb06000000
c0a80ecd0a000001005001bb06000000
c0a816c90a000001005001bb06000000
c0a81ec50a000001005001bb06000000
c0a826c10a000001005001bb06000000
00000000000000000000000000000000
00000000000000000000000000000000
c0a81c2a0a000001005001bb06000000
c0a8142e0a000001005001bb06000000
c0a80c320a000001005001bb06000000
c0a804360a000001005001bb06000000
c0a802f40a000001005001bb06000000
c0a80af00a000001005001bb06000000
c0a810130a000001005001bb06000000
c0a808170a000001005001bb06000000
c0a822a60a000001005001bb06000000
00000000000000000000000000000000
00000000000000000000000000000000
00000000000000000000000000000000
c0a802b60a000001005001bb06000000
c0a80ab20a000001005001bb06000000
c0a810510a000001005001bb06000000
c0a808550a000001005001bb06000000
c0a800590a000001005001bb06000000
c0a806930a000001005001bb06000000
c0a80e8f0a000001005001bb06000000
c0a8168b0a000001005001bb06000000
c0a81e870a000001005001bb06000000
c0a826830a000001005001bb06000000
00000000000000000000000000000000
00000000000000000000000000000000
c0a823220a000001005001bb06000000
c0a81b260a000001005001bb06000000
00000000000000000000000000000000
c0a824740a000001005001bb06000000
c0a803320a000001005001bb06000000
c0a803ba0a000001005001bb06000000
c0a80fd50a000001005001bb06000000
c0a80b2e0a000001005001bb06000000
00000000000000000000000000000000
c0a807d90a000001005001bb06000000
c0a80f0b0a000001005001bb06000000
c0a8070f0a000001005001bb06000000
c0a81f030a000001005001bb06000000
c0a817070a000001005001bb06000000
00000000000000000000000000000000
c0a826ff0a000001005001bb06000000
c0a81bec0a000001005001bb06000000
c0a8079b0a000001005001bb06000000
c0a80bf40a000001005001bb06000000
c0a8074d0a000001005001bb06000000
c0a81f410a000001005001bb06000000
c0a817450a000001005001bb06000000
00000000000000000000000000000000
00000000000000000000000000000000
c0a81bae0a000001005001bb06000000
c0a81b640a000001005001bb06000000
c0a80bb60a000001005001bb06000000
c0a813b20a000001005001bb06000000
c0a803700a000001005001bb06000000
c0a80b780a000001005001bb06000000
c0a80f970a000001005001bb06000000
c0a80b6c0a000001005001bb06000000
c0a802290a000001005001bb06000000
c0a804c30a000001005001bb06000000
c0a80cbf0a000001005001bb06000000
c0a814bb0a000001005001bb06000000
c0a81b720a000001005001bb06000000
c0a813760a000001005001bb06000000
c0a812210a000001005001bb06000000
c0a80a250a000001005001bb06000000
c0a825f80a000001005001bb06000000
c0a81dfc0a000001005001bb06000000
c0a816000a000001005001bb06000000
c0a80e040a000001005001bb06000000
c0a800e40a000001005001bb06000000
c0a808e00a000001005001bb06000000
c0a810dc0a000001005001bb06000000
c0a818d80a000001005001bb06000000
c0a81e3a0a000001005001bb06000000
c0a8163e0a000001005001bb06000000
c0a80e420a000001005001bb06000000
c0a806460a000001005001bb06000000
c0a800a60a000001005001bb06000000
c0a808a20a000001005001bb06000000
c0a8109e0a000001005001bb06000000
c0a8189a0a000001005001bb06000000
c0a804850a000001005001bb06000000
c0a80c810a000001005001bb06000000
c0a8147d0a000001005001bb06000000
c0a81c790a000001005001bb06000000
c0a81a5b0a000001005001bb06000000
c0a8125f0a000001005001bb06000000
c0a80a630a000001005001bb06000000
c0a802670a000001005001bb06000000
c0a81dbe0a000001005001bb06000000
c0a825ba0a000001005001bb06000000
c0a80dc60a000001005001bb06000000
c0a815c20a000001005001bb06000000
c0a801220a000001005001bb06000000
c0a805ca0a000001005001bb06000000
c0a8111a0a000001005001bb06000000
c0a8091e0a000001005001bb06000000
c0a805010a000001005001bb06000000
c0a801eb0a000001005001bb06000000
c0a814f90a000001005001bb06000000
c0a80cfd0a000001005001bb06000000
c0a819df0a000001005001bb06000000
c0a815370a000001005001bb06000000
c0a809e70a000001005001bb06000000
c0a811e30a000001005001bb06000000
c0a801ad0a000001005001bb06000000
c0a809a90a000001005001bb06000000
c0a80d3b0a000001005001bb06000000
c0a8053f0a000001005001bb06000000
c0a8219d0a000001005001bb06000000
00000000000000000000000000000000
c0a811a50a000001005001bb06000000
c0a819a10a000001005001bb06000000
c0a8257c0a000001005001bb06000000
00000000000000000000000000000000
c0a815840a000001005001bb06000000
c0a81d800a000001005001bb06000000
c0a801600a000001005001bb06000000
c0a80d880a000001005001bb06000000
c0a811580a000001005001bb06000000
c0a8095c0a000001005001bb06000000
c0a81ec60a000001005001bb06000000
c0a826c20a000001005001bb06000000
00000000000000000000000000000000
00000000000000000000000000000000
c0a8001a0a000001005001bb06000000
c0a806d20a000001005001bb06000000
c0a80ece0a000001005001bb06000000
c0a816ca0a000001005001bb06000000
c0a803f90a000001005001bb06000000
c0a802f30a000001005001bb06000000
c0a80aef0a000001005001bb06000000
c0a808160a000001005001bb06000000
c0a81ae70a000001005001bb06000000
c0a8142f0a000001005001bb06000000
c0a80c330a000001005001bb06000000
c0a804370a000001005001bb06000000
c0a802b50a000001005001bb06000000
c0a80ab10a000001005001bb06000000
c0a810500a000001005001bb06000000
c0a808540a000001005001bb06000000
c0a822a50a000001005001bb06000000
00000000000000000000000000000000
00000000000000000000000000000000
00000000000000000000000000000000
c0a826840a000001005001bb06000000
00000000000000000000000000000000
00000000000000000000000000000000
00000000000000000000000000000000
c0a800580a000001005001bb06000000
c0a80e900a000001005001bb06000000
c0a8168c0a000001005001bb06000000
c0a81e880a000001005001bb06000000
c0a803310a000001005001bb06000000
c0a803bb0a000001005001bb06000000
c0a80fd40a000001005001bb06000000
c0a80b2d0a000001005001bb06000000
c0a823210a000001005001bb06000000
c0a81b250a000001005001bb06000000
00000000000000000000000000000000
c0a824750a000001005001bb06000000
c0a827000a000001005001bb06000000
c0a81f040a000001005001bb06000000
00000000000000000000000000000000
00000000000000000000000000000000
c0a807100a000001005001bb06000000
c0a807d80a000001005001bb06000000
c0a817080a000001005001bb06000000
c0a80f0c0a000001005001bb06000000
c0a81f420a000001005001bb06000000
c0a817460a000001005001bb06000000
00000000000000000000000000000000
00000000000000000000000000000000
c0a81bed0a000001005001bb06000000
c0a8079a0a000001005001bb06000000
c0a80bf50a000001005001bb06000000
c0a8074e0a000001005001bb06000000
c0a8037d0a000001005001bb06000000
c0a80b790a000001005001bb06000000
c0a80b6b0a000001005001bb06000000
c0a8036f0a000001005001bb06000000
c0a81b630a000001005001bb06000000
c0a813670a000001005001bb06000000
c0a80bb70a000001005001bb06000000
c0a813b30a000001005001bb06000000
c0a81cb40a000001005001bb06000000
c0a8225e0a000001005001bb06000000
c0a81a620a000001005001bb06000000
c0a812660a000001005001bb06000000
c0a80a6a0a000001005001bb06000000
c0a8026e0a000001005001bb06000000
c0a8047e0a000001005001bb06000000
c0a80c7a0a000001005001bb06000000
c0a8064b0a000001005001bb06000000
c0a800a10a000001005001bb06000000
c0a8089d0a000001005001bb06000000
c0a810990a000001005001bb06000000
c0a8263b0a000001005001bb06000000
c0a81e3f0a000001005001bb06000000
c0a816430a000001005001bb06000000
c0a80e470a000001005001bb06000000
c0a806090a000001005001bb06000000
c0a800e30a000001005001bb06000000
c0a808df0a000001005001bb06000000
c0a810db0a000001005001bb06000000
c0a825f90a000001005001bb06000000
c0a81dfd0a000001005001bb06000000
c0a816010a000001005001bb06000000
c0a80e050a000001005001bb06000000
c0a80b730a000001005001bb06000000
c0a803770a000001005001bb06000000
c0a81a200a000001005001bb06000000
c0a812240a000001005001bb06000000
c0a80a280a000001005001bb06000000
c0a8022c0a000001005001bb06000000
c0a80cbc0a000001005001bb06000000
c0a814b80a000001005001bb06000000
c0a809630a000001005001bb06000000
c0a801670a000001005001bb06000000
c0a8195b0a000001005001bb06000000
c0a8115f0a000001005001bb06000000
c0a8157d0a000001005001bb06000000
c0a81d790a000001005001bb06000000
c0a805850a000001005001bb06000000
c0a80d810a000001005001bb06000000
c0a8199c0a000001005001bb06000000
c0a821980a000001005001bb06000000
c0a809a40a000001005001bb06000000
c0a811a00a000001005001bb06000000
c0a80d400a000001005001bb06000000
c0a801a80a000001005001bb06000000
c0a81d380a000001005001bb06000000
c0a8153c0a000001005001bb06000000
c0a819de0a000001005001bb06000000
c0a821da0a000001005001bb06000000
c0a809e60a000001005001bb06000000
c0a811e20a000001005001bb06000000
c0a805020a000001005001bb06000000
c0a801ea0a000001005001bb06000000
c0a814fa0a000001005001bb06000000
c0a80cfe0a000001005001bb06000000
c0a809210a000001005001bb06000000
c0a801250a000001005001bb06000000
c0a819190a000001005001bb06000000
c0a8111d0a000001005001bb06000000
c0a815bf0a000001005001bb06000000
c0a81dbb0a000001005001bb06000000
c0a805c70a000001005001bb06000000
c0a80dc30a000001005001bb06000000
c0a8085b0a000001005001bb06000000
c0a8005f0a000001005001bb06000000
c0a8068d0a000001005001bb06000000
c0a80e890a000001005001bb06000000
c0a816850a000001005001bb06000000
c0a81e810a000001005001bb06000000
c0a8267d0a000001005001bb06000000
00000000000000000000000000000000
c0a81aa40a000001005001bb06000000
c0a822a00a000001005001bb06000000
00000000000000000000000000000000
00000000000000000000000000000000
c0a80c380a000001005001bb06000000
c0a802b00a000001005001bb06000000
c0a80aac0a000001005001bb06000000
c0a810570a000001005001bb06000000
c0a81ae60a000001005001bb06000000
c0a822e20a000001005001bb06000000
c0a81c300a000001005001bb06000000
c0a814340a000001005001bb06000000
c0a803fa0a000001005001bb06000000
c0a802f20a000001005001bb06000000
c0a80aee0a000001005001bb06000000
c0a810150a000001005001bb06000000
c0a808190a000001005001bb06000000
c0a8001d0a000001005001bb06000000
c0a806cf0a000001005001bb06000000
c0a80ecb0a000001005001bb06000000
c0a816c70a000001005001bb06000000
c0a81ec30a000001005001bb06000000
c0a826bf0a000001005001bb06000000
00000000000000000000000000000000
c0a81bac0a000001005001bb06000000
c0a823660a000001005001bb06000000
c0a80bb40a000001005001bb06000000
c0a813b00a000001005001bb06000000
c0a80b720a000001005001bb06000000
c0a803760a000001005001bb06000000
c0a807950a000001005001bb06000000
c0a80f910a000001005001bb06000000
c0a807530a000001005001bb06000000
c0a823ea0a000001005001bb06000000
c0a80bf60a000001005001bb06000000
c0a80f4f0a000001005001bb06000000
00000000000000000000000000000000
c0a81f470a000001005001bb06000000
00000000000000000000000000000000
00000000000000000000000000000000
c0a807110a000001005001bb06000000
00000000000000000000000000000000
c0a817090a000001005001bb06000000
c0a80f0d0a000001005001bb06000000
c0a827010a000001005001bb06000000
c0a81f050a000001005001bb06000000
00000000000000000000000000000000
00000000000000000000000000000000
00000000000000000000000000000000
c0a823240a000001005001bb06000000
c0a81c720a000001005001bb06000000
c0a814760a000001005001bb06000000
c0a80b300a000001005001bb06000000
c0a803340a000001005001bb06000000
c0a807d70a000001005001bb06000000
c0a80fd30a000001005001bb06000000
c0a80a690a000001005001bb06000000
c0a8026d0a000001005001bb06000000
c0a8047f0a000001005001bb06000000
c0a80c7b0a000001005001bb06000000
c0a81cb50a000001005001bb06000000
c0a8225d0a000001005001bb06000000
c0a81a610a000001005001bb06000000
c0a812650a000001005001bb06000000
00000000000000000000000000000000
c0a8263c0a000001005001bb06000000
c0a81e400a000001005001bb06000000
c0a816440a000001005001bb06000000
c0a80e480a000001005001bb06000000
c0a800a00a000001005001bb06000000
c0a8089c0a000001005001bb06000000
c0a810980a000001005001bb06000000
c0a825fa0a000001005001bb06000000
c0a81dfe0a000001005001bb06000000
c0a816020a000001005001bb06000000
c0a80e060a000001005001bb06000000
c0a8060a0a000001005001bb06000000
c0a800e20a000001005001bb06000000
c0a808de0a000001005001bb06000000
c0a810da0a000001005001bb06000000
c0a8022b0a000001005001bb06000000
c0a804c10a000001005001bb06000000
c0a80cbd0a000001005001bb06000000
c0a814b90a000001005001bb06000000
c0a813700a000001005001bb06000000
c0a80b740a000001005001bb06000000
c0a812230a000001005001bb06000000
c0a80a270a000001005001bb06000000
c0a8157e0a000001005001bb06000000
c0a81d7a0a000001005001bb06000000
c0a805860a000001005001bb06000000
c0a80d820a000001005001bb06000000
c0a809620a000001005001bb06000000
c0a801660a000001005001bb06000000
c0a8195a0a000001005001bb06000000
c0a8115e0a000001005001bb06000000
c0a80d410a000001005001bb06000000
c0a805450a000001005001bb06000000
c0a81d390a000001005001bb06000000
c0a8153d0a000001005001bb06000000
c0a8119f0a000001005001bb06000000
c0a8199b0a000001005001bb06000000
c0a801a70a000001005001bb06000000
c0a809a30a000001005001bb06000000
c0a805030a000001005001bb06000000
c0a801e90a000001005001bb06000000
c0a814fb0a000001005001bb06000000
c0a80cff0a000001005001bb06000000
c0a819dd0a000001005001bb06000000
c0a821d90a000001005001bb06000000
c0a809e50a000001005001bb06000000
c0a811e10a000001005001bb06000000
c0a81dbc0a000001005001bb06000000
c0a825b80a000001005001bb06000000
c0a80dc40a000001005001bb06000000
c0a815c00a000001005001bb06000000
c0a809200a000001005001bb06000000
c0a801240a000001005001bb06000000
c0a819180a000001005001bb06000000
c0a8111c0a000001005001bb06000000
c0a816860a000001005001bb06000000
c0a81e820a000001005001bb06000000
c0a8267e0a000001005001bb06000000
00000000000000000000000000000000
c0a8085a0a000001005001bb06000000
c0a8005e0a000001005001bb06000000
c0a8068e0a000001005001bb06000000
c0a80e8a0a000001005001bb06000000
c0a80c390a000001005001bb06000000
c0a8043d0a000001005001bb06000000
c0a802af0a000001005001bb06000000
c0a80aab0a000001005001bb06000000
c0a812a70a000001005001bb06000000
c0a81aa30a000001005001bb06000000
c0a8229f0a000001005001bb06000000
00000000000000000000000000000000
c0a803fb0a000001005001bb06000000
c0a802f10a000001005001bb06000000
c0a80aed0a000001005001bb06000000
c0a810140a000001005001bb06000000
c0a81ae50a000001005001bb06000000
c0a822e10a000001005001bb06000000
c0a81c310a000001005001bb06000000
c0a814350a000001005001bb06000000
c0a81ec40a000001005001bb06000000
c0a826c00a000001005001bb06000000
00000000000000000000000000000000
00000000000000000000000000000000
c0a808180a000001005001bb06000000
c0a8001c0a000001005001bb06000000
c0a80ecc0a000001005001bb06000000
c0a816c80a000001005001bb06000000
c0a80b710a000001005001bb06000000
c0a803750a000001005001bb06000000
c0a807940a000001005001bb06000000
c0a80f900a000001005001bb06000000
c0a81bad0a000001005001bb06000000
c0a823650a000001005001bb06000000
c0a80bb50a000001005001bb06000000
c0a813b10a000001005001bb06000000
00000000000000000000000000000000
00000000000000000000000000000000
00000000000000000000000000000000
00000000000000000000000000000000
c0a80f500a000001005001bb06000000
c0a807540a000001005001bb06000000
c0a80bf70a000001005001bb06000000
c0a813f30a000001005001bb06000000
c0a827020a000001005001bb06000000
c0a81f060a000001005001bb06000000
00000000000000000000000000000000
00000000000000000000000000000000
c0a807120a000001005001bb06000000
00000000000000000000000000000000
c0a8170a0a000001005001bb06000000
c0a80f0e0a000001005001bb06000000
c0a803330a000001005001bb06000000
c0a803b90a000001005001bb06000000
c0a807d60a000001005001bb06000000
c0a80b2f0a000001005001bb06000000
c0a823230a000001005001bb06000000
c0a81b270a000001005001bb06000000
c0a81c730a000001005001bb06000000
c0a814770a000001005001bb06000000
c0a806490a000001005001bb06000000
c0a800a30a000001005001bb06000000
c0a8089f0a000001005001bb06000000
c0a8109b0a000001005001bb06000000
c0a826390a000001005001bb06000000
c0a81e3d0a000001005001bb06000000
c0a816410a000001005001bb06000000
c0a80e450a000001005001bb06000000
c0a814b60a000001005001bb06000000
c0a81cb20a000001005001bb06000000
c0a81a600a000001005001bb06000000
c0a812640a000001005001bb06000000
c0a80a680a000001005001bb06000000
c0a8026c0a000001005001bb06000000
c0a80c7c0a000001005001bb06000000
c0a814780a000001005001bb06000000
c0a813710a000001005001bb06000000
c0a80b750a000001005001bb06000000
c0a81a220a000001005001bb06000000
c0a812260a000001005001bb06000000
c0a80a2a0a000001005001bb06000000
c0a8022e0a000001005001bb06000000
c0a804be0a000001005001bb06000000
c0a80cba0a000001005001bb06000000
c0a8060b0a000001005001bb06000000
c0a800e10a000001005001bb06000000
c0a808dd0a000001005001bb06000000
c0a810d90a000001005001bb06000000
c0a825fb0a000001005001bb06000000
c0a81dff0a000001005001bb06000000
c0a816030a000001005001bb06000000
c0a80e070a000001005001bb06000000
c0a8199e0a000001005001bb06000000
c0a8219a0a000001005001bb06000000
c0a809a60a000001005001bb06000000
c0a811a20a000001005001bb06000000
c0a805420a000001005001bb06000000
c0a801aa0a000001005001bb06000000
c0a8153a0a000001005001bb06000000
c0a80d3e0a000001005001bb06000000
c0a809610a000001005001bb06000000
c0a801650a000001005001bb06000000
c0a819590a000001005001bb06000000
c0a8115d0a000001005001bb06000000
c0a8157f0a000001005001bb06000000
c0a81d7b0a000001005001bb06000000
c0a805870a000001005001bb06000000
c0a80d830a000001005001bb06000000
c0a809230a000001005001bb06000000
c0a801270a000001005001bb06000000
c0a8191b0a000001005001bb06000000
c0a8111f0a000001005001bb06000000
c0a815bd0a000001005001bb06000000
c0a81db90a000001005001bb06000000
c0a805c50a000001005001bb06000000
c0a80dc10a000001005001bb06000000
c0a819dc0a000001005001bb06000000
c0a81d360a000001005001bb06000000
c0a809e40a000001005001bb06000000
c0a811e00a000001005001bb06000000
c0a80d000a000001005001bb06000000
c0a801e80a000001005001bb06000000
c0a81cf80a000001005001bb06000000
c0a814fc0a000001005001bb06000000
c0a81aa60a000001005001bb06000000
c0a822a20a000001005001bb06000000
00000000000000000000000000000000
00000000000000000000000000000000
c0a8043a0a000001005001bb06000000
c0a802b20a000001005001bb06000000
c0a80aae0a000001005001bb06000000
c0a810550a000001005001bb06000000
c0a808590a000001005001bb06000000
c0a8005d0a000001005001bb06000000
c0a8068f0a000001005001bb06000000
c0a80e8b0a000001005001bb06000000
c0a816870a000001005001bb06000000
c0a81e830a000001005001bb06000000
c0a8267f0a000001005001bb06000000
00000000000000000000000000000000
c0a8081b0a000001005001bb06000000
c0a8001f0a000001005001bb06000000
c0a806cd0a000001005001bb06000000
c0a80ec90a000001005001bb06000000
c0a816c50a000001005001bb06000000
c0a81ec10a000001005001bb06000000
c0a826bd0a000001005001bb06000000
00000000000000000000000000000000
c0a81ae40a000001005001bb06000000
c0a81c2e0a000001005001bb06000000
c0a814320a000001005001bb06000000
c0a80c360a000001005001bb06000000
c0a80bf80a000001005001bb06000000
c0a802f00a000001005001bb06000000
c0a80aec0a000001005001bb06000000
c0a810170a000001005001bb06000000
c0a807510a000001005001bb06000000
00000000000000000000000000000000
c0a813f40a000001005001bb06000000
c0a80f4d0a000001005001bb06000000
00000000000000000000000000000000
c0a81f450a000001005001bb06000000
00000000000000000000000000000000
00000000000000000000000000000000
c0a813ae0a000001005001bb06000000
c0a81baa0a000001005001bb06000000
c0a803b60a000001005001bb06000000
c0a80bb20a000001005001bb06000000
c0a80b700a000001005001bb06000000
c0a803740a000001005001bb06000000
c0a807970a000001005001bb06000000
c0a80f930a000001005001bb06000000
00000000000000000000000000000000
c0a823260a000001005001bb06000000
c0a824700a000001005001bb06000000
c0a81c740a000001005001bb06000000
c0a80b320a000001005001bb06000000
c0a803360a000001005001bb06000000
c0a807d50a000001005001bb06000000
c0a80fd10a000001005001bb06000000
c0a807130a000001005001bb06000000
00000000000000000000000000000000
c0a8170b0a000001005001bb06000000
c0a80f0f0a000001005001bb06000000
c0a827030a000001005001bb06000000
c0a81f070a000001005001bb06000000
00000000000000000000000000000000
00000000000000000000000000000000
c0a8263a0a000001005001bb06000000
c0a81e3e0a000001005001bb06000000
c0a816420a000001005001bb06000000
c0a80e460a000001005001bb06000000
c0a8064a0a000001005001bb06000000
c0a800a20a000001005001bb06000000
c0a8089e0a000001005001bb06000000
c0a8109a0a000001005001bb06000000
c0a8026b0a000001005001bb06000000
c0a804810a000001005001bb06000000
c0a80c7d0a000001005001bb06000000
c0a814790a000001005001bb06000000
c0a814b70a000001005001bb06000000
c0a81a5f0a000001005001bb06000000
c0a812630a000001005001bb06000000
c0a80a670a000001005001bb06000000
c0a80a290a000001005001bb06000000
c0a8022d0a000001005001bb06000000
c0a804bf0a000001005001bb06000000
c0a80cbb0a000001005001bb06000000
c0a813720a000001005001bb06000000
c0a80b760a000001005001bb06000000
c0a81a210a000001005001bb06000000
c0a812250a000001005001bb06000000
00000000000000000000000000000000
c0a825fc0a000001005001bb06000000
c0a81e000a000001005001bb06000000
c0a816040a000001005001bb06000000
c0a80e080a000001005001bb06000000
c0a800e00a000001005001bb06000000
c0a808dc0a000001005001bb06000000
c0a810d80a000001005001bb06000000
c0a805430a000001005001bb06000000
c0a801a90a000001005001bb06000000
c0a8153b0a000001005001bb06000000
c0a80d3f0a000001005001bb06000000
c0a8199d0a000001005001bb06000000
c0a821990a000001005001bb06000000
c0a809a50a000001005001bb06000000
c0a811a10a000001005001bb06000000
c0a81d7c0a000001005001bb06000000
c0a825780a000001005001bb06000000
c0a80d840a000001005001bb06000000
c0a815800a000001005001bb06000000
c0a809600a000001005001bb06000000
c0a801640a000001005001bb06000000
c0a819580a000001005001bb06000000
c0a8115c0a000001005001bb06000000
c0a815be0a000001005001bb06000000
c0a81dba0a000001005001bb06000000
c0a805c60a000001005001bb06000000
c0a80dc20a000001005001bb06000000
c0a809220a000001005001bb06000000
c0a801260a000001005001bb06000000
c0a8191a0a000001005001bb06000000
c0a8111e0a000001005001bb06000000
c0a80d010a000001005001bb06000000
c0a805050a000001005001bb06000000
c0a81cf90a000001005001bb06000000
c0a814fd0a000001005001bb06000000
c0a811df0a000001005001bb06000000
c0a819db0a000001005001bb06000000
c0a801e70a000001005001bb06000000
c0a809e30a000001005001bb06000000
c0a8043b0a000001005001bb06000000
c0a802b10a000001005001bb06000000
c0a80aad0a000001005001bb06000000
c0a810540a000001005001bb06000000
c0a81aa50a000001005001bb06000000
c0a822a10a000001005001bb06000000
00000000000000000000000000000000
00000000000000000000000000000000
c0a81e840a000001005001bb06000000
c0a826800a000001005001bb06000000
00000000000000000000000000000000
00000000000000000000000000000000
c0a808580a000001005001bb06000000
c0a8005c0a000001005001bb06000000
c0a80e8c0a000001005001bb06000000
c0a816880a000001005001bb06000000
c0a816c60a000001005001bb06000000
c0a81ec20a000001005001bb06000000
c0a826be0a000001005001bb06000000
00000000000000000000000000000000
c0a8081a0a000001005001bb06000000
c0a8001e0a000001005001bb06000000
c0a806ce0a000001005001bb06000000
c0a80eca0a000001005001bb06000000
c0a80bf90a000001005001bb06000000
c0a803fd0a000001005001bb06000000
c0a802ef0a000001005001bb06000000
c0a80aeb0a000001005001bb06000000
c0a812e70a000001005001bb06000000
c0a81ae30a000001005001bb06000000
c0a814330a000001005001bb06000000
c0a80c370a000001005001bb06000000
00000000000000000000000000000000
c0a81f460a000001005001bb06000000
00000000000000000000000000000000
00000000000000000000000000000000
c0a807520a000001005001bb06000000
00000000000000000000000000000000
c0a813f50a000001005001bb06000000
c0a80f4e0a000001005001bb06000000
c0a803730a000001005001bb06000000
c0a803790a000001005001bb06000000
c0a807960a000001005001bb06000000
c0a80b6f0a000001005001bb06000000
c0a813af0a000001005001bb06000000
c0a81b670a000001005001bb06000000
c0a803b70a000001005001bb06000000
c0a80bb30a000001005001bb06000000
c0a80b310a000001005001bb06000000
c0a803350a000001005001bb06000000
c0a807d40a000001005001bb06000000
c0a80fd00a000001005001bb06000000
00000000000000000000000000000000
c0a823250a000001005001bb06000000
c0a824710a000001005001bb06000000
c0a81c750a000001005001bb06000000
00000000000000000000000000000000
c0a827040a000001005001bb06000000
00000000000000000000000000000000
00000000000000000000000000000000
c0a80f100a000001005001bb06000000
c0a807140a000001005001bb06000000
c0a81f080a000001005001bb06000000
c0a8170c0a000001005001bb06000000
c0a815300a000001005001bb06000000
c0a80d340a000001005001bb06000000
c0a821e60a000001005001bb06000000
c0a81d2c0a000001005001bb06000000
c0a811110a000001005001bb06000000
c0a809150a000001005001bb06000000
c0a801f60a000001005001bb06000000
c0a809f20a000001005001bb06000000
c0a80dcf0a000001005001bb06000000
c0a815cb0a000001005001bb06000000
c0a801190a000001005001bb06000000
c0a805d30a000001005001bb06000000
00000000000000000000000000000000
00000000000000000000000000000000
c0a81dc70a000001005001bb06000000
c0a825c30a000001005001bb06000000
c0a80d8d0a000001005001bb06000000
c0a815890a000001005001bb06000000
c0a8015b0a000001005001bb06000000
c0a805910a000001005001bb06000000
00000000000000000000000000000000
00000000000000000000000000000000
c0a81d850a000001005001bb06000000
c0a825810a000001005001bb06000000
00000000000000000000000000000000
00000000000000000000000000000000
c0a821a40a000001005001bb06000000
00000000000000000000000000000000
c0a811530a000001005001bb06000000
c0a809570a000001005001bb06000000
c0a801b40a000001005001bb06000000
c0a809b00a000001005001bb06000000
c0a80e090a000001005001bb06000000
c0a8060d0a000001005001bb06000000
c0a800df0a000001005001bb06000000
c0a808db0a000001005001bb06000000
00000000000000000000000000000000
c0a825fd0a000001005001bb06000000
c0a81e010a000001005001bb06000000
c0a816050a000001005001bb06000000
c0a823730a000001005001bb06000000
c0a81b770a000001005001bb06000000
c0a822200a000001005001bb06000000
c0a81a240a000001005001bb06000000
c0a810d70a000001005001bb06000000
c0a80a2c0a000001005001bb06000000
c0a802300a000001005001bb06000000
c0a80cb80a000001005001bb06000000
c0a814b40a000001005001bb06000000
c0a81cb00a000001005001bb06000000
c0a822620a000001005001bb06000000
c0a81a660a000001005001bb06000000
c0a810950a000001005001bb06000000
c0a80a6e0a000001005001bb06000000
c0a802720a000001005001bb06000000
c0a8047a0a000001005001bb06000000
c0a804f60a000001005001bb06000000
c0a8064f0a000001005001bb06000000
c0a8009d0a000001005001bb06000000
c0a808990a000001005001bb06000000
c0a824e60a000001005001bb06000000
c0a8263f0a000001005001bb06000000
c0a81e430a000001005001bb06000000
c0a816470a000001005001bb06000000
c0a80fdf0a000001005001bb06000000
c0a817db0a000001005001bb06000000
00000000000000000000000000000000
c0a807e30a000001005001bb06000000
c0a80f010a000001005001bb06000000
c0a807050a000001005001bb06000000
c0a81ef90a000001005001bb06000000
c0a816fd0a000001005001bb06000000
c0a813200a000001005001bb06000000
c0a80b240a000001005001bb06000000
c0a814720a000001005001bb06000000
c0a80c760a000001005001bb06000000
c0a813bc0a000001005001bb06000000
c0a81bb80a000001005001bb06000000
c0a803280a000001005001bb06000000
c0a80bc00a000001005001bb06000000
c0a813620a000001005001bb06000000
c0a80b660a000001005001bb06000000
c0a8235a0a000001005001bb06000000
c0a81b5e0a000001005001bb06000000
c0a80b7e0a000001005001bb06000000
c0a8137a0a000001005001bb06000000
c0a8036a0a000001005001bb06000000
c0a803820a000001005001bb06000000
c0a80f9d0a000001005001bb06000000
c0a817990a000001005001bb06000000
c0a813f60a000001005001bb06000000
c0a807a10a000001005001bb06000000
c0a80f430a000001005001bb06000000
c0a807470a000001005001bb06000000
c0a81f3b0a000001005001bb06000000
c0a8173f0a000001005001bb06000000
c0a812e60a000001005001bb06000000
c0a81ae20a000001005001bb06000000
c0a822de0a000001005001bb06000000
c0a81c340a000001005001bb06000000
c0a80bfa0a000001005001bb06000000
c0a803fe0a000001005001bb06000000
c0a802ee0a000001005001bb06000000
c0a80aea0a000001005001bb06000000
c0a810190a000001005001bb06000000
c0a8081d0a000001005001bb06000000
c0a800210a000001005001bb06000000
c0a806cb0a000001005001bb06000000
c0a80ec70a000001005001bb06000000
c0a816c30a000001005001bb06000000
c0a81ebf0a000001005001bb06000000
c0a826bb0a000001005001bb06000000
c0a8105b0a000001005001bb06000000
c0a8085f0a000001005001bb06000000
c0a800630a000001005001bb06000000
c0a806890a000001005001bb06000000
c0a80e850a000001005001bb06000000
c0a816810a000001005001bb06000000
c0a81e7d0a000001005001bb06000000
c0a826790a000001005001bb06000000
c0a812a40a000001005001bb06000000
c0a81aa00a000001005001bb06000000
c0a8229c0a000001005001bb06000000
00000000000000000000000000000000
c0a814380a000001005001bb06000000
c0a80c3c0a000001005001bb06000000
c0a802ac0a000001005001bb06000000
c0a80aa80a000001005001bb06000000
c0a811100a000001005001bb06000000
c0a809140a000001005001bb06000000
c0a801f50a000001005001bb06000000
c0a809f10a000001005001bb06000000
c0a815310a000001005001bb06000000
c0a80d350a000001005001bb06000000
c0a821e50a000001005001bb06000000
c0a81d2d0a000001005001bb06000000
00000000000000000000000000000000
00000000000000000000000000000000
c0a825c40a000001005001bb06000000
00000000000000000000000000000000
c0a815cc0a000001005001bb06000000
c0a81dc80a000001005001bb06000000
c0a801180a000001005001bb06000000
c0a80dd00a000001005001bb06000000
00000000000000000000000000000000
00000000000000000000000000000000
c0a81d860a000001005001bb06000000
c0a825820a000001005001bb06000000
c0a80d8e0a000001005001bb06000000
c0a8158a0a000001005001bb06000000
c0a8015a0a000001005001bb06000000
c0a805920a000001005001bb06000000
c0a809af0a000001005001bb06000000
c0a809560a000001005001bb06000000
c0a805390a000001005001bb06000000
c0a801b30a000001005001bb06000000
00000000000000000000000000000000
00000000000000000000000000000000
c0a819a70a000001005001bb06000000
c0a821a30a000001005001bb06000000
00000000000000000000000000000000
c0a825fe0a000001005001bb06000000
c0a81e020a000001005001bb06000000
c0a816060a000001005001bb06000000
c0a80e0a0a000001005001bb06000000
c0a8060e0a000001005001bb06000000
c0a800de0a000001005001bb06000000
c0a808da0a000001005001bb06000000
c0a80a2b0a000001005001bb06000000
c0a8022f0a000001005001bb06000000
c0a804bd0a000001005001bb06000000
c0a80cb90a000001005001bb06000000
00000000000000000000000000000000
c0a8221f0a000001005001bb06000000
c0a81a230a000001005001bb06000000
c0a812270a000001005001bb06000000
c0a810940a000001005001bb06000000
c0a80a6d0a000001005001bb06000000
c0a802710a000001005001bb06000000
c0a8047b0a000001005001bb06000000
c0a814b50a000001005001bb06000000
c0a81cb10a000001005001bb06000000
c0a822610a000001005001bb06000000
c0a81a650a000001005001bb06000000
c0a824e70a000001005001bb06000000
00000000000000000000000000000000
c0a826400a000001005001bb06000000
c0a81e440a000001005001bb06000000
c0a804f70a000001005001bb06000000
c0a80cf30a000001005001bb06000000
c0a8009c0a000001005001bb06000000
c0a808980a000001005001bb06000000
c0a80f020a000001005001bb06000000
c0a807060a000001005001bb06000000
c0a81efa0a000001005001bb06000000
c0a816fe0a000001005001bb06000000
c0a80fde0a000001005001bb06000000
c0a817da0a000001005001bb06000000
00000000000000000000000000000000
c0a807e20a000001005001bb06000000
c0a813bd0a000001005001bb06000000
c0a81bb90a000001005001bb06000000
c0a803c50a000001005001bb06000000
c0a80bc10a000001005001bb06000000
c0a80b230a000001005001bb06000000
c0a803270a000001005001bb06000000
c0a814730a000001005001bb06000000
c0a80c770a000001005001bb06000000
c0a80b7f0a000001005001bb06000000
c0a8137b0a000001005001bb06000000
c0a803690a000001005001bb06000000
c0a803830a000001005001bb06000000
c0a813610a000001005001bb06000000
c0a80b650a000001005001bb06000000
c0a823590a000001005001bb06000000
c0a81b5d0a000001005001bb06000000
c0a817400a000001005001bb06000000
c0a80f440a000001005001bb06000000
00000000000000000000000000000000
c0a81f3c0a000001005001bb06000000
c0a80f9c0a000001005001bb06000000
c0a817980a000001005001bb06000000
c0a807480a000001005001bb06000000
c0a807a00a000001005001bb06000000
c0a80bfb0a000001005001bb06000000
c0a803ff0a000001005001bb06000000
c0a802ed0a000001005001bb06000000
c0a80ae90a000001005001bb06000000
c0a812e50a000001005001bb06000000
c0a81ae10a000001005001bb06000000
c0a822dd0a000001005001bb06000000
c0a81c350a000001005001bb06000000
c0a816c40a000001005001bb06000000
c0a81ec00a000001005001bb06000000
c0a826bc0a000001005001bb06000000
00000000000000000000000000000000
c0a810180a000001005001bb06000000
c0a8081c0a000001005001bb06000000
c0a800200a000001005001bb06000000
c0a80ec80a000001005001bb06000000
c0a80e860a000001005001bb06000000
c0a816820a000001005001bb06000000
c0a81e7e0a000001005001bb06000000
c0a8267a0a000001005001bb06000000
c0a8105a0a000001005001bb06000000
c0a8085e0a000001005001bb06000000
c0a800620a000001005001bb06000000
c0a8068a0a000001005001bb06000000
c0a814390a000001005001bb06000000
c0a80c3d0a000001005001bb06000000
c0a804410a000001005001bb06000000
c0a802ab0a000001005001bb06000000
c0a80aa70a000001005001bb06000000
c0a812a30a000001005001bb06000000
c0a81a9f0a000001005001bb06000000
c0a8229b0a000001005001bb06000000
c0a80dcd0a000001005001bb06000000
c0a815c90a000001005001bb06000000
c0a8011b0a000001005001bb06000000
c0a805d10a000001005001bb06000000
00000000000000000000000000000000
00000000000000000000000000000000
c0a81dc50a000001005001bb06000000
c0a825c10a000001005001bb06000000
c0a80d320a000001005001bb06000000
c0a805360a000001005001bb06000000
c0a81d2a0a000001005001bb06000000
c0a8152e0a000001005001bb06000000
c0a811130a000001005001bb06000000
c0a809170a000001005001bb06000000
c0a801f40a000001005001bb06000000
c0a809f00a000001005001bb06000000
00000000000000000000000000000000
00000000000000000000000000000000
c0a821a60a000001005001bb06000000
00000000000000000000000000000000
c0a811510a000001005001bb06000000
c0a809550a000001005001bb06000000
c0a801b60a000001005001bb06000000
c0a809b20a000001005001bb06000000
c0a80d8f0a000001005001bb06000000
c0a8158b0a000001005001bb06000000
c0a801590a000001005001bb06000000
c0a805930a000001005001bb06000000
00000000000000000000000000000000
00000000000000000000000000000000
c0a81d870a000001005001bb06000000
c0a825830a000001005001bb06000000
00000000000000000000000000000000
c0a823750a000001005001bb06000000
c0a822220a000001005001bb06000000
c0a81a260a000001005001bb06000000
c0a810d50a000001005001bb06000000
c0a80a2e0a000001005001bb06000000
c0a802320a000001005001bb06000000
c0a804ba0a000001005001bb06000000
c0a80e0b0a000001005001bb06000000
c0a8060f0a000001005001bb06000000
c0a800dd0a000001005001bb06000000
c0a808d90a000001005001bb06000000
00000000000000000000000000000000
c0a825ff0a000001005001bb06000000
c0a81e030a000001005001bb06000000
c0a816070a000001005001bb06000000
c0a80cf40a000001005001bb06000000
c0a8064d0a000001005001bb06000000
c0a8009f0a000001005001bb06000000
c0a8089b0a000001005001bb06000000
00000000000000000000000000000000
c0a8263d0a000001005001bb06000000
c0a81e410a000001005001bb06000000
c0a816450a000001005001bb06000000
c0a80cb60a000001005001bb06000000
c0a814b20a000001005001bb06000000
c0a81cae0a000001005001bb06000000
c0a81a640a000001005001bb06000000
c0a810970a000001005001bb06000000
c0a80a6c0a000001005001bb06000000
c0a802700a000001005001bb06000000
c0a80c780a000001005001bb06000000
c0a813220a000001005001bb06000000
c0a80b260a000001005001bb06000000
c0a81c700a000001005001bb06000000
c0a814740a000001005001bb06000000
c0a80bbe0a000001005001bb06000000
c0a813ba0a000001005001bb06000000
c0a8032a0a000001005001bb06000000
c0a803c20a000001005001bb06000000
c0a80fdd0a000001005001bb06000000
c0a817d90a000001005001bb06000000
00000000000000000000000000000000
c0a807e10a000001005001bb06000000
c0a80f030a000001005001bb06000000
c0a807070a000001005001bb06000000
c0a81efb0a000001005001bb06000000
c0a816ff0a000001005001bb06000000
c0a80f9f0a000001005001bb06000000
c0a8179b0a000001005001bb06000000
c0a81bf40a000001005001bb06000000
c0a807a30a000001005001bb06000000
c0a80f410a000001005001bb06000000
c0a807450a000001005001bb06000000
c0a81f390a000001005001bb06000000
c0a8173d0a000001005001bb06000000
c0a813600a000001005001bb06000000
c0a80b640a000001005001bb06000000
c0a81bb60a000001005001bb06000000
c0a81b5c0a000001005001bb06000000
c0a8137c0a000001005001bb06000000
c0a81b780a000001005001bb06000000
c0a803680a000001005001bb06000000
c0a80b800a000001005001bb06000000
c0a8101b0a000001005001bb06000000
c0a8081f0a000001005001bb06000000
c0a800230a000001005001bb06000000
c0a806c90a000001005001bb06000000
c0a80ec50a000001005001bb06000000
c0a816c10a000001005001bb06000000
c0a81ebd0a000001005001bb06000000
c0a826b90a000001005001bb06000000
c0a812e40a000001005001bb06000000
c0a81ae00a000001005001bb06000000
c0a81c320a000001005001bb06000000
c0a814360a000001005001bb06000000
c0a813f80a000001005001bb06000000
c0a80bfc0a000001005001bb06000000
c0a802ec0a000001005001bb06000000
c0a80ae80a000001005001bb06000000
c0a812a60a000001005001bb06000000
c0a81aa20a000001005001bb06000000
c0a8229e0a000001005001bb06000000
00000000000000000000000000000000
c0a80c3a0a000001005001bb06000000
c0a8043e0a000001005001bb06000000
c0a802ae0a000001005001bb06000000
c0a80aaa0a000001005001bb06000000
c0a810590a000001005001bb06000000
c0a8085d0a000001005001bb06000000
c0a800610a000001005001bb06000000
c0a8068b0a000001005001bb06000000
c0a80e870a000001005001bb06000000
c0a816830a000001005001bb06000000
c0a81e7f0a000001005001bb06000000
c0a8267b0a000001005001bb06000000
00000000000000000000000000000000
00000000000000000000000000000000
c0a81dc60a000001005001bb06000000
c0a825c20a000001005001bb06000000
c0a80dce0a000001005001bb06000000
c0a815ca0a000001005001bb06000000
c0a8011a0a000001005001bb06000000
c0a805d20a000001005001bb06000000
c0a809ef0a000001005001bb06000000
c0a809160a000001005001bb06000000
c0a804f90a000001005001bb06000000
c0a801f30a000001005001bb06000000
c0a80d330a000001005001bb06000000
c0a805370a000001005001bb06000000
c0a819e70a000001005001bb06000000
c0a8152f0a000001005001bb06000000
c0a811500a000001005001bb06000000
c0a809540a000001005001bb06000000
c0a801b50a000001005001bb06000000
c0a809b10a000001005001bb06000000
00000000000000000000000000000000
00000000000000000000000000000000
c0a821a50a000001005001bb06000000
00000000000000000000000000000000
00000000000000000000000000000000
00000000000000000000000000000000
c0a825840a000001005001bb06000000
00000000000000000000000000000000
c0a8158c0a000001005001bb06000000
c0a81d880a000001005001bb06000000
c0a801580a000001005001bb06000000
c0a80d900a000001005001bb06000000
c0a810d40a000001005001bb06000000
c0a80a2d0a000001005001bb06000000
c0a802310a000001005001bb06000000
c0a804bb0a000001005001bb06000000
00000000000000000000000000000000
c0a823760a000001005001bb06000000
c0a822210a000001005001bb06000000
c0a81a250a000001005001bb06000000
00000000000000000000000000000000
00000000000000000000000000000000
c0a826000a000001005001bb06000000
c0a81e040a000001005001bb06000000
c0a816080a000001005001bb06000000
c0a80e0c0a000001005001bb06000000
c0a800dc0a000001005001bb06000000
c0a808d80a000001005001bb06000000
00000000000000000000000000000000
c0a8263e0a000001005001bb06000000
c0a81e420a000001005001bb06000000
c0a816460a000001005001bb06000000
c0a80cf50a000001005001bb06000000
c0a8064e0a000001005001bb06000000
c0a8009e0a000001005001bb06000000
c0a8089a0a000001005001bb06000000
c0a80a6b0a000001005001bb06000000
c0a8026f0a000001005001bb06000000
c0a8047d0a000001005001bb06000000
c0a80c790a000001005001bb06000000
c0a80cb70a000001005001bb06000000
c0a814b30a000001005001bb06000000
c0a81a630a000001005001bb06000000
c0a812670a000001005001bb06000000
c0a80bbf0a000001005001bb06000000
c0a813bb0a000001005001bb06000000
c0a803290a000001005001bb06000000
c0a803c30a000001005001bb06000000
c0a813210a000001005001bb06000000
c0a80b250a000001005001bb06000000
c0a81c710a000001005001bb06000000
c0a814750a000001005001bb06000000
c0a817000a000001005001bb06000000
c0a80f040a000001005001bb06000000
c0a826f80a000001005001bb06000000
c0a81efc0a000001005001bb06000000
c0a80fdc0a000001005001bb06000000
c0a817d80a000001005001bb06000000
c0a807080a000001005001bb06000000
c0a807e00a000001005001bb06000000
c0a80f420a000001005001bb06000000
c0a807460a000001005001bb06000000
c0a81f3a0a000001005001bb06000000
c0a8173e0a000001005001bb06000000
c0a80f9e0a000001005001bb06000000
c0a8179a0a000001005001bb06000000
c0a81bf50a000001005001bb06000000
c0a807a20a000001005001bb06000000
c0a8137d0a000001005001bb06000000
c0a81b790a000001005001bb06000000
c0a803850a000001005001bb06000000
c0a80b810a000001005001bb06000000
c0a80b630a000001005001bb06000000
c0a803670a000001005001bb06000000
c0a81b5b0a000001005001bb06000000
c0a8135f0a000001005001bb06000000
c0a80ec60a000001005001bb06000000
c0a816c20a000001005001bb06000000
c0a81ebe0a000001005001bb06000000
c0a826ba0a000001005001bb06000000
c0a8101a0a000001005001bb06000000
c0a8081e0a000001005001bb06000000
c0a800220a000001005001bb06000000
c0a806ca0a000001005001bb06000000
c0a813f90a000001005001bb06000000
c0a80bfd0a000001005001bb06000000
c0a804010a000001005001bb06000000
c0a802eb0a000001005001bb06000000
c0a80ae70a000001005001bb06000000
c0a812e30a000001005001bb06000000
c0a81adf0a000001005001bb06000000
c0a814370a000001005001bb06000000
c0a80c3b0a000001005001bb06000000
c0a8043f0a000001005001bb06000000
c0a802ad0a000001005001bb06000000
c0a80aa90a000001005001bb06000000
c0a812a50a000001005001bb06000000
c0a81aa10a000001005001bb06000000
c0a8229d0a000001005001bb06000000
00000000000000000000000000000000
c0a816840a000001005001bb06000000
c0a81e800a000001005001bb06000000
c0a8267c0a000001005001bb06000000
00000000000000000000000000000000
c0a810580a000001005001bb06000000
c0a8085c0a000001005001bb06000000
c0a800600a000001005001bb06000000
c0a80e880a000001005001bb06000000
c0a8058d0a000001005001bb06000000
c0a80d890a000001005001bb06000000
c0a8095b0a000001005001bb06000000
c0a8015f0a000001005001bb06000000
c0a8257d0a000001005001bb06000000
00000000000000000000000000000000
c0a815850a000001005001bb06000000
c0a81d810a000001005001bb06000000
00000000000000000000000000000000
00000000000000000000000000000000
c0a819a40a000001005001bb06000000
c0a821a00a000001005001bb06000000
c0a809ac0a000001005001bb06000000
c0a811570a000001005001bb06000000
c0a80d380a000001005001bb06000000
c0a801b00a000001005001bb06000000
c0a81d300a000001005001bb06000000
c0a815340a000001005001bb06000000
c0a819e60a000001005001bb06000000
c0a821e20a000001005001bb06000000
c0a809ee0a000001005001bb06000000
c0a811150a000001005001bb06000000
c0a804fa0a000001005001bb06000000
c0a801f20a000001005001bb06000000
c0a805cf0a000001005001bb06000000
c0a80dcb0a000001005001bb06000000
c0a809190a000001005001bb06000000
c0a8011d0a000001005001bb06000000
c0a825bf0a000001005001bb06000000
00000000000000000000000000000000
c0a815c70a000001005001bb06000000
c0a81dc30a000001005001bb06000000
c0a80cb40a000001005001bb06000000
c0a814b00a000001005001bb06000000
c0a81cac0a000001005001bb06000000
c0a822660a000001005001bb06000000
c0a808950a000001005001bb06000000
c0a810910a000001005001bb06000000
c0a80a720a000001005001bb06000000
c0a802760a000001005001bb06000000
c0a80cf60a000001005001bb06000000
c0a80e4f0a000001005001bb06000000
c0a806530a000001005001bb06000000
c0a800990a000001005001bb06000000
00000000000000000000000000000000
00000000000000000000000000000000
c0a826430a000001005001bb06000000
c0a81e470a000001005001bb06000000
c0a816090a000001005001bb06000000
c0a80e0d0a000001005001bb06000000
c0a806110a000001005001bb06000000
c0a800db0a000001005001bb06000000
00000000000000000000000000000000
00000000000000000000000000000000
c0a826010a000001005001bb06000000
c0a81e050a000001005001bb06000000
c0a81b730a000001005001bb06000000
c0a813770a000001005001bb06000000
00000000000000000000000000000000
c0a822240a000001005001bb06000000
c0a808d70a000001005001bb06000000
c0a810d30a000001005001bb06000000
c0a80a300a000001005001bb06000000
c0a802340a000001005001bb06000000
c0a81b620a000001005001bb06000000
c0a813660a000001005001bb06000000
c0a81bb40a000001005001bb06000000
c0a8235e0a000001005001bb06000000
c0a8037e0a000001005001bb06000000
c0a80b7a0a000001005001bb06000000
c0a80b6a0a000001005001bb06000000
c0a8036e0a000001005001bb06000000
c0a8079d0a000001005001bb06000000
c0a80f990a000001005001bb06000000
c0a8074b0a000001005001bb06000000
c0a823f20a000001005001bb06000000
c0a817430a000001005001bb06000000
c0a80f470a000001005001bb06000000
00000000000000000000000000000000
c0a81f3f0a000001005001bb06000000
c0a807df0a000001005001bb06000000
c0a80fdb0a000001005001bb06000000
c0a807090a000001005001bb06000000
00000000000000000000000000000000
c0a817010a000001005001bb06000000
c0a80f050a000001005001bb06000000
c0a826f90a000001005001bb06000000
c0a81efd0a000001005001bb06000000
c0a81b200a000001005001bb06000000
c0a813240a000001005001bb06000000
c0a80c720a000001005001bb06000000
c0a804760a000001005001bb06000000
c0a80bbc0a000001005001bb06000000
c0a813b80a000001005001bb06000000
c0a80b280a000001005001bb06000000
c0a8032c0a000001005001bb06000000
c0a8185b0a000001005001bb06000000
c0a8105f0a000001005001bb06000000
c0a808630a000001005001bb06000000
c0a800670a000001005001bb06000000
c0a806850a000001005001bb06000000
c0a80e810a000001005001bb06000000
c0a8167d0a000001005001bb06000000
c0a81e790a000001005001bb06000000
c0a80aa40a000001005001bb06000000
c0a812a00a000001005001bb06000000
c0a81a9c0a000001005001bb06000000
c0a822980a000001005001bb06000000
c0a81c380a000001005001bb06000000
c0a8143c0a000001005001bb06000000
c0a80c400a000001005001bb06000000
c0a802a80a000001005001bb06000000
c0a80ae60a000001005001bb06000000
c0a812e20a000001005001bb06000000
c0a81ade0a000001005001bb06000000
c0a822da0a000001005001bb06000000
c0a813fa0a000001005001bb06000000
c0a80bfe0a000001005001bb06000000
c0a804020a000001005001bb06000000
c0a802ea0a000001005001bb06000000
c0a818190a000001005001bb06000000
c0a8101d0a000001005001bb06000000
c0a808210a000001005001bb06000000
c0a800250a000001005001bb06000000
c0a806c70a000001005001bb06000000
c0a80ec30a000001005001bb06000000
c0a816bf0a000001005001bb06000000
c0a81ebb0a000001005001bb06000000
c0a8257e0a000001005001bb06000000
00000000000000000000000000000000
c0a815860a000001005001bb06000000
c0a81d820a000001005001bb06000000
c0a8058e0a000001005001bb06000000
c0a80d8a0a000001005001bb06000000
c0a8095a0a000001005001bb06000000
c0a8015e0a000001005001bb06000000
c0a801af0a000001005001bb06000000
c0a809ab0a000001005001bb06000000
c0a80d390a000001005001bb06000000
c0a8053d0a000001005001bb06000000
c0a8219f0a000001005001bb06000000
00000000000000000000000000000000
c0a811a70a000001005001bb06000000
c0a819a30a000001005001bb06000000
c0a809ed0a000001005001bb06000000
c0a811140a000001005001bb06000000
c0a804fb0a000001005001bb06000000
c0a801f10a000001005001bb06000000
c0a81d310a000001005001bb06000000
c0a815350a000001005001bb06000000
c0a819e50a000001005001bb06000000
c0a821e10a000001005001bb06000000
00000000000000000000000000000000
00000000000000000000000000000000
c0a81dc40a000001005001bb06000000
c0a825c00a000001005001bb06000000
c0a80dcc0a000001005001bb06000000
c0a815c80a000001005001bb06000000
c0a809180a000001005001bb06000000
c0a8011c0a000001005001bb06000000
c0a808940a000001005001bb06000000
c0a810900a000001005001bb06000000
c0a80a710a000001005001bb06000000
c0a802750a000001005001bb06000000
c0a80cb50a000001005001bb06000000
c0a814b10a000001005001bb06000000
c0a81cad0a000001005001bb06000000
c0a822650a000001005001bb06000000
00000000000000000000000000000000
00000000000000000000000000000000
00000000000000000000000000000000
c0a826440a000001005001bb06000000
c0a80cf70a000001005001bb06000000
c0a814f30a000001005001bb06000000
c0a80e500a000001005001bb06000000
c0a800980a000001005001bb06000000
00000000000000000000000000000000
00000000000000000000000000000000
c0a826020a000001005001bb06000000
c0a81e060a000001005001bb06000000
c0a8160a0a000001005001bb06000000
c0a80e0e0a000001005001bb06000000
c0a806120a000001005001bb06000000
c0a800da0a000001005001bb06000000
c0a808d60a000001005001bb06000000
c0a80a2f0a000001005001bb06000000
c0a802330a000001005001bb06000000
c0a804b90a000001005001bb06000000
c0a823700a000001005001bb06000000
c0a81b740a000001005001bb06000000
c0a822230a000001005001bb06000000
c0a81a270a000001005001bb06000000
c0a8037f0a000001005001bb06000000
c0a80b7b0a000001005001bb06000000
c0a80b690a000001005001bb06000000
c0a8036d0a000001005001bb06000000
c0a81b610a000001005001bb06000000
c0a813650a000001005001bb06000000
c0a81bb50a000001005001bb06000000
c0a8235d0a000001005001bb06000000
c0a81f400a000001005001bb06000000
c0a817440a000001005001bb06000000
00000000000000000000000000000000
00000000000000000000000000000000
c0a8079c0a000001005001bb06000000
c0a80f980a000001005001bb06000000
c0a80f480a000001005001bb06000000
c0a8074c0a000001005001bb06000000
c0a817020a000001005001bb06000000
c0a80f060a000001005001bb06000000
c0a826fa0a000001005001bb06000000
c0a81efe0a000001005001bb06000000
c0a807de0a000001005001bb06000000
c0a80fda0a000001005001bb06000000
c0a8070a0a000001005001bb06000000
00000000000000000000000000000000
c0a80bbd0a000001005001bb06000000
c0a813b90a000001005001bb06000000
c0a8032b0a000001005001bb06000000
c0a803c10a000001005001bb06000000
c0a813230a000001005001bb06000000
c0a80b270a000001005001bb06000000
c0a80c730a000001005001bb06000000
c0a804770a000001005001bb06000000
c0a806860a000001005001bb06000000
c0a80e820a000001005001bb06000000
c0a8167e0a000001005001bb06000000
c0a81e7a0a000001005001bb06000000
c0a8185a0a000001005001bb06000000
c0a8105e0a000001005001bb06000000
c0a808620a000001005001bb06000000
c0a800660a000001005001bb06000000
c0a81c390a000001005001bb06000000
c0a8143d0a000001005001bb06000000
c0a80c410a000001005001bb06000000
c0a804450a000001005001bb06000000
c0a802a70a000001005001bb06000000
c0a80aa30a000001005001bb06000000
c0a8129f0a000001005001bb06000000
c0a81a9b0a000001005001bb06000000
c0a813fb0a000001005001bb06000000
c0a80bff0a000001005001bb06000000
c0a804030a000001005001bb06000000
c0a802e90a000001005001bb06000000
c0a80ae50a000001005001bb06000000
c0a812e10a000001005001bb06000000
c0a81add0a000001005001bb06000000
c0a822d90a000001005001bb06000000
c0a80ec40a000001005001bb06000000
c0a816c00a000001005001bb06000000
c0a81ebc0a000001005001bb06000000
c0a826b80a000001005001bb06000000
c0a818180a000001005001bb06000000
c0a8101c0a000001005001bb06000000
c0a808200a000001005001bb06000000
c0a800240a000001005001bb06000000
00000000000000000000000000000000
00000000000000000000000000000000
c0a819a60a000001005001bb06000000
c0a821a20a000001005001bb06000000
c0a809ae0a000001005001bb06000000
c0a811550a000001005001bb06000000
c0a8053a0a000001005001bb06000000
c0a801b20a000001005001bb06000000
c0a8058f0a000001005001bb06000000
c0a80d8b0a000001005001bb06000000
c0a809590a000001005001bb06000000
c0a8015d0a000001005001bb06000000
c0a8257f0a000001005001bb06000000
00000000000000000000000000000000
c0a815870a000001005001bb06000000
c0a81d830a000001005001bb06000000
c0a805cd0a000001005001bb06000000
c0a80dc90a000001005001bb06000000
c0a8091b0a000001005001bb06000000
c0a8011f0a000001005001bb06000000
c0a825bd0a000001005001bb06000000
00000000000000000000000000000000
c0a815c50a000001005001bb06000000
c0a81dc10a000001005001bb06000000
c0a815320a000001005001bb06000000
c0a80d360a000001005001bb06000000
c0a819e40a000001005001bb06000000
c0a81d2e0a000001005001bb06000000
c0a809ec0a000001005001bb06000000
c0a811170a000001005001bb06000000
c0a80cf80a000001005001bb06000000
c0a801f00a000001005001bb06000000
c0a814f40a000001005001bb06000000
c0a80e4d0a000001005001bb06000000
c0a806510a000001005001bb06000000
c0a8009b0a000001005001bb06000000
00000000000000000000000000000000
00000000000000000000000000000000
c0a826410a000001005001bb06000000
c0a81e450a000001005001bb06000000
c0a804b60a000001005001bb06000000
c0a80cb20a000001005001bb06000000
c0a814ae0a000001005001bb06000000
c0a81caa0a000001005001bb06000000
c0a808970a000001005001bb06000000
c0a810930a000001005001bb06000000
c0a80a700a000001005001bb06000000
c0a802740a000001005001bb06000000
c0a823710a000001005001bb06000000
c0a81b750a000001005001bb06000000
00000000000000000000000000000000
c0a822260a000001005001bb06000000
c0a808d50a000001005001bb06000000
c0a810d10a000001005001bb06000000
c0a80a320a000001005001bb06000000
c0a802360a000001005001bb06000000
c0a8160b0a000001005001bb06000000
c0a80e0f0a000001005001bb06000000
c0a806130a000001005001bb06000000
c0a800d90a000001005001bb06000000
00000000000000000000000000000000
00000000000000000000000000000000
c0a826030a000001005001bb06000000
c0a81e070a000001005001bb06000000
c0a8079f0a000001005001bb06000000
c0a80f9b0a000001005001bb06000000
c0a807490a000001005001bb06000000
00000000000000000000000000000000
c0a817410a000001005001bb06000000
c0a80f450a000001005001bb06000000
00000000000000000000000000000000
c0a81f3d0a000001005001bb06000000
c0a81b600a000001005001bb06000000
c0a813640a000001005001bb06000000
c0a813b60a000001005001bb06000000
c0a81bb20a000001005001bb06000000
c0a80b7c0a000001005001bb06000000
c0a813780a000001005001bb06000000
c0a80b680a000001005001bb06000000
c0a8036c0a000001005001bb06000000
c0a81b220a000001005001bb06000000
c0a813260a000001005001bb06000000
c0a814700a000001005001bb06000000
c0a80c740a000001005001bb06000000
c0a803be0a000001005001bb06000000
c0a80bba0a000001005001bb06000000
c0a80b2a0a000001005001bb06000000
c0a8032e0a000001005001bb06000000
c0a807dd0a000001005001bb06000000
c0a80fd90a000001005001bb06000000
c0a8070b0a000001005001bb06000000
00000000000000000000000000000000
c0a817030a000001005001bb06000000
c0a80f070a000001005001bb06000000
c0a826fb0a000001005001bb06000000
c0a81eff0a000001005001bb06000000
c0a80aa60a000001005001bb06000000
c0a812a20a000001005001bb06000000
c0a81a9e0a000001005001bb06000000
c0a8229a0a000001005001bb06000000
c0a8143a0a000001005001bb06000000
c0a80c3e0a000001005001bb06000000
c0a804420a000001005001bb06000000
c0a802aa0a000001005001bb06000000
c0a818590a000001005001bb06000000
c0a8105d0a000001005001bb06000000
c0a808610a000001005001bb06000000
c0a800650a000001005001bb06000000
c0a806870a000001005001bb06000000
c0a80e830a000001005001bb06000000
c0a8167f0a000001005001bb06000000
c0a81e7b0a000001005001bb06000000
c0a8181b0a000001005001bb06000000
c0a8101f0a000001005001bb06000000
c0a808230a000001005001bb06000000
c0a800270a000001005001bb06000000
c0a806c50a000001005001bb06000000
c0a80ec10a000001005001bb06000000
c0a816bd0a000001005001bb06000000
c0a81eb90a000001005001bb06000000
c0a80ae40a000001005001bb06000000
c0a812e00a000001005001bb06000000
c0a81adc0a000001005001bb06000000
c0a81c360a000001005001bb06000000
c0a81bf80a000001005001bb06000000
c0a813fc0a000001005001bb06000000
c0a80c000a000001005001bb06000000
c0a802e80a000001005001bb06000000
c0a809ad0a000001005001bb06000000
c0a811540a000001005001bb06000000
c0a8053b0a000001005001bb06000000
c0a801b10a000001005001bb06000000
00000000000000000000000000000000
00000000000000000000000000000000
c0a819a50a000001005001bb06000000
c0a821a10a000001005001bb06000000
00000000000000000000000000000000
00000000000000000000000000000000
c0a81d840a000001005001bb06000000
c0a825800a000001005001bb06000000
c0a80d8c0a000001005001bb06000000
c0a815880a000001005001bb06000000
c0a809580a000001005001bb06000000
c0a8015c0a000001005001bb06000000
c0a825be0a000001005001bb06000000
00000000000000000000000000000000
c0a815c60a000001005001bb06000000
c0a81dc20a000001005001bb06000000
c0a805ce0a000001005001bb06000000
c0a80dca0a000001005001bb06000000
c0a8091a0a000001005001bb06000000
c0a8011e0a000001005001bb06000000
c0a801ef0a000001005001bb06000000
c0a809eb0a000001005001bb06000000
c0a80cf90a000001005001bb06000000
c0a804fd0a000001005001bb06000000
c0a815330a000001005001bb06000000
c0a80d370a000001005001bb06000000
c0a811e70a000001005001bb06000000
c0a819e30a000001005001bb06000000
00000000000000000000000000000000
00000000000000000000000000000000
c0a826420a000001005001bb06000000
c0a81e460a000001005001bb06000000
c0a814f50a000001005001bb06000000
c0a80e4e0a000001005001bb06000000
c0a806520a000001005001bb06000000
c0a8009a0a000001005001bb06000000
c0a808960a000001005001bb06000000
c0a80a6f0a000001005001bb06000000
c0a802730a000001005001bb06000000
c0a804790a000001005001bb06000000
c0a804b70a000001005001bb06000000
c0a80cb30a000001005001bb06000000
c0a814af0a000001005001bb06000000
c0a81a670a000001005001bb06000000
c0a808d40a000001005001bb06000000
c0a810d00a000001005001bb06000000
c0a80a310a000001005001bb06000000
c0a802350a000001005001bb06000000
c0a823720a000001005001bb06000000
c0a81b760a000001005001bb06000000
00000000000000000000000000000000
c0a822250a000001005001bb06000000
00000000000000000000000000000000
00000000000000000000000000000000
00000000000000000000000000000000
c0a826040a000001005001bb06000000
c0a81e080a000001005001bb06000000
c0a8160c0a000001005001bb06000000
c0a80e100a000001005001bb06000000
c0a800d80a000001005001bb06000000
c0a817420a000001005001bb06000000
c0a80f460a000001005001bb06000000
00000000000000000000000000000000
c0a81f3e0a000001005001bb06000000
c0a8079e0a000001005001bb06000000
c0a80f9a0a000001005001bb06000000
c0a8074a0a000001005001bb06000000
00000000000000000000000000000000
c0a80b7d0a000001005001bb06000000
c0a813790a000001005001bb06000000
c0a8036b0a000001005001bb06000000
c0a803810a000001005001bb06000000
c0a813630a000001005001bb06000000
c0a80b670a000001005001bb06000000
c0a813b70a000001005001bb06000000
c0a81b5f0a000001005001bb06000000
c0a803bf0a000001005001bb06000000
c0a80bbb0a000001005001bb06000000
c0a80b290a000001005001bb06000000
c0a8032d0a000001005001bb06000000
c0a81b210a000001005001bb06000000
c0a813250a000001005001bb06000000
c0a814710a000001005001bb06000000
c0a80c750a000001005001bb06000000
c0a81f000a000001005001bb06000000
c0a817040a000001005001bb06000000
00000000000000000000000000000000
c0a826fc0a000001005001bb06000000
c0a807dc0a000001005001bb06000000
c0a80fd80a000001005001bb06000000
c0a80f080a000001005001bb06000000
c0a8070c0a000001005001bb06000000
c0a8143b0a000001005001bb06000000
c0a80c3f0a000001005001bb06000000
c0a804430a000001005001bb06000000
c0a802a90a000001005001bb06000000
c0a80aa50a000001005001bb06000000
c0a812a10a000001005001bb06000000
c0a81a9d0a000001005001bb06000000
c0a822990a000001005001bb06000000
c0a80e840a000001005001bb06000000
c0a816800a000001005001bb06000000
c0a81e7c0a000001005001bb06000000
c0a826780a000001005001bb06000000
c0a818580a000001005001bb06000000
c0a8105c0a000001005001bb06000000
c0a808600a000001005001bb06000000
c0a800640a000001005001bb06000000
c0a806c60a000001005001bb06000000
c0a80ec20a000001005001bb06000000
c0a816be0a000001005001bb06000000
c0a81eba0a000001005001bb06000000
c0a8181a0a000001005001bb06000000
c0a8101e0a000001005001bb06000000
c0a808220a000001005001bb06000000
c0a800260a000001005001bb06000000
c0a81bf90a000001005001bb06000000
c0a813fd0a000001005001bb06000000
c0a80c010a000001005001bb06000000
c0a804050a000001005001bb06000000
c0a802e70a000001005001bb06000000
c0a80ae30a000001005001bb06000000
c0a812df0a000001005001bb06000000
c0a81adb0a000001005001bb06000000
