00000000000000000000000000000000
00000000000000000000000000000000
00000000000000000000000000000000
c0a821e80a000001005001bb06000000
00000000000000000000000000000000
c0a811920a000001005001bb06000000
c0a819960a000001005001bb06000000
00000000000000000000000000000000
c0a815ef0a000001005001bb06000000
c0a81df30a000001005001bb06000000
00000000000000000000000000000000
c0a821aa0a000001005001bb06000000
00000000000000000000000000000000
00000000000000000000000000000000
00000000000000000000000000000000
c0a825c90a000001005001bb06000000
00000000000000000000000000000000
00000000000000000000000000000000
00000000000000000000000000000000
c0a8125d0a000001005001bb06000000
00000000000000000000000000000000
c0a822750a000001005001bb06000000
00000000000000000000000000000000
00000000000000000000000000000000
00000000000000000000000000000000
c0a8211e0a000001005001bb06000000
00000000000000000000000000000000
00000000000000000000000000000000
00000000000000000000000000000000
c0a806460a000001005001bb06000000
00000000000000000000000000000000
00000000000000000000000000000000
00000000000000000000000000000000
00000000000000000000000000000000
00000000000000000000000000000000
00000000000000000000000000000000
00000000000000000000000000000000
00000000000000000000000000000000
00000000000000000000000000000000
c0a81e800a000001005001bb06000000
00000000000000000000000000000000
00000000000000000000000000000000
c0a81a9f0a000001005001bb06000000
c0a826d20a000001005001bb06000000
00000000000000000000000000000000
00000000000000000000000000000000
00000000000000000000000000000000
c0a806c20a000001005001bb06000000
00000000000000000000000000000000
c0a824170a000001005001bb06000000
00000000000000000000000000000000
00000000000000000000000000000000
00000000000000000000000000000000
c0a8216c0a000001005001bb06000000
c0a81c030a000001005001bb06000000
00000000000000000000000000000000
00000000000000000000000000000000
00000000000000000000000000000000
c0a818220a000001005001bb06000000
00000000000000000000000000000000
00000000000000000000000000000000
c0a820360a000001005001bb06000000
c0a819580a000001005001bb06000000
00000000000000000000000000000000
00000000000000000000000000000000
00000000000000000000000000000000
00000000000000000000000000000000
c0a8142d0a000001005001bb06000000
00000000000000000000000000000000
00000000000000000000000000000000
00000000000000000000000000000000
c0a823f90a000001005001bb06000000
c0a8237d0a000001005001bb06000000
00000000000000000000000000000000
c0a81ba70a000001005001bb06000000
00000000000000000000000000000000
00000000000000000000000000000000
c0a817c20a000001005001bb06000000
00000000000000000000000000000000
c0a823bb0a000001005001bb06000000
00000000000000000000000000000000
c0a820640a000001005001bb06000000
00000000000000000000000000000000
00000000000000000000000000000000
00000000000000000000000000000000
00000000000000000000000000000000
c0a81b1b0a000001005001bb06000000
c0a80f040a000001005001bb06000000
00000000000000000000000000000000
00000000000000000000000000000000
00000000000000000000000000000000
00000000000000000000000000000000
00000000000000000000000000000000
c0a824450a000001005001bb06000000
c0a818500a000001005001bb06000000
00000000000000000000000000000000
00000000000000000000000000000000
c0a8108a0a000001005001bb06000000
00000000000000000000000000000000
c0a820e00a000001005001bb06000000
00000000000000000000000000000000
00000000000000000000000000000000
00000000000000000000000000000000
00000000000000000000000000000000
00000000000000000000000000000000
00000000000000000000000000000000
00000000000000000000000000000000
c0a820a20a000001005001bb06000000
c0a814e70a000001005001bb06000000
00000000000000000000000000000000
00000000000000000000000000000000
00000000000000000000000000000000
00000000000000000000000000000000
00000000000000000000000000000000
00000000000000000000000000000000
00000000000000000000000000000000
00000000000000000000000000000000
c0a81e150a000001005001bb06000000
00000000000000000000000000000000
00000000000000000000000000000000
00000000000000000000000000000000
00000000000000000000000000000000
00000000000000000000000000000000
00000000000000000000000000000000
00000000000000000000000000000000
00000000000000000000000000000000
c0a81f4a0a000001005001bb06000000
00000000000000000000000000000000
00000000000000000000000000000000
00000000000000000000000000000000
c0a819950a000001005001bb06000000
00000000000000000000000000000000
c0a8258c0a000001005001bb06000000
00000000000000000000000000000000
c0a821e70a000001005001bb06000000
00000000000000000000000000000000
00000000000000000000000000000000
c0a819d30a000001005001bb06000000
00000000000000000000000000000000
c0a825ca0a000001005001bb06000000
00000000000000000000000000000000
00000000000000000000000000000000
00000000000000000000000000000000
c0a821a90a000001005001bb06000000
c0a825000a000001005001bb06000000
c0a822740a000001005001bb06000000
00000000000000000000000000000000
00000000000000000000000000000000
00000000000000000000000000000000
00000000000000000000000000000000
c0a81a600a000001005001bb06000000
00000000000000000000000000000000
00000000000000000000000000000000
00000000000000000000000000000000
00000000000000000000000000000000
00000000000000000000000000000000
00000000000000000000000000000000
c0a8211d0a000001005001bb06000000
00000000000000000000000000000000
00000000000000000000000000000000
00000000000000000000000000000000
00000000000000000000000000000000
00000000000000000000000000000000
c0a822f00a000001005001bb06000000
00000000000000000000000000000000
00000000000000000000000000000000
c0a81d3a0a000001005001bb06000000
00000000000000000000000000000000
00000000000000000000000000000000
00000000000000000000000000000000
00000000000000000000000000000000
c0a822b20a000001005001bb06000000
00000000000000000000000000000000
00000000000000000000000000000000
c0a81a9e0a000001005001bb06000000
c0a826d30a000001005001bb06000000
00000000000000000000000000000000
00000000000000000000000000000000
00000000000000000000000000000000
00000000000000000000000000000000
c0a824180a000001005001bb06000000
00000000000000000000000000000000
c0a8216b0a000001005001bb06000000
00000000000000000000000000000000
00000000000000000000000000000000
c0a820350a000001005001bb06000000
00000000000000000000000000000000
00000000000000000000000000000000
c0a808290a000001005001bb06000000
c0a8254e0a000001005001bb06000000
c0a81d780a000001005001bb06000000
c0a8101d0a000001005001bb06000000
00000000000000000000000000000000
00000000000000000000000000000000
00000000000000000000000000000000
c0a823f80a000001005001bb06000000
00000000000000000000000000000000
00000000000000000000000000000000
c0a81be40a000001005001bb06000000
00000000000000000000000000000000
00000000000000000000000000000000
c0a817c30a000001005001bb06000000
00000000000000000000000000000000
c0a823ba0a000001005001bb06000000
c0a8237c0a000001005001bb06000000
00000000000000000000000000000000
c0a81ba60a000001005001bb06000000
00000000000000000000000000000000
00000000000000000000000000000000
00000000000000000000000000000000
c0a81b1a0a000001005001bb06000000
00000000000000000000000000000000
00000000000000000000000000000000
00000000000000000000000000000000
c0a820630a000001005001bb06000000
00000000000000000000000000000000
00000000000000000000000000000000
c0a824460a000001005001bb06000000
00000000000000000000000000000000
c0a8184f0a000001005001bb06000000
00000000000000000000000000000000
00000000000000000000000000000000
c0a81c700a000001005001bb06000000
00000000000000000000000000000000
c0a824840a000001005001bb06000000
00000000000000000000000000000000
00000000000000000000000000000000
00000000000000000000000000000000
00000000000000000000000000000000
00000000000000000000000000000000
00000000000000000000000000000000
00000000000000000000000000000000
00000000000000000000000000000000
00000000000000000000000000000000
00000000000000000000000000000000
00000000000000000000000000000000
00000000000000000000000000000000
c0a818cb0a000001005001bb06000000
c0a81cec0a000001005001bb06000000
c0a820a10a000001005001bb06000000
00000000000000000000000000000000
c0a81e140a000001005001bb06000000
00000000000000000000000000000000
00000000000000000000000000000000
00000000000000000000000000000000
00000000000000000000000000000000
00000000000000000000000000000000
00000000000000000000000000000000
00000000000000000000000000000000
00000000000000000000000000000000
c0a81f4b0a000001005001bb06000000
00000000000000000000000000000000
00000000000000000000000000000000
00000000000000000000000000000000
00000000000000000000000000000000
00000000000000000000000000000000
00000000000000000000000000000000
00000000000000000000000000000000
00000000000000000000000000000000
00000000000000000000000000000000
c0a821ac0a000001005001bb06000000
c0a819d20a000001005001bb06000000
c0a825c70a000001005001bb06000000
00000000000000000000000000000000
00000000000000000000000000000000
00000000000000000000000000000000
c0a821e60a000001005001bb06000000
00000000000000000000000000000000
00000000000000000000000000000000
00000000000000000000000000000000
00000000000000000000000000000000
00000000000000000000000000000000
c0a821200a000001005001bb06000000
c0a826540a000001005001bb06000000
00000000000000000000000000000000
00000000000000000000000000000000
00000000000000000000000000000000
00000000000000000000000000000000
c0a81e400a000001005001bb06000000
00000000000000000000000000000000
00000000000000000000000000000000
c0a81db30a000001005001bb06000000
00000000000000000000000000000000
00000000000000000000000000000000
c0a825010a000001005001bb06000000
00000000000000000000000000000000
00000000000000000000000000000000
00000000000000000000000000000000
00000000000000000000000000000000
c0a816fa0a000001005001bb06000000
00000000000000000000000000000000
c0a826d00a000001005001bb06000000
00000000000000000000000000000000
00000000000000000000000000000000
00000000000000000000000000000000
c0a806c00a000001005001bb06000000
c0a826960a000001005001bb06000000
00000000000000000000000000000000
00000000000000000000000000000000
00000000000000000000000000000000
00000000000000000000000000000000
00000000000000000000000000000000
c0a822ef0a000001005001bb06000000
00000000000000000000000000000000
00000000000000000000000000000000
c0a818240a000001005001bb06000000
00000000000000000000000000000000
00000000000000000000000000000000
c0a811520a000001005001bb06000000
00000000000000000000000000000000
c0a8254b0a000001005001bb06000000
c0a819560a000001005001bb06000000
00000000000000000000000000000000
00000000000000000000000000000000
c0a8216a0a000001005001bb06000000
00000000000000000000000000000000
00000000000000000000000000000000
00000000000000000000000000000000
c0a814010a000001005001bb06000000
00000000000000000000000000000000
00000000000000000000000000000000
00000000000000000000000000000000
00000000000000000000000000000000
00000000000000000000000000000000
00000000000000000000000000000000
c0a817c00a000001005001bb06000000
00000000000000000000000000000000
00000000000000000000000000000000
00000000000000000000000000000000
c0a81be30a000001005001bb06000000
00000000000000000000000000000000
00000000000000000000000000000000
00000000000000000000000000000000
00000000000000000000000000000000
c0a823f70a000001005001bb06000000
c0a81f8a0a000001005001bb06000000
00000000000000000000000000000000
c0a81b1d0a000001005001bb06000000
c0a81c710a000001005001bb06000000
00000000000000000000000000000000
00000000000000000000000000000000
00000000000000000000000000000000
00000000000000000000000000000000
c0a8184e0a000001005001bb06000000
c0a823bd0a000001005001bb06000000
00000000000000000000000000000000
c0a820620a000001005001bb06000000
00000000000000000000000000000000
00000000000000000000000000000000
00000000000000000000000000000000
00000000000000000000000000000000
00000000000000000000000000000000
c0a820a40a000001005001bb06000000
c0a818ca0a000001005001bb06000000
c0a81ced0a000001005001bb06000000
00000000000000000000000000000000
00000000000000000000000000000000
00000000000000000000000000000000
c0a824bf0a000001005001bb06000000
00000000000000000000000000000000
00000000000000000000000000000000
00000000000000000000000000000000
00000000000000000000000000000000
00000000000000000000000000000000
c0a824850a000001005001bb06000000
00000000000000000000000000000000
00000000000000000000000000000000
c0a818900a000001005001bb06000000
c0a8262b0a000001005001bb06000000
00000000000000000000000000000000
00000000000000000000000000000000
c0a80e1f0a000001005001bb06000000
00000000000000000000000000000000
00000000000000000000000000000000
c0a81f480a000001005001bb06000000
00000000000000000000000000000000
00000000000000000000000000000000
00000000000000000000000000000000
00000000000000000000000000000000
c0a81b670a000001005001bb06000000
00000000000000000000000000000000
00000000000000000000000000000000
c0a816130a000001005001bb06000000
c0a80dfc0a000001005001bb06000000
00000000000000000000000000000000
c0a819d10a000001005001bb06000000
00000000000000000000000000000000
c0a825c80a000001005001bb06000000
00000000000000000000000000000000
00000000000000000000000000000000
00000000000000000000000000000000
c0a821ab0a000001005001bb06000000
00000000000000000000000000000000
00000000000000000000000000000000
00000000000000000000000000000000
00000000000000000000000000000000
c0a8258e0a000001005001bb06000000
00000000000000000000000000000000
c0a821e50a000001005001bb06000000
00000000000000000000000000000000
00000000000000000000000000000000
00000000000000000000000000000000
00000000000000000000000000000000
00000000000000000000000000000000
00000000000000000000000000000000
c0a8211f0a000001005001bb06000000
00000000000000000000000000000000
00000000000000000000000000000000
c0a825020a000001005001bb06000000
00000000000000000000000000000000
00000000000000000000000000000000
00000000000000000000000000000000
00000000000000000000000000000000
00000000000000000000000000000000
00000000000000000000000000000000
00000000000000000000000000000000
c0a822b40a000001005001bb06000000
00000000000000000000000000000000
00000000000000000000000000000000
00000000000000000000000000000000
00000000000000000000000000000000
00000000000000000000000000000000
00000000000000000000000000000000
c0a81aa00a000001005001bb06000000
00000000000000000000000000000000
00000000000000000000000000000000
c0a822ee0a000001005001bb06000000
00000000000000000000000000000000
00000000000000000000000000000000
00000000000000000000000000000000
c0a81d380a000001005001bb06000000
00000000000000000000000000000000
00000000000000000000000000000000
c0a820370a000001005001bb06000000
00000000000000000000000000000000
00000000000000000000000000000000
c0a8082b0a000001005001bb06000000
c0a8254c0a000001005001bb06000000
c0a81d7a0a000001005001bb06000000
c0a8101f0a000001005001bb06000000
00000000000000000000000000000000
00000000000000000000000000000000
00000000000000000000000000000000
00000000000000000000000000000000
c0a8241a0a000001005001bb06000000
00000000000000000000000000000000
c0a821690a000001005001bb06000000
00000000000000000000000000000000
00000000000000000000000000000000
c0a817c10a000001005001bb06000000
00000000000000000000000000000000
00000000000000000000000000000000
00000000000000000000000000000000
00000000000000000000000000000000
00000000000000000000000000000000
00000000000000000000000000000000
00000000000000000000000000000000
00000000000000000000000000000000
c0a823f60a000001005001bb06000000
c0a81f8b0a000001005001bb06000000
00000000000000000000000000000000
c0a81be20a000001005001bb06000000
00000000000000000000000000000000
00000000000000000000000000000000
00000000000000000000000000000000
c0a824440a000001005001bb06000000
00000000000000000000000000000000
00000000000000000000000000000000
00000000000000000000000000000000
c0a81b1c0a000001005001bb06000000
00000000000000000000000000000000
00000000000000000000000000000000
00000000000000000000000000000000
00000000000000000000000000000000
00000000000000000000000000000000
00000000000000000000000000000000
c0a823bc0a000001005001bb06000000
00000000000000000000000000000000
c0a820610a000001005001bb06000000
00000000000000000000000000000000
00000000000000000000000000000000
00000000000000000000000000000000
00000000000000000000000000000000
c0a808d10a000001005001bb06000000
00000000000000000000000000000000
00000000000000000000000000000000
c0a81cee0a000001005001bb06000000
c0a820a30a000001005001bb06000000
c0a824860a000001005001bb06000000
00000000000000000000000000000000
00000000000000000000000000000000
00000000000000000000000000000000
00000000000000000000000000000000
c0a8108b0a000001005001bb06000000
00000000000000000000000000000000
00000000000000000000000000000000
00000000000000000000000000000000
00000000000000000000000000000000
c0a81f490a000001005001bb06000000
00000000000000000000000000000000
c0a8262a0a000001005001bb06000000
00000000000000000000000000000000
00000000000000000000000000000000
c0a80e1e0a000001005001bb06000000
00000000000000000000000000000000
c0a81e160a000001005001bb06000000
c0a816120a000001005001bb06000000
00000000000000000000000000000000
00000000000000000000000000000000
00000000000000000000000000000000
00000000000000000000000000000000
c0a81b660a000001005001bb06000000
00000000000000000000000000000000
00000000000000000000000000000000
00000000000000000000000000000000
00000000000000000000000000000000
c0a825030a000001005001bb06000000
c0a8190e0a000001005001bb06000000
00000000000000000000000000000000
00000000000000000000000000000000
c0a821220a000001005001bb06000000
00000000000000000000000000000000
c0a826520a000001005001bb06000000
00000000000000000000000000000000
00000000000000000000000000000000
00000000000000000000000000000000
00000000000000000000000000000000
00000000000000000000000000000000
00000000000000000000000000000000
00000000000000000000000000000000
00000000000000000000000000000000
00000000000000000000000000000000
c0a821ec0a000001005001bb06000000
c0a819920a000001005001bb06000000
c0a825870a000001005001bb06000000
00000000000000000000000000000000
00000000000000000000000000000000
00000000000000000000000000000000
c0a821a60a000001005001bb06000000
00000000000000000000000000000000
00000000000000000000000000000000
00000000000000000000000000000000
00000000000000000000000000000000
c0a819d80a000001005001bb06000000
c0a8241b0a000001005001bb06000000
00000000000000000000000000000000
c0a821680a000001005001bb06000000
00000000000000000000000000000000
00000000000000000000000000000000
00000000000000000000000000000000
00000000000000000000000000000000
00000000000000000000000000000000
c0a81d730a000001005001bb06000000
c0a818260a000001005001bb06000000
00000000000000000000000000000000
c0a823fc0a000001005001bb06000000
c0a8203a0a000001005001bb06000000
00000000000000000000000000000000
c0a825490a000001005001bb06000000
00000000000000000000000000000000
00000000000000000000000000000000
c0a80ae90a000001005001bb06000000
c0a812dd0a000001005001bb06000000
00000000000000000000000000000000
c0a822f50a000001005001bb06000000
c0a81a9b0a000001005001bb06000000
00000000000000000000000000000000
00000000000000000000000000000000
c0a826d60a000001005001bb06000000
00000000000000000000000000000000
00000000000000000000000000000000
00000000000000000000000000000000
00000000000000000000000000000000
00000000000000000000000000000000
c0a822af0a000001005001bb06000000
00000000000000000000000000000000
00000000000000000000000000000000
00000000000000000000000000000000
c0a820600a000001005001bb06000000
00000000000000000000000000000000
c0a81f000a000001005001bb06000000
00000000000000000000000000000000
00000000000000000000000000000000
00000000000000000000000000000000
00000000000000000000000000000000
00000000000000000000000000000000
00000000000000000000000000000000
c0a80b270a000001005001bb06000000
c0a823330a000001005001bb06000000
c0a814670a000001005001bb06000000
00000000000000000000000000000000
00000000000000000000000000000000
00000000000000000000000000000000
00000000000000000000000000000000
c0a813e50a000001005001bb06000000
00000000000000000000000000000000
00000000000000000000000000000000
00000000000000000000000000000000
00000000000000000000000000000000
00000000000000000000000000000000
00000000000000000000000000000000
c0a80fd20a000001005001bb06000000
00000000000000000000000000000000
00000000000000000000000000000000
00000000000000000000000000000000
00000000000000000000000000000000
c0a823b70a000001005001bb06000000
c0a81fca0a000001005001bb06000000
00000000000000000000000000000000
00000000000000000000000000000000
00000000000000000000000000000000
c0a81cb10a000001005001bb06000000
00000000000000000000000000000000
00000000000000000000000000000000
c0a823790a000001005001bb06000000
c0a80dfe0a000001005001bb06000000
00000000000000000000000000000000
00000000000000000000000000000000
00000000000000000000000000000000
00000000000000000000000000000000
c0a817420a000001005001bb06000000
00000000000000000000000000000000
c0a8074a0a000001005001bb06000000
00000000000000000000000000000000
c0a820e40a000001005001bb06000000
00000000000000000000000000000000
00000000000000000000000000000000
00000000000000000000000000000000
00000000000000000000000000000000
00000000000000000000000000000000
c0a8247f0a000001005001bb06000000
00000000000000000000000000000000
00000000000000000000000000000000
00000000000000000000000000000000
c0a81cef0a000001005001bb06000000
00000000000000000000000000000000
c0a824c50a000001005001bb06000000
00000000000000000000000000000000
00000000000000000000000000000000
c0a818d00a000001005001bb06000000
00000000000000000000000000000000
00000000000000000000000000000000
00000000000000000000000000000000
00000000000000000000000000000000
00000000000000000000000000000000
00000000000000000000000000000000
00000000000000000000000000000000
00000000000000000000000000000000
00000000000000000000000000000000
00000000000000000000000000000000
00000000000000000000000000000000
00000000000000000000000000000000
c0a821210a000001005001bb06000000
00000000000000000000000000000000
00000000000000000000000000000000
00000000000000000000000000000000
00000000000000000000000000000000
c0a819910a000001005001bb06000000
00000000000000000000000000000000
00000000000000000000000000000000
00000000000000000000000000000000
00000000000000000000000000000000
00000000000000000000000000000000
c0a821eb0a000001005001bb06000000
00000000000000000000000000000000
c0a80dc20a000001005001bb06000000
00000000000000000000000000000000
00000000000000000000000000000000
00000000000000000000000000000000
00000000000000000000000000000000
c0a821a50a000001005001bb06000000
c0a81df80a000001005001bb06000000
00000000000000000000000000000000
00000000000000000000000000000000
00000000000000000000000000000000
00000000000000000000000000000000
00000000000000000000000000000000
00000000000000000000000000000000
00000000000000000000000000000000
c0a821670a000001005001bb06000000
c0a819530a000001005001bb06000000
00000000000000000000000000000000
c0a8254a0a000001005001bb06000000
c0a8241c0a000001005001bb06000000
00000000000000000000000000000000
c0a818250a000001005001bb06000000
00000000000000000000000000000000
00000000000000000000000000000000
c0a822f40a000001005001bb06000000
c0a81a9a0a000001005001bb06000000
00000000000000000000000000000000
00000000000000000000000000000000
00000000000000000000000000000000
00000000000000000000000000000000
00000000000000000000000000000000
c0a81ae00a000001005001bb06000000
00000000000000000000000000000000
00000000000000000000000000000000
c0a822ae0a000001005001bb06000000
00000000000000000000000000000000
c0a826d70a000001005001bb06000000
00000000000000000000000000000000
00000000000000000000000000000000
00000000000000000000000000000000
c0a81f010a000001005001bb06000000
00000000000000000000000000000000
00000000000000000000000000000000
00000000000000000000000000000000
00000000000000000000000000000000
00000000000000000000000000000000
00000000000000000000000000000000
00000000000000000000000000000000
c0a823320a000001005001bb06000000
00000000000000000000000000000000
00000000000000000000000000000000
00000000000000000000000000000000
c0a8184b0a000001005001bb06000000
00000000000000000000000000000000
00000000000000000000000000000000
c0a80b260a000001005001bb06000000
00000000000000000000000000000000
00000000000000000000000000000000
00000000000000000000000000000000
00000000000000000000000000000000
00000000000000000000000000000000
00000000000000000000000000000000
c0a813e40a000001005001bb06000000
c0a81c2e0a000001005001bb06000000
00000000000000000000000000000000
00000000000000000000000000000000
c0a823b60a000001005001bb06000000
00000000000000000000000000000000
00000000000000000000000000000000
c0a80fd30a000001005001bb06000000
00000000000000000000000000000000
00000000000000000000000000000000
00000000000000000000000000000000
00000000000000000000000000000000
c0a823780a000001005001bb06000000
c0a80dff0a000001005001bb06000000
00000000000000000000000000000000
00000000000000000000000000000000
00000000000000000000000000000000
00000000000000000000000000000000
c0a817430a000001005001bb06000000
00000000000000000000000000000000
c0a8074b0a000001005001bb06000000
00000000000000000000000000000000
00000000000000000000000000000000
00000000000000000000000000000000
00000000000000000000000000000000
00000000000000000000000000000000
00000000000000000000000000000000
00000000000000000000000000000000
00000000000000000000000000000000
00000000000000000000000000000000
00000000000000000000000000000000
c0a818890a000001005001bb06000000
00000000000000000000000000000000
c0a820e30a000001005001bb06000000
c0a824c60a000001005001bb06000000
00000000000000000000000000000000
00000000000000000000000000000000
00000000000000000000000000000000
00000000000000000000000000000000
00000000000000000000000000000000
c0a814ec0a000001005001bb06000000
00000000000000000000000000000000
c0a8167a0a000001005001bb06000000
00000000000000000000000000000000
00000000000000000000000000000000
c0a821240a000001005001bb06000000
00000000000000000000000000000000
00000000000000000000000000000000
00000000000000000000000000000000
00000000000000000000000000000000
00000000000000000000000000000000
00000000000000000000000000000000
00000000000000000000000000000000
00000000000000000000000000000000
00000000000000000000000000000000
00000000000000000000000000000000
00000000000000000000000000000000
c0a8226f0a000001005001bb06000000
00000000000000000000000000000000
00000000000000000000000000000000
00000000000000000000000000000000
c0a821a80a000001005001bb06000000
00000000000000000000000000000000
00000000000000000000000000000000
c0a819d60a000001005001bb06000000
c0a825cb0a000001005001bb06000000
c0a809de0a000001005001bb06000000
00000000000000000000000000000000
00000000000000000000000000000000
c0a821ea0a000001005001bb06000000
00000000000000000000000000000000
00000000000000000000000000000000
00000000000000000000000000000000
c0a825890a000001005001bb06000000
c0a818280a000001005001bb06000000
c0a810240a000001005001bb06000000
00000000000000000000000000000000
00000000000000000000000000000000
c0a819520a000001005001bb06000000
00000000000000000000000000000000
00000000000000000000000000000000
c0a8241d0a000001005001bb06000000
00000000000000000000000000000000
00000000000000000000000000000000
00000000000000000000000000000000
c0a821660a000001005001bb06000000
00000000000000000000000000000000
00000000000000000000000000000000
00000000000000000000000000000000
00000000000000000000000000000000
c0a826d40a000001005001bb06000000
00000000000000000000000000000000
00000000000000000000000000000000
00000000000000000000000000000000
00000000000000000000000000000000
00000000000000000000000000000000
00000000000000000000000000000000
00000000000000000000000000000000
00000000000000000000000000000000
00000000000000000000000000000000
00000000000000000000000000000000
c0a8203c0a000001005001bb06000000
00000000000000000000000000000000
00000000000000000000000000000000
00000000000000000000000000000000
c0a822f30a000001005001bb06000000
c0a8184a0a000001005001bb06000000
00000000000000000000000000000000
00000000000000000000000000000000
00000000000000000000000000000000
00000000000000000000000000000000
00000000000000000000000000000000
00000000000000000000000000000000
c0a823350a000001005001bb06000000
00000000000000000000000000000000
00000000000000000000000000000000
00000000000000000000000000000000
00000000000000000000000000000000
c0a81f020a000001005001bb06000000
00000000000000000000000000000000
00000000000000000000000000000000
00000000000000000000000000000000
00000000000000000000000000000000
00000000000000000000000000000000
00000000000000000000000000000000
00000000000000000000000000000000
00000000000000000000000000000000
00000000000000000000000000000000
00000000000000000000000000000000
c0a81fc80a000001005001bb06000000
00000000000000000000000000000000
00000000000000000000000000000000
c0a81be70a000001005001bb06000000
c0a803eb0a000001005001bb06000000
00000000000000000000000000000000
c0a814270a000001005001bb06000000
00000000000000000000000000000000
c0a823fb0a000001005001bb06000000
00000000000000000000000000000000
00000000000000000000000000000000
00000000000000000000000000000000
00000000000000000000000000000000
00000000000000000000000000000000
00000000000000000000000000000000
00000000000000000000000000000000
00000000000000000000000000000000
c0a81b630a000001005001bb06000000
00000000000000000000000000000000
00000000000000000000000000000000
c0a8220c0a000001005001bb06000000
00000000000000000000000000000000
00000000000000000000000000000000
c0a80a000a000001005001bb06000000
c0a823770a000001005001bb06000000
00000000000000000000000000000000
00000000000000000000000000000000
c0a814ed0a000001005001bb06000000
c0a820a00a000001005001bb06000000
00000000000000000000000000000000
00000000000000000000000000000000
00000000000000000000000000000000
00000000000000000000000000000000
00000000000000000000000000000000
00000000000000000000000000000000
00000000000000000000000000000000
c0a820e20a000001005001bb06000000
00000000000000000000000000000000
00000000000000000000000000000000
00000000000000000000000000000000
00000000000000000000000000000000
00000000000000000000000000000000
c0a80e450a000001005001bb06000000
00000000000000000000000000000000
00000000000000000000000000000000
c0a821230a000001005001bb06000000
00000000000000000000000000000000
00000000000000000000000000000000
00000000000000000000000000000000
00000000000000000000000000000000
00000000000000000000000000000000
00000000000000000000000000000000
c0a8226e0a000001005001bb06000000
00000000000000000000000000000000
00000000000000000000000000000000
00000000000000000000000000000000
00000000000000000000000000000000
00000000000000000000000000000000
c0a80dc00a000001005001bb06000000
00000000000000000000000000000000
00000000000000000000000000000000
00000000000000000000000000000000
00000000000000000000000000000000
c0a821a70a000001005001bb06000000
c0a81dfa0a000001005001bb06000000
00000000000000000000000000000000
c0a819930a000001005001bb06000000
00000000000000000000000000000000
00000000000000000000000000000000
00000000000000000000000000000000
00000000000000000000000000000000
00000000000000000000000000000000
c0a821e90a000001005001bb06000000
c0a819510a000001005001bb06000000
00000000000000000000000000000000
c0a825480a000001005001bb06000000
c0a8241e0a000001005001bb06000000
00000000000000000000000000000000
c0a818270a000001005001bb06000000
00000000000000000000000000000000
00000000000000000000000000000000
00000000000000000000000000000000
00000000000000000000000000000000
00000000000000000000000000000000
00000000000000000000000000000000
00000000000000000000000000000000
00000000000000000000000000000000
00000000000000000000000000000000
c0a821650a000001005001bb06000000
00000000000000000000000000000000
00000000000000000000000000000000
00000000000000000000000000000000
c0a822b00a000001005001bb06000000
c0a826d50a000001005001bb06000000
00000000000000000000000000000000
c0a81a9c0a000001005001bb06000000
00000000000000000000000000000000
00000000000000000000000000000000
00000000000000000000000000000000
00000000000000000000000000000000
c0a822f20a000001005001bb06000000
00000000000000000000000000000000
00000000000000000000000000000000
00000000000000000000000000000000
00000000000000000000000000000000
00000000000000000000000000000000
00000000000000000000000000000000
00000000000000000000000000000000
c0a823340a000001005001bb06000000
00000000000000000000000000000000
c0a8131c0a000001005001bb06000000
c0a80b280a000001005001bb06000000
00000000000000000000000000000000
c0a81f030a000001005001bb06000000
00000000000000000000000000000000
00000000000000000000000000000000
00000000000000000000000000000000
00000000000000000000000000000000
00000000000000000000000000000000
00000000000000000000000000000000
00000000000000000000000000000000
00000000000000000000000000000000
00000000000000000000000000000000
00000000000000000000000000000000
c0a81fc90a000001005001bb06000000
00000000000000000000000000000000
c0a80fd10a000001005001bb06000000
00000000000000000000000000000000
00000000000000000000000000000000
00000000000000000000000000000000
00000000000000000000000000000000
00000000000000000000000000000000
c0a823fa0a000001005001bb06000000
00000000000000000000000000000000
00000000000000000000000000000000
c0a81be60a000001005001bb06000000
c0a803ea0a000001005001bb06000000
c0a817410a000001005001bb06000000
00000000000000000000000000000000
c0a807490a000001005001bb06000000
00000000000000000000000000000000
00000000000000000000000000000000
00000000000000000000000000000000
00000000000000000000000000000000
00000000000000000000000000000000
00000000000000000000000000000000
00000000000000000000000000000000
c0a80a010a000001005001bb06000000
c0a823760a000001005001bb06000000
c0a81b620a000001005001bb06000000
00000000000000000000000000000000
00000000000000000000000000000000
c0a81cb00a000001005001bb06000000
c0a824c40a000001005001bb06000000
00000000000000000000000000000000
00000000000000000000000000000000
00000000000000000000000000000000
00000000000000000000000000000000
00000000000000000000000000000000
c0a814ee0a000001005001bb06000000
00000000000000000000000000000000
00000000000000000000000000000000
00000000000000000000000000000000
00000000000000000000000000000000
00000000000000000000000000000000
00000000000000000000000000000000
00000000000000000000000000000000
00000000000000000000000000000000
c0a820e10a000001005001bb06000000
c0a81ae50a000001005001bb06000000
c0a8152d0a000001005001bb06000000
00000000000000000000000000000000
00000000000000000000000000000000
00000000000000000000000000000000
c0a81e880a000001005001bb06000000
00000000000000000000000000000000
00000000000000000000000000000000
00000000000000000000000000000000
c0a826da0a000001005001bb06000000
c0a8227d0a000001005001bb06000000
00000000000000000000000000000000
c0a81ec60a000001005001bb06000000
c0a822bb0a000001005001bb06000000
c0a8269c0a000001005001bb06000000
00000000000000000000000000000000
00000000000000000000000000000000
00000000000000000000000000000000
00000000000000000000000000000000
c0a821640a000001005001bb06000000
c0a8181a0a000001005001bb06000000
00000000000000000000000000000000
00000000000000000000000000000000
00000000000000000000000000000000
00000000000000000000000000000000
00000000000000000000000000000000
00000000000000000000000000000000
00000000000000000000000000000000
c0a819500a000001005001bb06000000
00000000000000000000000000000000
00000000000000000000000000000000
00000000000000000000000000000000
00000000000000000000000000000000
c0a821e00a000001005001bb06000000
00000000000000000000000000000000
c0a8118a0a000001005001bb06000000
c0a8198e0a000001005001bb06000000
00000000000000000000000000000000
c0a809960a000001005001bb06000000
00000000000000000000000000000000
00000000000000000000000000000000
c0a821a20a000001005001bb06000000
00000000000000000000000000000000
00000000000000000000000000000000
00000000000000000000000000000000
00000000000000000000000000000000
c0a815e70a000001005001bb06000000
00000000000000000000000000000000
00000000000000000000000000000000
00000000000000000000000000000000
00000000000000000000000000000000
00000000000000000000000000000000
00000000000000000000000000000000
00000000000000000000000000000000
00000000000000000000000000000000
00000000000000000000000000000000
00000000000000000000000000000000
00000000000000000000000000000000
00000000000000000000000000000000
c0a821260a000001005001bb06000000
c0a81e4a0a000001005001bb06000000
00000000000000000000000000000000
00000000000000000000000000000000
00000000000000000000000000000000
00000000000000000000000000000000
c0a820e80a000001005001bb06000000
00000000000000000000000000000000
00000000000000000000000000000000
c0a818960a000001005001bb06000000
00000000000000000000000000000000
00000000000000000000000000000000
c0a810920a000001005001bb06000000
00000000000000000000000000000000
c0a820aa0a000001005001bb06000000
c0a814ef0a000001005001bb06000000
00000000000000000000000000000000
00000000000000000000000000000000
c0a824c90a000001005001bb06000000
00000000000000000000000000000000
00000000000000000000000000000000
00000000000000000000000000000000
c0a8135d0a000001005001bb06000000
00000000000000000000000000000000
00000000000000000000000000000000
00000000000000000000000000000000
00000000000000000000000000000000
00000000000000000000000000000000
c0a823750a000001005001bb06000000
00000000000000000000000000000000
00000000000000000000000000000000
00000000000000000000000000000000
00000000000000000000000000000000
00000000000000000000000000000000
00000000000000000000000000000000
00000000000000000000000000000000
00000000000000000000000000000000
00000000000000000000000000000000
00000000000000000000000000000000
00000000000000000000000000000000
00000000000000000000000000000000
00000000000000000000000000000000
00000000000000000000000000000000
00000000000000000000000000000000
00000000000000000000000000000000
c0a81b9f0a000001005001bb06000000
00000000000000000000000000000000
00000000000000000000000000000000
00000000000000000000000000000000
00000000000000000000000000000000
c0a823b30a000001005001bb06000000
00000000000000000000000000000000
00000000000000000000000000000000
00000000000000000000000000000000
00000000000000000000000000000000
00000000000000000000000000000000
00000000000000000000000000000000
00000000000000000000000000000000
00000000000000000000000000000000
c0a807080a000001005001bb06000000
c0a81f040a000001005001bb06000000
c0a81b230a000001005001bb06000000
c0a8131f0a000001005001bb06000000
00000000000000000000000000000000
c0a8244d0a000001005001bb06000000
00000000000000000000000000000000
00000000000000000000000000000000
c0a80c410a000001005001bb06000000
c0a823370a000001005001bb06000000
00000000000000000000000000000000
00000000000000000000000000000000
c0a80aec0a000001005001bb06000000
00000000000000000000000000000000
c0a81ae40a000001005001bb06000000
00000000000000000000000000000000
00000000000000000000000000000000
00000000000000000000000000000000
c0a81ec70a000001005001bb06000000
c0a822ba0a000001005001bb06000000
c0a8269d0a000001005001bb06000000
00000000000000000000000000000000
c0a81aa60a000001005001bb06000000
c0a826db0a000001005001bb06000000
c0a8227c0a000001005001bb06000000
00000000000000000000000000000000
00000000000000000000000000000000
00000000000000000000000000000000
c0a804000a000001005001bb06000000
00000000000000000000000000000000
c0a821630a000001005001bb06000000
00000000000000000000000000000000
c0a824100a000001005001bb06000000
00000000000000000000000000000000
00000000000000000000000000000000
00000000000000000000000000000000
00000000000000000000000000000000
c0a825460a000001005001bb06000000
c0a81d700a000001005001bb06000000
00000000000000000000000000000000
00000000000000000000000000000000
00000000000000000000000000000000
00000000000000000000000000000000
00000000000000000000000000000000
c0a825840a000001005001bb06000000
00000000000000000000000000000000
00000000000000000000000000000000
00000000000000000000000000000000
00000000000000000000000000000000
00000000000000000000000000000000
00000000000000000000000000000000
c0a809d30a000001005001bb06000000
00000000000000000000000000000000
00000000000000000000000000000000
00000000000000000000000000000000
c0a821a10a000001005001bb06000000
00000000000000000000000000000000
00000000000000000000000000000000
00000000000000000000000000000000
00000000000000000000000000000000
00000000000000000000000000000000
00000000000000000000000000000000
c0a81a680a000001005001bb06000000
00000000000000000000000000000000
00000000000000000000000000000000
00000000000000000000000000000000
c0a81e4b0a000001005001bb06000000
00000000000000000000000000000000
00000000000000000000000000000000
00000000000000000000000000000000
00000000000000000000000000000000
00000000000000000000000000000000
00000000000000000000000000000000
c0a821250a000001005001bb06000000
00000000000000000000000000000000
00000000000000000000000000000000
00000000000000000000000000000000
00000000000000000000000000000000
c0a820e70a000001005001bb06000000
00000000000000000000000000000000
00000000000000000000000000000000
00000000000000000000000000000000
00000000000000000000000000000000
c0a824ca0a000001005001bb06000000
00000000000000000000000000000000
c0a818d30a000001005001bb06000000
00000000000000000000000000000000
c0a820a90a000001005001bb06000000
00000000000000000000000000000000
00000000000000000000000000000000
00000000000000000000000000000000
00000000000000000000000000000000
00000000000000000000000000000000
c0a823740a000001005001bb06000000
00000000000000000000000000000000
c0a8135c0a000001005001bb06000000
00000000000000000000000000000000
00000000000000000000000000000000
00000000000000000000000000000000
00000000000000000000000000000000
00000000000000000000000000000000
00000000000000000000000000000000
00000000000000000000000000000000
00000000000000000000000000000000
00000000000000000000000000000000
00000000000000000000000000000000
00000000000000000000000000000000
00000000000000000000000000000000
00000000000000000000000000000000
00000000000000000000000000000000
c0a81c3a0a000001005001bb06000000
00000000000000000000000000000000
00000000000000000000000000000000
00000000000000000000000000000000
00000000000000000000000000000000
c0a823b20a000001005001bb06000000
00000000000000000000000000000000
00000000000000000000000000000000
c0a81b9e0a000001005001bb06000000
00000000000000000000000000000000
00000000000000000000000000000000
00000000000000000000000000000000
00000000000000000000000000000000
00000000000000000000000000000000
00000000000000000000000000000000
00000000000000000000000000000000
c0a8206b0a000001005001bb06000000
00000000000000000000000000000000
00000000000000000000000000000000
c0a8085f0a000001005001bb06000000
00000000000000000000000000000000
00000000000000000000000000000000
c0a80c420a000001005001bb06000000
c0a823360a000001005001bb06000000
c0a81b220a000001005001bb06000000
c0a8131e0a000001005001bb06000000
00000000000000000000000000000000
c0a8244e0a000001005001bb06000000
00000000000000000000000000000000
c0a826d80a000001005001bb06000000
00000000000000000000000000000000
00000000000000000000000000000000
c0a81ec40a000001005001bb06000000
00000000000000000000000000000000
00000000000000000000000000000000
c0a816c00a000001005001bb06000000
00000000000000000000000000000000
c0a80aeb0a000001005001bb06000000
00000000000000000000000000000000
00000000000000000000000000000000
c0a822f70a000001005001bb06000000
00000000000000000000000000000000
00000000000000000000000000000000
00000000000000000000000000000000
00000000000000000000000000000000
00000000000000000000000000000000
00000000000000000000000000000000
c0a8181c0a000001005001bb06000000
00000000000000000000000000000000
c0a8194e0a000001005001bb06000000
00000000000000000000000000000000
c0a809560a000001005001bb06000000
c0a821620a000001005001bb06000000
00000000000000000000000000000000
c0a822bd0a000001005001bb06000000
00000000000000000000000000000000
00000000000000000000000000000000
00000000000000000000000000000000
00000000000000000000000000000000
00000000000000000000000000000000
c0a81ded0a000001005001bb06000000
00000000000000000000000000000000
c0a821a40a000001005001bb06000000
c0a819ca0a000001005001bb06000000
00000000000000000000000000000000
00000000000000000000000000000000
00000000000000000000000000000000
c0a815e90a000001005001bb06000000
00000000000000000000000000000000
00000000000000000000000000000000
00000000000000000000000000000000
00000000000000000000000000000000
00000000000000000000000000000000
c0a819900a000001005001bb06000000
00000000000000000000000000000000
00000000000000000000000000000000
00000000000000000000000000000000
00000000000000000000000000000000
c0a821280a000001005001bb06000000
00000000000000000000000000000000
00000000000000000000000000000000
00000000000000000000000000000000
00000000000000000000000000000000
00000000000000000000000000000000
00000000000000000000000000000000
00000000000000000000000000000000
00000000000000000000000000000000
00000000000000000000000000000000
c0a8227b0a000001005001bb06000000
c0a80cfd0a000001005001bb06000000
00000000000000000000000000000000
00000000000000000000000000000000
00000000000000000000000000000000
00000000000000000000000000000000
00000000000000000000000000000000
00000000000000000000000000000000
c0a824c70a000001005001bb06000000
00000000000000000000000000000000
c0a820ac0a000001005001bb06000000
c0a818d20a000001005001bb06000000
c0a820e60a000001005001bb06000000
00000000000000000000000000000000
c0a8248d0a000001005001bb06000000
00000000000000000000000000000000
00000000000000000000000000000000
00000000000000000000000000000000
00000000000000000000000000000000
00000000000000000000000000000000
00000000000000000000000000000000
00000000000000000000000000000000
c0a826230a000001005001bb06000000
00000000000000000000000000000000
00000000000000000000000000000000
00000000000000000000000000000000
00000000000000000000000000000000
00000000000000000000000000000000
00000000000000000000000000000000
00000000000000000000000000000000
00000000000000000000000000000000
00000000000000000000000000000000
00000000000000000000000000000000
00000000000000000000000000000000
c0a822000a000001005001bb06000000
00000000000000000000000000000000
00000000000000000000000000000000
00000000000000000000000000000000
00000000000000000000000000000000
00000000000000000000000000000000
00000000000000000000000000000000
00000000000000000000000000000000
c0a823b50a000001005001bb06000000
c0a81bdb0a000001005001bb06000000
00000000000000000000000000000000
00000000000000000000000000000000
00000000000000000000000000000000
00000000000000000000000000000000
c0a823ef0a000001005001bb06000000
c0a81f820a000001005001bb06000000
00000000000000000000000000000000
00000000000000000000000000000000
c0a81c790a000001005001bb06000000
00000000000000000000000000000000
00000000000000000000000000000000
00000000000000000000000000000000
c0a8244b0a000001005001bb06000000
00000000000000000000000000000000
c0a810520a000001005001bb06000000
00000000000000000000000000000000
c0a8206a0a000001005001bb06000000
00000000000000000000000000000000
00000000000000000000000000000000
c0a8085e0a000001005001bb06000000
00000000000000000000000000000000
00000000000000000000000000000000
00000000000000000000000000000000
00000000000000000000000000000000
c0a81ec50a000001005001bb06000000
00000000000000000000000000000000
c0a8269f0a000001005001bb06000000
00000000000000000000000000000000
00000000000000000000000000000000
c0a81aa80a000001005001bb06000000
00000000000000000000000000000000
00000000000000000000000000000000
c0a822f60a000001005001bb06000000
00000000000000000000000000000000
00000000000000000000000000000000
00000000000000000000000000000000
00000000000000000000000000000000
00000000000000000000000000000000
00000000000000000000000000000000
c0a81ae20a000001005001bb06000000
00000000000000000000000000000000
00000000000000000000000000000000
00000000000000000000000000000000
c0a825440a000001005001bb06000000
c0a81d720a000001005001bb06000000
00000000000000000000000000000000
00000000000000000000000000000000
00000000000000000000000000000000
00000000000000000000000000000000
00000000000000000000000000000000
c0a804020a000001005001bb06000000
00000000000000000000000000000000
c0a821610a000001005001bb06000000
00000000000000000000000000000000
c0a822bc0a000001005001bb06000000
00000000000000000000000000000000
00000000000000000000000000000000
c0a809d10a000001005001bb06000000
00000000000000000000000000000000
00000000000000000000000000000000
c0a81dee0a000001005001bb06000000
c0a821a30a000001005001bb06000000
00000000000000000000000000000000
00000000000000000000000000000000
00000000000000000000000000000000
00000000000000000000000000000000
c0a825860a000001005001bb06000000
00000000000000000000000000000000
00000000000000000000000000000000
00000000000000000000000000000000
00000000000000000000000000000000
00000000000000000000000000000000
c0a81e490a000001005001bb06000000
00000000000000000000000000000000
00000000000000000000000000000000
00000000000000000000000000000000
00000000000000000000000000000000
00000000000000000000000000000000
00000000000000000000000000000000
c0a821270a000001005001bb06000000
c0a8227a0a000001005001bb06000000
c0a80cfe0a000001005001bb06000000
00000000000000000000000000000000
00000000000000000000000000000000
00000000000000000000000000000000
c0a81a660a000001005001bb06000000
00000000000000000000000000000000
00000000000000000000000000000000
00000000000000000000000000000000
c0a824c80a000001005001bb06000000
00000000000000000000000000000000
c0a818d10a000001005001bb06000000
00000000000000000000000000000000
c0a820ab0a000001005001bb06000000
00000000000000000000000000000000
00000000000000000000000000000000
c0a818970a000001005001bb06000000
00000000000000000000000000000000
00000000000000000000000000000000
c0a810930a000001005001bb06000000
c0a820e50a000001005001bb06000000
00000000000000000000000000000000
c0a8248e0a000001005001bb06000000
00000000000000000000000000000000
00000000000000000000000000000000
00000000000000000000000000000000
00000000000000000000000000000000
00000000000000000000000000000000
00000000000000000000000000000000
00000000000000000000000000000000
c0a826220a000001005001bb06000000
00000000000000000000000000000000
00000000000000000000000000000000
00000000000000000000000000000000
c0a822010a000001005001bb06000000
c0a81e0e0a000001005001bb06000000
00000000000000000000000000000000
00000000000000000000000000000000
00000000000000000000000000000000
00000000000000000000000000000000
00000000000000000000000000000000
00000000000000000000000000000000
c0a823b40a000001005001bb06000000
c0a81bda0a000001005001bb06000000
00000000000000000000000000000000
00000000000000000000000000000000
00000000000000000000000000000000
00000000000000000000000000000000
c0a823ee0a000001005001bb06000000
c0a81f830a000001005001bb06000000
00000000000000000000000000000000
00000000000000000000000000000000
c0a81c380a000001005001bb06000000
00000000000000000000000000000000
00000000000000000000000000000000
00000000000000000000000000000000
00000000000000000000000000000000
00000000000000000000000000000000
c0a80c400a000001005001bb06000000
00000000000000000000000000000000
c0a81c7a0a000001005001bb06000000
00000000000000000000000000000000
00000000000000000000000000000000
c0a81b240a000001005001bb06000000
00000000000000000000000000000000
00000000000000000000000000000000
00000000000000000000000000000000
00000000000000000000000000000000
c0a820690a000001005001bb06000000
00000000000000000000000000000000
00000000000000000000000000000000
00000000000000000000000000000000
c0a821600a000001005001bb06000000
00000000000000000000000000000000
00000000000000000000000000000000
00000000000000000000000000000000
c0a8101a0a000001005001bb06000000
00000000000000000000000000000000
00000000000000000000000000000000
00000000000000000000000000000000
00000000000000000000000000000000
00000000000000000000000000000000
00000000000000000000000000000000
c0a8181e0a000001005001bb06000000
00000000000000000000000000000000
00000000000000000000000000000000
c0a820320a000001005001bb06000000
00000000000000000000000000000000
c0a812e50a000001005001bb06000000
00000000000000000000000000000000
00000000000000000000000000000000
00000000000000000000000000000000
00000000000000000000000000000000
00000000000000000000000000000000
c0a815290a000001005001bb06000000
00000000000000000000000000000000
00000000000000000000000000000000
00000000000000000000000000000000
00000000000000000000000000000000
00000000000000000000000000000000
c0a822b70a000001005001bb06000000
c0a81eca0a000001005001bb06000000
00000000000000000000000000000000
00000000000000000000000000000000
c0a815ad0a000001005001bb06000000
00000000000000000000000000000000
00000000000000000000000000000000
00000000000000000000000000000000
c0a822790a000001005001bb06000000
c0a80cff0a000001005001bb06000000
00000000000000000000000000000000
c0a819160a000001005001bb06000000
c0a8265a0a000001005001bb06000000
00000000000000000000000000000000
c0a8212a0a000001005001bb06000000
00000000000000000000000000000000
00000000000000000000000000000000
c0a81e460a000001005001bb06000000
00000000000000000000000000000000
00000000000000000000000000000000
00000000000000000000000000000000
00000000000000000000000000000000
c0a821e40a000001005001bb06000000
00000000000000000000000000000000
00000000000000000000000000000000
00000000000000000000000000000000
00000000000000000000000000000000
00000000000000000000000000000000
c0a8219e0a000001005001bb06000000
00000000000000000000000000000000
00000000000000000000000000000000
00000000000000000000000000000000
00000000000000000000000000000000
c0a819d00a000001005001bb06000000
c0a825c50a000001005001bb06000000
00000000000000000000000000000000
00000000000000000000000000000000
c0a81b5d0a000001005001bb06000000
00000000000000000000000000000000
00000000000000000000000000000000
00000000000000000000000000000000
00000000000000000000000000000000
00000000000000000000000000000000
00000000000000000000000000000000
00000000000000000000000000000000
00000000000000000000000000000000
00000000000000000000000000000000
00000000000000000000000000000000
00000000000000000000000000000000
00000000000000000000000000000000
00000000000000000000000000000000
00000000000000000000000000000000
00000000000000000000000000000000
00000000000000000000000000000000
00000000000000000000000000000000
00000000000000000000000000000000
c0a824870a000001005001bb06000000
00000000000000000000000000000000
c0a820ec0a000001005001bb06000000
00000000000000000000000000000000
c0a820a60a000001005001bb06000000
00000000000000000000000000000000
00000000000000000000000000000000
00000000000000000000000000000000
00000000000000000000000000000000
c0a818d80a000001005001bb06000000
00000000000000000000000000000000
c0a80cc10a000001005001bb06000000
c0a820680a000001005001bb06000000
00000000000000000000000000000000
00000000000000000000000000000000
00000000000000000000000000000000
00000000000000000000000000000000
00000000000000000000000000000000
00000000000000000000000000000000
00000000000000000000000000000000
00000000000000000000000000000000
c0a822fd0a000001005001bb06000000
c0a8032b0a000001005001bb06000000
c0a81b270a000001005001bb06000000
c0a824490a000001005001bb06000000
00000000000000000000000000000000
c0a8233b0a000001005001bb06000000
00000000000000000000000000000000
c0a813dd0a000001005001bb06000000
00000000000000000000000000000000
00000000000000000000000000000000
00000000000000000000000000000000
00000000000000000000000000000000
00000000000000000000000000000000
c0a823f50a000001005001bb06000000
c0a81b9b0a000001005001bb06000000
00000000000000000000000000000000
00000000000000000000000000000000
00000000000000000000000000000000
00000000000000000000000000000000
c0a823af0a000001005001bb06000000
00000000000000000000000000000000
00000000000000000000000000000000
00000000000000000000000000000000
00000000000000000000000000000000
00000000000000000000000000000000
c0a81c000a000001005001bb06000000
00000000000000000000000000000000
00000000000000000000000000000000
c0a824140a000001005001bb06000000
00000000000000000000000000000000
00000000000000000000000000000000
00000000000000000000000000000000
00000000000000000000000000000000
00000000000000000000000000000000
00000000000000000000000000000000
00000000000000000000000000000000
00000000000000000000000000000000
00000000000000000000000000000000
00000000000000000000000000000000
00000000000000000000000000000000
00000000000000000000000000000000
c0a826df0a000001005001bb06000000
00000000000000000000000000000000
c0a812e40a000001005001bb06000000
c0a81ae80a000001005001bb06000000
00000000000000000000000000000000
00000000000000000000000000000000
c0a816c70a000001005001bb06000000
c0a81ecb0a000001005001bb06000000
00000000000000000000000000000000
00000000000000000000000000000000
00000000000000000000000000000000
00000000000000000000000000000000
00000000000000000000000000000000
c0a80ed30a000001005001bb06000000
c0a822780a000001005001bb06000000
00000000000000000000000000000000
00000000000000000000000000000000
c0a819150a000001005001bb06000000
00000000000000000000000000000000
c0a81a640a000001005001bb06000000
00000000000000000000000000000000
00000000000000000000000000000000
c0a8064b0a000001005001bb06000000
00000000000000000000000000000000
c0a816430a000001005001bb06000000
00000000000000000000000000000000
c0a8265b0a000001005001bb06000000
00000000000000000000000000000000
c0a821290a000001005001bb06000000
00000000000000000000000000000000
00000000000000000000000000000000
00000000000000000000000000000000
00000000000000000000000000000000
00000000000000000000000000000000
00000000000000000000000000000000
c0a821e30a000001005001bb06000000
00000000000000000000000000000000
c0a819890a000001005001bb06000000
00000000000000000000000000000000
00000000000000000000000000000000
c0a825c60a000001005001bb06000000
00000000000000000000000000000000
c0a815ec0a000001005001bb06000000
00000000000000000000000000000000
00000000000000000000000000000000
00000000000000000000000000000000
00000000000000000000000000000000
00000000000000000000000000000000
00000000000000000000000000000000
00000000000000000000000000000000
00000000000000000000000000000000
00000000000000000000000000000000
00000000000000000000000000000000
00000000000000000000000000000000
00000000000000000000000000000000
00000000000000000000000000000000
00000000000000000000000000000000
00000000000000000000000000000000
00000000000000000000000000000000
00000000000000000000000000000000
00000000000000000000000000000000
00000000000000000000000000000000
00000000000000000000000000000000
00000000000000000000000000000000
00000000000000000000000000000000
c0a818910a000001005001bb06000000
00000000000000000000000000000000
c0a820eb0a000001005001bb06000000
c0a808df0a000001005001bb06000000
00000000000000000000000000000000
c0a818d70a000001005001bb06000000
00000000000000000000000000000000
00000000000000000000000000000000
c0a80cc20a000001005001bb06000000
c0a820a50a000001005001bb06000000
c0a81cf80a000001005001bb06000000
00000000000000000000000000000000
00000000000000000000000000000000
00000000000000000000000000000000
00000000000000000000000000000000
00000000000000000000000000000000
00000000000000000000000000000000
00000000000000000000000000000000
c0a820670a000001005001bb06000000
00000000000000000000000000000000
00000000000000000000000000000000
c0a8244a0a000001005001bb06000000
00000000000000000000000000000000
c0a8233a0a000001005001bb06000000
00000000000000000000000000000000
00000000000000000000000000000000
c0a822fc0a000001005001bb06000000
c0a8032a0a000001005001bb06000000
c0a81b260a000001005001bb06000000
00000000000000000000000000000000
00000000000000000000000000000000
c0a823f40a000001005001bb06000000
c0a81b9a0a000001005001bb06000000
c0a813dc0a000001005001bb06000000
00000000000000000000000000000000
00000000000000000000000000000000
c0a80be80a000001005001bb06000000
c0a823ae0a000001005001bb06000000
c0a81fc30a000001005001bb06000000
00000000000000000000000000000000
00000000000000000000000000000000
00000000000000000000000000000000
00000000000000000000000000000000
00000000000000000000000000000000
00000000000000000000000000000000
00000000000000000000000000000000
00000000000000000000000000000000
c0a818200a000001005001bb06000000
c0a8101c0a000001005001bb06000000
00000000000000000000000000000000
c0a820340a000001005001bb06000000
00000000000000000000000000000000
00000000000000000000000000000000
00000000000000000000000000000000
c0a824150a000001005001bb06000000
00000000000000000000000000000000
00000000000000000000000000000000
00000000000000000000000000000000
00000000000000000000000000000000
00000000000000000000000000000000
00000000000000000000000000000000
00000000000000000000000000000000
00000000000000000000000000000000
00000000000000000000000000000000
c0a80ed00a000001005001bb06000000
c0a816c40a000001005001bb06000000
c0a81ec80a000001005001bb06000000
00000000000000000000000000000000
00000000000000000000000000000000
00000000000000000000000000000000
c0a8269a0a000001005001bb06000000
00000000000000000000000000000000
00000000000000000000000000000000
c0a81e860a000001005001bb06000000
00000000000000000000000000000000
c0a80aef0a000001005001bb06000000
c0a815270a000001005001bb06000000
c0a826580a000001005001bb06000000
00000000000000000000000000000000
00000000000000000000000000000000
00000000000000000000000000000000
c0a806480a000001005001bb06000000
00000000000000000000000000000000
c0a816400a000001005001bb06000000
00000000000000000000000000000000
00000000000000000000000000000000
00000000000000000000000000000000
00000000000000000000000000000000
00000000000000000000000000000000
00000000000000000000000000000000
c0a822770a000001005001bb06000000
00000000000000000000000000000000
00000000000000000000000000000000
00000000000000000000000000000000
c0a821a00a000001005001bb06000000
00000000000000000000000000000000
00000000000000000000000000000000
00000000000000000000000000000000
00000000000000000000000000000000
00000000000000000000000000000000
00000000000000000000000000000000
00000000000000000000000000000000
c0a821e20a000001005001bb06000000
00000000000000000000000000000000
00000000000000000000000000000000
00000000000000000000000000000000
c0a825810a000001005001bb06000000
00000000000000000000000000000000
00000000000000000000000000000000
00000000000000000000000000000000
c0a826270a000001005001bb06000000
00000000000000000000000000000000
00000000000000000000000000000000
00000000000000000000000000000000
00000000000000000000000000000000
00000000000000000000000000000000
c0a80f440a000001005001bb06000000
00000000000000000000000000000000
00000000000000000000000000000000
00000000000000000000000000000000
00000000000000000000000000000000
00000000000000000000000000000000
c0a8236f0a000001005001bb06000000
00000000000000000000000000000000
00000000000000000000000000000000
00000000000000000000000000000000
c0a81cf90a000001005001bb06000000
00000000000000000000000000000000
00000000000000000000000000000000
c0a818d60a000001005001bb06000000
c0a824cb0a000001005001bb06000000
00000000000000000000000000000000
c0a810d20a000001005001bb06000000
00000000000000000000000000000000
c0a820ea0a000001005001bb06000000
c0a808de0a000001005001bb06000000
00000000000000000000000000000000
00000000000000000000000000000000
00000000000000000000000000000000
00000000000000000000000000000000
00000000000000000000000000000000
00000000000000000000000000000000
00000000000000000000000000000000
00000000000000000000000000000000
c0a813250a000001005001bb06000000
00000000000000000000000000000000
c0a824470a000001005001bb06000000
00000000000000000000000000000000
00000000000000000000000000000000
00000000000000000000000000000000
c0a820660a000001005001bb06000000
00000000000000000000000000000000
00000000000000000000000000000000
00000000000000000000000000000000
00000000000000000000000000000000
00000000000000000000000000000000
00000000000000000000000000000000
00000000000000000000000000000000
00000000000000000000000000000000
00000000000000000000000000000000
00000000000000000000000000000000
00000000000000000000000000000000
00000000000000000000000000000000
00000000000000000000000000000000
c0a813db0a000001005001bb06000000
00000000000000000000000000000000
c0a8233d0a000001005001bb06000000
c0a80be70a000001005001bb06000000
00000000000000000000000000000000
00000000000000000000000000000000
c0a823f30a000001005001bb06000000
00000000000000000000000000000000
00000000000000000000000000000000
00000000000000000000000000000000
00000000000000000000000000000000
00000000000000000000000000000000
00000000000000000000000000000000
00000000000000000000000000000000
00000000000000000000000000000000
c0a819490a000001005001bb06000000
00000000000000000000000000000000
00000000000000000000000000000000
00000000000000000000000000000000
c0a81c020a000001005001bb06000000
00000000000000000000000000000000
00000000000000000000000000000000
c0a824160a000001005001bb06000000
00000000000000000000000000000000
00000000000000000000000000000000
c0a816c50a000001005001bb06000000
c0a81ec90a000001005001bb06000000
00000000000000000000000000000000
00000000000000000000000000000000
c0a81aa40a000001005001bb06000000
00000000000000000000000000000000
00000000000000000000000000000000
c0a80ed10a000001005001bb06000000
00000000000000000000000000000000
00000000000000000000000000000000
c0a80aee0a000001005001bb06000000
00000000000000000000000000000000
c0a81ae60a000001005001bb06000000
00000000000000000000000000000000
00000000000000000000000000000000
00000000000000000000000000000000
00000000000000000000000000000000
00000000000000000000000000000000
c0a816410a000001005001bb06000000
00000000000000000000000000000000
00000000000000000000000000000000
00000000000000000000000000000000
c0a8212b0a000001005001bb06000000
00000000000000000000000000000000
c0a80d020a000001005001bb06000000
c0a822760a000001005001bb06000000
00000000000000000000000000000000
c0a819170a000001005001bb06000000
00000000000000000000000000000000
c0a81db00a000001005001bb06000000
c0a81a620a000001005001bb06000000
00000000000000000000000000000000
00000000000000000000000000000000
00000000000000000000000000000000
c0a825c40a000001005001bb06000000
00000000000000000000000000000000
c0a815ee0a000001005001bb06000000
00000000000000000000000000000000
00000000000000000000000000000000
00000000000000000000000000000000
00000000000000000000000000000000
00000000000000000000000000000000
00000000000000000000000000000000
00000000000000000000000000000000
00000000000000000000000000000000
c0a821e10a000001005001bb06000000
00000000000000000000000000000000
c0a8198b0a000001005001bb06000000
00000000000000000000000000000000
00000000000000000000000000000000
00000000000000000000000000000000
00000000000000000000000000000000
00000000000000000000000000000000
c0a826260a000001005001bb06000000
00000000000000000000000000000000
00000000000000000000000000000000
00000000000000000000000000000000
c0a8236e0a000001005001bb06000000
00000000000000000000000000000000
00000000000000000000000000000000
00000000000000000000000000000000
00000000000000000000000000000000
00000000000000000000000000000000
00000000000000000000000000000000
00000000000000000000000000000000
00000000000000000000000000000000
00000000000000000000000000000000
c0a80cc00a000001005001bb06000000
c0a820a70a000001005001bb06000000
c0a81cfa0a000001005001bb06000000
00000000000000000000000000000000
00000000000000000000000000000000
00000000000000000000000000000000
00000000000000000000000000000000
00000000000000000000000000000000
00000000000000000000000000000000
00000000000000000000000000000000
c0a820e90a000001005001bb06000000
00000000000000000000000000000000
00000000000000000000000000000000
c0a824480a000001005001bb06000000
00000000000000000000000000000000
c0a818510a000001005001bb06000000
00000000000000000000000000000000
00000000000000000000000000000000
00000000000000000000000000000000
00000000000000000000000000000000
c0a813240a000001005001bb06000000
00000000000000000000000000000000
00000000000000000000000000000000
00000000000000000000000000000000
00000000000000000000000000000000
00000000000000000000000000000000
c0a820650a000001005001bb06000000
00000000000000000000000000000000
00000000000000000000000000000000
00000000000000000000000000000000
00000000000000000000000000000000
00000000000000000000000000000000
c0a813da0a000001005001bb06000000
00000000000000000000000000000000
00000000000000000000000000000000
00000000000000000000000000000000
00000000000000000000000000000000
00000000000000000000000000000000
c0a823f20a000001005001bb06000000
00000000000000000000000000000000
00000000000000000000000000000000
00000000000000000000000000000000
c0a8233c0a000001005001bb06000000
c0a80be60a000001005001bb06000000
00000000000000000000000000000000
c0a80bdd0a000001005001bb06000000
00000000000000000000000000000000
00000000000000000000000000000000
c0a823e90a000001005001bb06000000
00000000000000000000000000000000
c0a813930a000001005001bb06000000
c0a81b970a000001005001bb06000000
00000000000000000000000000000000
00000000000000000000000000000000
00000000000000000000000000000000
00000000000000000000000000000000
c0a823ab0a000001005001bb06000000
00000000000000000000000000000000
c0a813d10a000001005001bb06000000
00000000000000000000000000000000
00000000000000000000000000000000
00000000000000000000000000000000
00000000000000000000000000000000
00000000000000000000000000000000
c0a8105c0a000001005001bb06000000
c0a827000a000001005001bb06000000
c0a820740a000001005001bb06000000
00000000000000000000000000000000
00000000000000000000000000000000
00000000000000000000000000000000
c0a8231f0a000001005001bb06000000
00000000000000000000000000000000
00000000000000000000000000000000
00000000000000000000000000000000
00000000000000000000000000000000
00000000000000000000000000000000
00000000000000000000000000000000
00000000000000000000000000000000
00000000000000000000000000000000
c0a81f3a0a000001005001bb06000000
00000000000000000000000000000000
00000000000000000000000000000000
00000000000000000000000000000000
00000000000000000000000000000000
00000000000000000000000000000000
00000000000000000000000000000000
c0a81cfb0a000001005001bb06000000
c0a8189e0a000001005001bb06000000
c0a824d10a000001005001bb06000000
00000000000000000000000000000000
00000000000000000000000000000000
00000000000000000000000000000000
c0a820b20a000001005001bb06000000
00000000000000000000000000000000
c0a822160a000001005001bb06000000
00000000000000000000000000000000
00000000000000000000000000000000
00000000000000000000000000000000
c0a8236d0a000001005001bb06000000
c0a81a020a000001005001bb06000000
00000000000000000000000000000000
00000000000000000000000000000000
c0a81e250a000001005001bb06000000
c0a81f780a000001005001bb06000000
00000000000000000000000000000000
c0a80f420a000001005001bb06000000
00000000000000000000000000000000
00000000000000000000000000000000
c0a80e2d0a000001005001bb06000000
00000000000000000000000000000000
00000000000000000000000000000000
c0a819e40a000001005001bb06000000
c0a8259b0a000001005001bb06000000
00000000000000000000000000000000
00000000000000000000000000000000
00000000000000000000000000000000
c0a821f80a000001005001bb06000000
c0a8217c0a000001005001bb06000000
00000000000000000000000000000000
c0a819a60a000001005001bb06000000
c0a825d90a000001005001bb06000000
c0a809ae0a000001005001bb06000000
c0a815c10a000001005001bb06000000
c0a81dc50a000001005001bb06000000
c0a821ba0a000001005001bb06000000
00000000000000000000000000000000
c0a822650a000001005001bb06000000
00000000000000000000000000000000
00000000000000000000000000000000
00000000000000000000000000000000
00000000000000000000000000000000
c0a8191a0a000001005001bb06000000
00000000000000000000000000000000
00000000000000000000000000000000
00000000000000000000000000000000
00000000000000000000000000000000
00000000000000000000000000000000
00000000000000000000000000000000
c0a826460a000001005001bb06000000
00000000000000000000000000000000
00000000000000000000000000000000
00000000000000000000000000000000
00000000000000000000000000000000
00000000000000000000000000000000
c0a822e10a000001005001bb06000000
c0a826840a000001005001bb06000000
00000000000000000000000000000000
00000000000000000000000000000000
00000000000000000000000000000000
00000000000000000000000000000000
00000000000000000000000000000000
c0a81eec0a000001005001bb06000000
c0a822a30a000001005001bb06000000
00000000000000000000000000000000
00000000000000000000000000000000
00000000000000000000000000000000
c0a826c20a000001005001bb06000000
00000000000000000000000000000000
00000000000000000000000000000000
c0a819680a000001005001bb06000000
00000000000000000000000000000000
00000000000000000000000000000000
00000000000000000000000000000000
00000000000000000000000000000000
00000000000000000000000000000000
00000000000000000000000000000000
c0a820260a000001005001bb06000000
00000000000000000000000000000000
00000000000000000000000000000000
00000000000000000000000000000000
00000000000000000000000000000000
00000000000000000000000000000000
c0a815450a000001005001bb06000000
00000000000000000000000000000000
c0a813920a000001005001bb06000000
c0a81b960a000001005001bb06000000
00000000000000000000000000000000
00000000000000000000000000000000
00000000000000000000000000000000
00000000000000000000000000000000
c0a823e80a000001005001bb06000000
00000000000000000000000000000000
00000000000000000000000000000000
00000000000000000000000000000000
00000000000000000000000000000000
00000000000000000000000000000000
00000000000000000000000000000000
00000000000000000000000000000000
c0a823aa0a000001005001bb06000000
c0a827010a000001005001bb06000000
00000000000000000000000000000000
00000000000000000000000000000000
00000000000000000000000000000000
00000000000000000000000000000000
00000000000000000000000000000000
00000000000000000000000000000000
00000000000000000000000000000000
00000000000000000000000000000000
00000000000000000000000000000000
00000000000000000000000000000000
00000000000000000000000000000000
00000000000000000000000000000000
c0a8231e0a000001005001bb06000000
00000000000000000000000000000000
00000000000000000000000000000000
00000000000000000000000000000000
00000000000000000000000000000000
c0a820ef0a000001005001bb06000000
00000000000000000000000000000000
c0a824940a000001005001bb06000000
00000000000000000000000000000000
c0a81f3b0a000001005001bb06000000
00000000000000000000000000000000
00000000000000000000000000000000
00000000000000000000000000000000
00000000000000000000000000000000
c0a804c20a000001005001bb06000000
00000000000000000000000000000000
00000000000000000000000000000000
00000000000000000000000000000000
c0a824d20a000001005001bb06000000
00000000000000000000000000000000
c0a8236c0a000001005001bb06000000
c0a81a030a000001005001bb06000000
00000000000000000000000000000000
00000000000000000000000000000000
c0a822170a000001005001bb06000000
00000000000000000000000000000000
00000000000000000000000000000000
c0a80f430a000001005001bb06000000
00000000000000000000000000000000
00000000000000000000000000000000
c0a80e2c0a000001005001bb06000000
00000000000000000000000000000000
c0a81e240a000001005001bb06000000
c0a81f790a000001005001bb06000000
00000000000000000000000000000000
00000000000000000000000000000000
00000000000000000000000000000000
c0a821f70a000001005001bb06000000
c0a81d880a000001005001bb06000000
c0a811df0a000001005001bb06000000
00000000000000000000000000000000
00000000000000000000000000000000
00000000000000000000000000000000
c0a809ad0a000001005001bb06000000
c0a815c20a000001005001bb06000000
c0a81dc60a000001005001bb06000000
c0a821b90a000001005001bb06000000
00000000000000000000000000000000
00000000000000000000000000000000
00000000000000000000000000000000
c0a825da0a000001005001bb06000000
00000000000000000000000000000000
00000000000000000000000000000000
00000000000000000000000000000000
c0a80d040a000001005001bb06000000
00000000000000000000000000000000
c0a822640a000001005001bb06000000
00000000000000000000000000000000
00000000000000000000000000000000
00000000000000000000000000000000
c0a826470a000001005001bb06000000
00000000000000000000000000000000
00000000000000000000000000000000
00000000000000000000000000000000
00000000000000000000000000000000
00000000000000000000000000000000
00000000000000000000000000000000
c0a826850a000001005001bb06000000
00000000000000000000000000000000
00000000000000000000000000000000
00000000000000000000000000000000
00000000000000000000000000000000
c0a8128a0a000001005001bb06000000
00000000000000000000000000000000
c0a822e00a000001005001bb06000000
00000000000000000000000000000000
00000000000000000000000000000000
00000000000000000000000000000000
c0a802d00a000001005001bb06000000
00000000000000000000000000000000
00000000000000000000000000000000
c0a81eed0a000001005001bb06000000
c0a822a20a000001005001bb06000000
00000000000000000000000000000000
00000000000000000000000000000000
c0a8217b0a000001005001bb06000000
c0a80ffc0a000001005001bb06000000
00000000000000000000000000000000
00000000000000000000000000000000
00000000000000000000000000000000
00000000000000000000000000000000
00000000000000000000000000000000
00000000000000000000000000000000
00000000000000000000000000000000
00000000000000000000000000000000
00000000000000000000000000000000
c0a820250a000001005001bb06000000
00000000000000000000000000000000
00000000000000000000000000000000
00000000000000000000000000000000
00000000000000000000000000000000
00000000000000000000000000000000
00000000000000000000000000000000
c0a823ad0a000001005001bb06000000
c0a81bd30a000001005001bb06000000
00000000000000000000000000000000
00000000000000000000000000000000
00000000000000000000000000000000
00000000000000000000000000000000
c0a823e70a000001005001bb06000000
00000000000000000000000000000000
00000000000000000000000000000000
00000000000000000000000000000000
00000000000000000000000000000000
00000000000000000000000000000000
c0a823210a000001005001bb06000000
00000000000000000000000000000000
00000000000000000000000000000000
00000000000000000000000000000000
00000000000000000000000000000000
c0a80c470a000001005001bb06000000
00000000000000000000000000000000
00000000000000000000000000000000
00000000000000000000000000000000
00000000000000000000000000000000
00000000000000000000000000000000
00000000000000000000000000000000
c0a827020a000001005001bb06000000
00000000000000000000000000000000
00000000000000000000000000000000
00000000000000000000000000000000
00000000000000000000000000000000
00000000000000000000000000000000
00000000000000000000000000000000
00000000000000000000000000000000
c0a820b40a000001005001bb06000000
00000000000000000000000000000000
00000000000000000000000000000000
c0a80cc30a000001005001bb06000000
c0a824950a000001005001bb06000000
00000000000000000000000000000000
c0a81f380a000001005001bb06000000
00000000000000000000000000000000
00000000000000000000000000000000
00000000000000000000000000000000
c0a820ee0a000001005001bb06000000
00000000000000000000000000000000
00000000000000000000000000000000
00000000000000000000000000000000
c0a81f7a0a000001005001bb06000000
00000000000000000000000000000000
c0a80f400a000001005001bb06000000
00000000000000000000000000000000
00000000000000000000000000000000
00000000000000000000000000000000
c0a822180a000001005001bb06000000
c0a80b5f0a000001005001bb06000000
c0a8236b0a000001005001bb06000000
00000000000000000000000000000000
00000000000000000000000000000000
00000000000000000000000000000000
00000000000000000000000000000000
00000000000000000000000000000000
00000000000000000000000000000000
00000000000000000000000000000000
c0a825d70a000001005001bb06000000
c0a819a80a000001005001bb06000000
00000000000000000000000000000000
00000000000000000000000000000000
00000000000000000000000000000000
00000000000000000000000000000000
00000000000000000000000000000000
c0a819e20a000001005001bb06000000
00000000000000000000000000000000
00000000000000000000000000000000
00000000000000000000000000000000
00000000000000000000000000000000
c0a821f60a000001005001bb06000000
00000000000000000000000000000000
c0a8124b0a000001005001bb06000000
c0a8191c0a000001005001bb06000000
00000000000000000000000000000000
00000000000000000000000000000000
00000000000000000000000000000000
c0a826440a000001005001bb06000000
00000000000000000000000000000000
c0a81a4f0a000001005001bb06000000
c0a821bc0a000001005001bb06000000
00000000000000000000000000000000
c0a822630a000001005001bb06000000
00000000000000000000000000000000
00000000000000000000000000000000
00000000000000000000000000000000
00000000000000000000000000000000
00000000000000000000000000000000
c0a822a50a000001005001bb06000000
c0a81acb0a000001005001bb06000000
c0a81eee0a000001005001bb06000000
00000000000000000000000000000000
00000000000000000000000000000000
00000000000000000000000000000000
00000000000000000000000000000000
00000000000000000000000000000000
00000000000000000000000000000000
00000000000000000000000000000000
00000000000000000000000000000000
00000000000000000000000000000000
00000000000000000000000000000000
00000000000000000000000000000000
00000000000000000000000000000000
00000000000000000000000000000000
c0a820280a000001005001bb06000000
00000000000000000000000000000000
00000000000000000000000000000000
00000000000000000000000000000000
c0a815430a000001005001bb06000000
00000000000000000000000000000000
00000000000000000000000000000000
00000000000000000000000000000000
00000000000000000000000000000000
00000000000000000000000000000000
00000000000000000000000000000000
c0a819660a000001005001bb06000000
00000000000000000000000000000000
c0a8096e0a000001005001bb06000000
c0a8217a0a000001005001bb06000000
00000000000000000000000000000000
c0a823ac0a000001005001bb06000000
c0a81bd20a000001005001bb06000000
00000000000000000000000000000000
00000000000000000000000000000000
00000000000000000000000000000000
00000000000000000000000000000000
00000000000000000000000000000000
00000000000000000000000000000000
00000000000000000000000000000000
00000000000000000000000000000000
00000000000000000000000000000000
00000000000000000000000000000000
00000000000000000000000000000000
00000000000000000000000000000000
c0a823e60a000001005001bb06000000
00000000000000000000000000000000
00000000000000000000000000000000
00000000000000000000000000000000
00000000000000000000000000000000
00000000000000000000000000000000
c0a823200a000001005001bb06000000
00000000000000000000000000000000
00000000000000000000000000000000
00000000000000000000000000000000
c0a827030a000001005001bb06000000
00000000000000000000000000000000
00000000000000000000000000000000
00000000000000000000000000000000
00000000000000000000000000000000
00000000000000000000000000000000
00000000000000000000000000000000
00000000000000000000000000000000
00000000000000000000000000000000
c0a818d90a000001005001bb06000000
00000000000000000000000000000000
c0a820b30a000001005001bb06000000
00000000000000000000000000000000
00000000000000000000000000000000
c0a8189f0a000001005001bb06000000
c0a824d00a000001005001bb06000000
00000000000000000000000000000000
00000000000000000000000000000000
c0a820ed0a000001005001bb06000000
c0a81c820a000001005001bb06000000
00000000000000000000000000000000
00000000000000000000000000000000
c0a81f390a000001005001bb06000000
00000000000000000000000000000000
c0a80f410a000001005001bb06000000
00000000000000000000000000000000
00000000000000000000000000000000
c0a80e2e0a000001005001bb06000000
00000000000000000000000000000000
00000000000000000000000000000000
c0a81f7b0a000001005001bb06000000
00000000000000000000000000000000
00000000000000000000000000000000
00000000000000000000000000000000
00000000000000000000000000000000
00000000000000000000000000000000
c0a822190a000001005001bb06000000
c0a80b5e0a000001005001bb06000000
c0a8236a0a000001005001bb06000000
00000000000000000000000000000000
c0a8259e0a000001005001bb06000000
00000000000000000000000000000000
00000000000000000000000000000000
c0a821bb0a000001005001bb06000000
00000000000000000000000000000000
00000000000000000000000000000000
00000000000000000000000000000000
c0a825d80a000001005001bb06000000
00000000000000000000000000000000
00000000000000000000000000000000
c0a821f50a000001005001bb06000000
c0a81d8a0a000001005001bb06000000
c0a811dd0a000001005001bb06000000
00000000000000000000000000000000
00000000000000000000000000000000
c0a809e90a000001005001bb06000000
00000000000000000000000000000000
c0a826450a000001005001bb06000000
00000000000000000000000000000000
c0a81a4e0a000001005001bb06000000
00000000000000000000000000000000
00000000000000000000000000000000
00000000000000000000000000000000
00000000000000000000000000000000
00000000000000000000000000000000
00000000000000000000000000000000
00000000000000000000000000000000
00000000000000000000000000000000
00000000000000000000000000000000
00000000000000000000000000000000
c0a822620a000001005001bb06000000
00000000000000000000000000000000
00000000000000000000000000000000
00000000000000000000000000000000
00000000000000000000000000000000
00000000000000000000000000000000
c0a822a40a000001005001bb06000000
c0a81aca0a000001005001bb06000000
c0a81eef0a000001005001bb06000000
00000000000000000000000000000000
c0a826870a000001005001bb06000000
00000000000000000000000000000000
00000000000000000000000000000000
00000000000000000000000000000000
00000000000000000000000000000000
00000000000000000000000000000000
00000000000000000000000000000000
00000000000000000000000000000000
00000000000000000000000000000000
00000000000000000000000000000000
00000000000000000000000000000000
00000000000000000000000000000000
00000000000000000000000000000000
c0a820270a000001005001bb06000000
00000000000000000000000000000000
00000000000000000000000000000000
00000000000000000000000000000000
00000000000000000000000000000000
c0a821790a000001005001bb06000000
00000000000000000000000000000000
00000000000000000000000000000000
00000000000000000000000000000000
00000000000000000000000000000000
00000000000000000000000000000000
00000000000000000000000000000000
00000000000000000000000000000000
00000000000000000000000000000000
00000000000000000000000000000000
00000000000000000000000000000000
c0a81b0f0a000001005001bb06000000
00000000000000000000000000000000
00000000000000000000000000000000
c0a81c7b0a000001005001bb06000000
00000000000000000000000000000000
00000000000000000000000000000000
00000000000000000000000000000000
00000000000000000000000000000000
c0a80c450a000001005001bb06000000
00000000000000000000000000000000
00000000000000000000000000000000
00000000000000000000000000000000
00000000000000000000000000000000
00000000000000000000000000000000
00000000000000000000000000000000
00000000000000000000000000000000
00000000000000000000000000000000
00000000000000000000000000000000
00000000000000000000000000000000
00000000000000000000000000000000
00000000000000000000000000000000
c0a823a70a000001005001bb06000000
c0a81ff80a000001005001bb06000000
00000000000000000000000000000000
c0a80fc20a000001005001bb06000000
00000000000000000000000000000000
c0a81bd90a000001005001bb06000000
c0a8221a0a000001005001bb06000000
00000000000000000000000000000000
c0a823690a000001005001bb06000000
00000000000000000000000000000000
00000000000000000000000000000000
00000000000000000000000000000000
c0a812020a000001005001bb06000000
00000000000000000000000000000000
00000000000000000000000000000000
c0a816250a000001005001bb06000000
00000000000000000000000000000000
00000000000000000000000000000000
00000000000000000000000000000000
00000000000000000000000000000000
00000000000000000000000000000000
00000000000000000000000000000000
00000000000000000000000000000000
c0a808e80a000001005001bb06000000
c0a810dc0a000001005001bb06000000
00000000000000000000000000000000
c0a820f40a000001005001bb06000000
c0a8189a0a000001005001bb06000000
00000000000000000000000000000000
00000000000000000000000000000000
c0a824d50a000001005001bb06000000
00000000000000000000000000000000
00000000000000000000000000000000
00000000000000000000000000000000
00000000000000000000000000000000
00000000000000000000000000000000
c0a820ae0a000001005001bb06000000
00000000000000000000000000000000
00000000000000000000000000000000
00000000000000000000000000000000
c0a822610a000001005001bb06000000
00000000000000000000000000000000
00000000000000000000000000000000
00000000000000000000000000000000
c0a8111a0a000001005001bb06000000
c0a80d070a000001005001bb06000000
00000000000000000000000000000000
00000000000000000000000000000000
00000000000000000000000000000000
00000000000000000000000000000000
c0a821320a000001005001bb06000000
00000000000000000000000000000000
00000000000000000000000000000000
00000000000000000000000000000000
00000000000000000000000000000000
00000000000000000000000000000000
c0a811e40a000001005001bb06000000
c0a819e80a000001005001bb06000000
00000000000000000000000000000000
00000000000000000000000000000000
00000000000000000000000000000000
00000000000000000000000000000000
00000000000000000000000000000000
c0a819a20a000001005001bb06000000
00000000000000000000000000000000
00000000000000000000000000000000
00000000000000000000000000000000
00000000000000000000000000000000
c0a821b60a000001005001bb06000000
00000000000000000000000000000000
00000000000000000000000000000000
00000000000000000000000000000000
00000000000000000000000000000000
c0a819640a000001005001bb06000000
00000000000000000000000000000000
c0a818160a000001005001bb06000000
c0a821780a000001005001bb06000000
00000000000000000000000000000000
c0a8202a0a000001005001bb06000000
00000000000000000000000000000000
c0a825590a000001005001bb06000000
c0a8081e0a000001005001bb06000000
c0a815410a000001005001bb06000000
00000000000000000000000000000000
c0a805490a000001005001bb06000000
00000000000000000000000000000000
c0a822e50a000001005001bb06000000
00000000000000000000000000000000
00000000000000000000000000000000
00000000000000000000000000000000
00000000000000000000000000000000
00000000000000000000000000000000
00000000000000000000000000000000
00000000000000000000000000000000
00000000000000000000000000000000
00000000000000000000000000000000
c0a816ec0a000001005001bb06000000
c0a81ef00a000001005001bb06000000
c0a826c60a000001005001bb06000000
00000000000000000000000000000000
00000000000000000000000000000000
c0a81ad10a000001005001bb06000000
00000000000000000000000000000000
c0a81b0e0a000001005001bb06000000
00000000000000000000000000000000
c0a8206f0a000001005001bb06000000
00000000000000000000000000000000
00000000000000000000000000000000
00000000000000000000000000000000
00000000000000000000000000000000
00000000000000000000000000000000
c0a80c460a000001005001bb06000000
00000000000000000000000000000000
00000000000000000000000000000000
c0a823220a000001005001bb06000000
00000000000000000000000000000000
00000000000000000000000000000000
00000000000000000000000000000000
c0a823ec0a000001005001bb06000000
00000000000000000000000000000000
00000000000000000000000000000000
00000000000000000000000000000000
00000000000000000000000000000000
00000000000000000000000000000000
00000000000000000000000000000000
00000000000000000000000000000000
00000000000000000000000000000000
00000000000000000000000000000000
00000000000000000000000000000000
c0a81bd80a000001005001bb06000000
00000000000000000000000000000000
00000000000000000000000000000000
c0a823a60a000001005001bb06000000
c0a81ff90a000001005001bb06000000
00000000000000000000000000000000
00000000000000000000000000000000
c0a812030a000001005001bb06000000
00000000000000000000000000000000
c0a8221b0a000001005001bb06000000
00000000000000000000000000000000
c0a823680a000001005001bb06000000
00000000000000000000000000000000
00000000000000000000000000000000
00000000000000000000000000000000
00000000000000000000000000000000
00000000000000000000000000000000
00000000000000000000000000000000
c0a816240a000001005001bb06000000
00000000000000000000000000000000
00000000000000000000000000000000
00000000000000000000000000000000
00000000000000000000000000000000
00000000000000000000000000000000
c0a820f30a000001005001bb06000000
00000000000000000000000000000000
00000000000000000000000000000000
00000000000000000000000000000000
00000000000000000000000000000000
00000000000000000000000000000000
00000000000000000000000000000000
c0a820ad0a000001005001bb06000000
00000000000000000000000000000000
c0a824d60a000001005001bb06000000
00000000000000000000000000000000
00000000000000000000000000000000
00000000000000000000000000000000
c0a81d000a000001005001bb06000000
00000000000000000000000000000000
00000000000000000000000000000000
00000000000000000000000000000000
00000000000000000000000000000000
00000000000000000000000000000000
c0a822600a000001005001bb06000000
c0a825140a000001005001bb06000000
00000000000000000000000000000000
00000000000000000000000000000000
00000000000000000000000000000000
c0a81a4c0a000001005001bb06000000
00000000000000000000000000000000
c0a8191d0a000001005001bb06000000
00000000000000000000000000000000
00000000000000000000000000000000
c0a825de0a000001005001bb06000000
00000000000000000000000000000000
00000000000000000000000000000000
c0a821fb0a000001005001bb06000000
00000000000000000000000000000000
00000000000000000000000000000000
00000000000000000000000000000000
c0a81e2f0a000001005001bb06000000
00000000000000000000000000000000
00000000000000000000000000000000
c0a815c60a000001005001bb06000000
c0a81dca0a000001005001bb06000000
00000000000000000000000000000000
c0a80dd20a000001005001bb06000000
00000000000000000000000000000000
00000000000000000000000000000000
00000000000000000000000000000000
00000000000000000000000000000000
c0a80c000a000001005001bb06000000
c0a821770a000001005001bb06000000
00000000000000000000000000000000
c0a8115f0a000001005001bb06000000
00000000000000000000000000000000
c0a8240c0a000001005001bb06000000
c0a815420a000001005001bb06000000
00000000000000000000000000000000
00000000000000000000000000000000
00000000000000000000000000000000
c0a820290a000001005001bb06000000
00000000000000000000000000000000
00000000000000000000000000000000
00000000000000000000000000000000
00000000000000000000000000000000
00000000000000000000000000000000
00000000000000000000000000000000
00000000000000000000000000000000
c0a822e40a000001005001bb06000000
00000000000000000000000000000000
00000000000000000000000000000000
00000000000000000000000000000000
c0a826c70a000001005001bb06000000
00000000000000000000000000000000
00000000000000000000000000000000
c0a81ad00a000001005001bb06000000
00000000000000000000000000000000
00000000000000000000000000000000
c0a816ed0a000001005001bb06000000
00000000000000000000000000000000
00000000000000000000000000000000
00000000000000000000000000000000
00000000000000000000000000000000
c0a823250a000001005001bb06000000
00000000000000000000000000000000
00000000000000000000000000000000
c0a80c430a000001005001bb06000000
00000000000000000000000000000000
00000000000000000000000000000000
00000000000000000000000000000000
00000000000000000000000000000000
00000000000000000000000000000000
00000000000000000000000000000000
00000000000000000000000000000000
00000000000000000000000000000000
c0a8206e0a000001005001bb06000000
00000000000000000000000000000000
00000000000000000000000000000000
00000000000000000000000000000000
c0a81ffa0a000001005001bb06000000
00000000000000000000000000000000
c0a80fc00a000001005001bb06000000
c0a81bd70a000001005001bb06000000
00000000000000000000000000000000
c0a80bdf0a000001005001bb06000000
00000000000000000000000000000000
00000000000000000000000000000000
c0a823eb0a000001005001bb06000000
00000000000000000000000000000000
00000000000000000000000000000000
00000000000000000000000000000000
00000000000000000000000000000000
00000000000000000000000000000000
c0a816270a000001005001bb06000000
00000000000000000000000000000000
00000000000000000000000000000000
00000000000000000000000000000000
00000000000000000000000000000000
00000000000000000000000000000000
c0a8221c0a000001005001bb06000000
00000000000000000000000000000000
00000000000000000000000000000000
00000000000000000000000000000000
c0a823670a000001005001bb06000000
00000000000000000000000000000000
00000000000000000000000000000000
00000000000000000000000000000000
00000000000000000000000000000000
00000000000000000000000000000000
00000000000000000000000000000000
00000000000000000000000000000000
c0a824d30a000001005001bb06000000
00000000000000000000000000000000
00000000000000000000000000000000
00000000000000000000000000000000
c0a804c30a000001005001bb06000000
00000000000000000000000000000000
00000000000000000000000000000000
00000000000000000000000000000000
c0a8263f0a000001005001bb06000000
00000000000000000000000000000000
00000000000000000000000000000000
00000000000000000000000000000000
c0a820f20a000001005001bb06000000
c0a819200a000001005001bb06000000
c0a8111c0a000001005001bb06000000
00000000000000000000000000000000
c0a81e6e0a000001005001bb06000000
00000000000000000000000000000000
00000000000000000000000000000000
00000000000000000000000000000000
c0a821340a000001005001bb06000000
00000000000000000000000000000000
00000000000000000000000000000000
00000000000000000000000000000000
c0a825150a000001005001bb06000000
00000000000000000000000000000000
00000000000000000000000000000000
c0a80d090a000001005001bb06000000
00000000000000000000000000000000
00000000000000000000000000000000
00000000000000000000000000000000
c0a819a40a000001005001bb06000000
c0a825db0a000001005001bb06000000
00000000000000000000000000000000
00000000000000000000000000000000
00000000000000000000000000000000
c0a821b80a000001005001bb06000000
00000000000000000000000000000000
00000000000000000000000000000000
c0a819e60a000001005001bb06000000
00000000000000000000000000000000
00000000000000000000000000000000
00000000000000000000000000000000
00000000000000000000000000000000
00000000000000000000000000000000
00000000000000000000000000000000
00000000000000000000000000000000
00000000000000000000000000000000
c0a825570a000001005001bb06000000
00000000000000000000000000000000
00000000000000000000000000000000
00000000000000000000000000000000
00000000000000000000000000000000
c0a819620a000001005001bb06000000
00000000000000000000000000000000
00000000000000000000000000000000
c0a8240d0a000001005001bb06000000
00000000000000000000000000000000
00000000000000000000000000000000
c0a80c010a000001005001bb06000000
c0a821760a000001005001bb06000000
00000000000000000000000000000000
00000000000000000000000000000000
c0a816ee0a000001005001bb06000000
c0a822a10a000001005001bb06000000
c0a826c40a000001005001bb06000000
00000000000000000000000000000000
00000000000000000000000000000000
00000000000000000000000000000000
00000000000000000000000000000000
00000000000000000000000000000000
00000000000000000000000000000000
c0a822e30a000001005001bb06000000
00000000000000000000000000000000
00000000000000000000000000000000
00000000000000000000000000000000
c0a826820a000001005001bb06000000
00000000000000000000000000000000
00000000000000000000000000000000
00000000000000000000000000000000
00000000000000000000000000000000
00000000000000000000000000000000
00000000000000000000000000000000
00000000000000000000000000000000
c0a823240a000001005001bb06000000
00000000000000000000000000000000
00000000000000000000000000000000
00000000000000000000000000000000
c0a8206d0a000001005001bb06000000
00000000000000000000000000000000
00000000000000000000000000000000
00000000000000000000000000000000
00000000000000000000000000000000
00000000000000000000000000000000
c0a80fc10a000001005001bb06000000
c0a81bd60a000001005001bb06000000
00000000000000000000000000000000
00000000000000000000000000000000
00000000000000000000000000000000
00000000000000000000000000000000
c0a81ffb0a000001005001bb06000000
00000000000000000000000000000000
00000000000000000000000000000000
00000000000000000000000000000000
00000000000000000000000000000000
00000000000000000000000000000000
00000000000000000000000000000000
00000000000000000000000000000000
c0a823ea0a000001005001bb06000000
00000000000000000000000000000000
00000000000000000000000000000000
00000000000000000000000000000000
c0a8221d0a000001005001bb06000000
00000000000000000000000000000000
c0a816260a000001005001bb06000000
00000000000000000000000000000000
00000000000000000000000000000000
00000000000000000000000000000000
00000000000000000000000000000000
00000000000000000000000000000000
00000000000000000000000000000000
00000000000000000000000000000000
00000000000000000000000000000000
00000000000000000000000000000000
c0a823660a000001005001bb06000000
00000000000000000000000000000000
00000000000000000000000000000000
c0a820af0a000001005001bb06000000
00000000000000000000000000000000
c0a824d40a000001005001bb06000000
00000000000000000000000000000000
00000000000000000000000000000000
00000000000000000000000000000000
00000000000000000000000000000000
c0a8189b0a000001005001bb06000000
00000000000000000000000000000000
00000000000000000000000000000000
00000000000000000000000000000000
00000000000000000000000000000000
00000000000000000000000000000000
c0a8263e0a000001005001bb06000000
00000000000000000000000000000000
00000000000000000000000000000000
00000000000000000000000000000000
00000000000000000000000000000000
c0a81a4a0a000001005001bb06000000
c0a8191f0a000001005001bb06000000
00000000000000000000000000000000
00000000000000000000000000000000
c0a81d020a000001005001bb06000000
00000000000000000000000000000000
00000000000000000000000000000000
00000000000000000000000000000000
00000000000000000000000000000000
00000000000000000000000000000000
00000000000000000000000000000000
c0a825160a000001005001bb06000000
00000000000000000000000000000000
00000000000000000000000000000000
c0a821b70a000001005001bb06000000
c0a81dc80a000001005001bb06000000
00000000000000000000000000000000
00000000000000000000000000000000
00000000000000000000000000000000
00000000000000000000000000000000
00000000000000000000000000000000
00000000000000000000000000000000
00000000000000000000000000000000
c0a821f90a000001005001bb06000000
00000000000000000000000000000000
00000000000000000000000000000000
c0a819e50a000001005001bb06000000
c0a8259a0a000001005001bb06000000
c0a815400a000001005001bb06000000
00000000000000000000000000000000
00000000000000000000000000000000
00000000000000000000000000000000
c0a8202b0a000001005001bb06000000
00000000000000000000000000000000
00000000000000000000000000000000
00000000000000000000000000000000
00000000000000000000000000000000
00000000000000000000000000000000
c0a80c020a000001005001bb06000000
c0a821750a000001005001bb06000000
00000000000000000000000000000000
00000000000000000000000000000000
00000000000000000000000000000000
c0a8240e0a000001005001bb06000000
c0a826c50a000001005001bb06000000
00000000000000000000000000000000
00000000000000000000000000000000
c0a802d20a000001005001bb06000000
00000000000000000000000000000000
00000000000000000000000000000000
c0a816ef0a000001005001bb06000000
c0a81ef30a000001005001bb06000000
00000000000000000000000000000000
00000000000000000000000000000000
00000000000000000000000000000000
00000000000000000000000000000000
00000000000000000000000000000000
c0a812880a000001005001bb06000000
00000000000000000000000000000000
c0a822e20a000001005001bb06000000
c0a818e40a000001005001bb06000000
00000000000000000000000000000000
00000000000000000000000000000000
00000000000000000000000000000000
00000000000000000000000000000000
c0a820f80a000001005001bb06000000
00000000000000000000000000000000
00000000000000000000000000000000
c0a818a60a000001005001bb06000000
c0a824d90a000001005001bb06000000
c0a8207c0a000001005001bb06000000
00000000000000000000000000000000
00000000000000000000000000000000
c0a820ba0a000001005001bb06000000
00000000000000000000000000000000
00000000000000000000000000000000
00000000000000000000000000000000
00000000000000000000000000000000
00000000000000000000000000000000
c0a8220e0a000001005001bb06000000
00000000000000000000000000000000
00000000000000000000000000000000
00000000000000000000000000000000
00000000000000000000000000000000
c0a81f700a000001005001bb06000000
00000000000000000000000000000000
00000000000000000000000000000000
c0a81e1d0a000001005001bb06000000
c0a81b510a000001005001bb06000000
00000000000000000000000000000000
00000000000000000000000000000000
00000000000000000000000000000000
00000000000000000000000000000000
c0a823e10a000001005001bb06000000
00000000000000000000000000000000
c0a8138b0a000001005001bb06000000
00000000000000000000000000000000
00000000000000000000000000000000
00000000000000000000000000000000
00000000000000000000000000000000
00000000000000000000000000000000
c0a823a30a000001005001bb06000000
00000000000000000000000000000000
00000000000000000000000000000000
00000000000000000000000000000000
00000000000000000000000000000000
00000000000000000000000000000000
c0a817e80a000001005001bb06000000
00000000000000000000000000000000
00000000000000000000000000000000
00000000000000000000000000000000
00000000000000000000000000000000
00000000000000000000000000000000
00000000000000000000000000000000
00000000000000000000000000000000
00000000000000000000000000000000
00000000000000000000000000000000
00000000000000000000000000000000
00000000000000000000000000000000
c0a823270a000001005001bb06000000
c0a81c490a000001005001bb06000000
00000000000000000000000000000000
00000000000000000000000000000000
00000000000000000000000000000000
00000000000000000000000000000000
c0a822e90a000001005001bb06000000
c0a8268c0a000001005001bb06000000
00000000000000000000000000000000
c0a81a970a000001005001bb06000000
00000000000000000000000000000000
00000000000000000000000000000000
c0a812930a000001005001bb06000000
00000000000000000000000000000000
c0a822ab0a000001005001bb06000000
00000000000000000000000000000000
00000000000000000000000000000000
00000000000000000000000000000000
c0a826ca0a000001005001bb06000000
00000000000000000000000000000000
00000000000000000000000000000000
c0a819600a000001005001bb06000000
c0a8115c0a000001005001bb06000000
00000000000000000000000000000000
c0a816b20a000001005001bb06000000
00000000000000000000000000000000
00000000000000000000000000000000
00000000000000000000000000000000
c0a821740a000001005001bb06000000
00000000000000000000000000000000
00000000000000000000000000000000
00000000000000000000000000000000
c0a8201e0a000001005001bb06000000
c0a81d410a000001005001bb06000000
00000000000000000000000000000000
c0a80d490a000001005001bb06000000
00000000000000000000000000000000
c0a81e3a0a000001005001bb06000000
c0a801e00a000001005001bb06000000
00000000000000000000000000000000
00000000000000000000000000000000
00000000000000000000000000000000
c0a821f00a000001005001bb06000000
00000000000000000000000000000000
c0a8119a0a000001005001bb06000000
c0a8199e0a000001005001bb06000000
c0a825d10a000001005001bb06000000
00000000000000000000000000000000
c0a81dfb0a000001005001bb06000000
00000000000000000000000000000000
c0a821b20a000001005001bb06000000
00000000000000000000000000000000
00000000000000000000000000000000
00000000000000000000000000000000
00000000000000000000000000000000
00000000000000000000000000000000
c0a825170a000001005001bb06000000
c0a81d030a000001005001bb06000000
00000000000000000000000000000000
00000000000000000000000000000000
c0a8226d0a000001005001bb06000000
c0a819220a000001005001bb06000000
c0a8111e0a000001005001bb06000000
00000000000000000000000000000000
c0a8264e0a000001005001bb06000000
00000000000000000000000000000000
00000000000000000000000000000000
c0a80e420a000001005001bb06000000
c0a821360a000001005001bb06000000
c0a820f70a000001005001bb06000000
00000000000000000000000000000000
00000000000000000000000000000000
00000000000000000000000000000000
00000000000000000000000000000000
00000000000000000000000000000000
00000000000000000000000000000000
c0a818e30a000001005001bb06000000
c0a81cc60a000001005001bb06000000
c0a820b90a000001005001bb06000000
c0a8249c0a000001005001bb06000000
c0a814c20a000001005001bb06000000
00000000000000000000000000000000
c0a824da0a000001005001bb06000000
00000000000000000000000000000000
00000000000000000000000000000000
00000000000000000000000000000000
00000000000000000000000000000000
00000000000000000000000000000000
00000000000000000000000000000000
00000000000000000000000000000000
00000000000000000000000000000000
00000000000000000000000000000000
c0a8220f0a000001005001bb06000000
c0a81b500a000001005001bb06000000
00000000000000000000000000000000
00000000000000000000000000000000
00000000000000000000000000000000
c0a81f710a000001005001bb06000000
00000000000000000000000000000000
00000000000000000000000000000000
c0a81e1c0a000001005001bb06000000
00000000000000000000000000000000
00000000000000000000000000000000
00000000000000000000000000000000
00000000000000000000000000000000
00000000000000000000000000000000
c0a823e00a000001005001bb06000000
00000000000000000000000000000000
c0a8138a0a000001005001bb06000000
00000000000000000000000000000000
00000000000000000000000000000000
00000000000000000000000000000000
00000000000000000000000000000000
c0a81fed0a000001005001bb06000000
c0a823a20a000001005001bb06000000
00000000000000000000000000000000
00000000000000000000000000000000
c0a8207b0a000001005001bb06000000
c0a80efd0a000001005001bb06000000
00000000000000000000000000000000
00000000000000000000000000000000
00000000000000000000000000000000
c0a818670a000001005001bb06000000
00000000000000000000000000000000
00000000000000000000000000000000
c0a81c4a0a000001005001bb06000000
00000000000000000000000000000000
00000000000000000000000000000000
00000000000000000000000000000000
00000000000000000000000000000000
00000000000000000000000000000000
00000000000000000000000000000000
c0a823260a000001005001bb06000000
c0a81a960a000001005001bb06000000
00000000000000000000000000000000
00000000000000000000000000000000
c0a812920a000001005001bb06000000
00000000000000000000000000000000
c0a822e80a000001005001bb06000000
c0a80adc0a000001005001bb06000000
00000000000000000000000000000000
c0a81ad40a000001005001bb06000000
c0a826cb0a000001005001bb06000000
00000000000000000000000000000000
c0a812d00a000001005001bb06000000
00000000000000000000000000000000
c0a822aa0a000001005001bb06000000
00000000000000000000000000000000
00000000000000000000000000000000
00000000000000000000000000000000
00000000000000000000000000000000
c0a824000a000001005001bb06000000
00000000000000000000000000000000
00000000000000000000000000000000
00000000000000000000000000000000
00000000000000000000000000000000
00000000000000000000000000000000
00000000000000000000000000000000
00000000000000000000000000000000
00000000000000000000000000000000
00000000000000000000000000000000
00000000000000000000000000000000
00000000000000000000000000000000
00000000000000000000000000000000
c0a8201d0a000001005001bb06000000
c0a821ef0a000001005001bb06000000
c0a81d800a000001005001bb06000000
00000000000000000000000000000000
00000000000000000000000000000000
c0a81e3b0a000001005001bb06000000
00000000000000000000000000000000
c0a825940a000001005001bb06000000
00000000000000000000000000000000
00000000000000000000000000000000
00000000000000000000000000000000
00000000000000000000000000000000
c0a819db0a000001005001bb06000000
00000000000000000000000000000000
c0a825d20a000001005001bb06000000
00000000000000000000000000000000
00000000000000000000000000000000
00000000000000000000000000000000
00000000000000000000000000000000
c0a805080a000001005001bb06000000
c0a81d040a000001005001bb06000000
00000000000000000000000000000000
00000000000000000000000000000000
c0a825180a000001005001bb06000000
00000000000000000000000000000000
00000000000000000000000000000000
00000000000000000000000000000000
c0a80e430a000001005001bb06000000
c0a821350a000001005001bb06000000
c0a81e790a000001005001bb06000000
c0a8111d0a000001005001bb06000000
c0a809290a000001005001bb06000000
c0a8264f0a000001005001bb06000000
c0a824d70a000001005001bb06000000
00000000000000000000000000000000
00000000000000000000000000000000
00000000000000000000000000000000
00000000000000000000000000000000
00000000000000000000000000000000
c0a8249d0a000001005001bb06000000
00000000000000000000000000000000
00000000000000000000000000000000
00000000000000000000000000000000
00000000000000000000000000000000
c0a818e20a000001005001bb06000000
c0a820f60a000001005001bb06000000
00000000000000000000000000000000
00000000000000000000000000000000
00000000000000000000000000000000
00000000000000000000000000000000
00000000000000000000000000000000
00000000000000000000000000000000
c0a81e1f0a000001005001bb06000000
00000000000000000000000000000000
c0a81b4f0a000001005001bb06000000
00000000000000000000000000000000
00000000000000000000000000000000
c0a823630a000001005001bb06000000
00000000000000000000000000000000
c0a820bc0a000001005001bb06000000
00000000000000000000000000000000
00000000000000000000000000000000
00000000000000000000000000000000
00000000000000000000000000000000
00000000000000000000000000000000
c0a81fee0a000001005001bb06000000
00000000000000000000000000000000
c0a823a50a000001005001bb06000000
c0a81bcb0a000001005001bb06000000
00000000000000000000000000000000
00000000000000000000000000000000
00000000000000000000000000000000
00000000000000000000000000000000
00000000000000000000000000000000
00000000000000000000000000000000
00000000000000000000000000000000
00000000000000000000000000000000
00000000000000000000000000000000
c0a81b910a000001005001bb06000000
00000000000000000000000000000000
00000000000000000000000000000000
00000000000000000000000000000000
c0a80b1d0a000001005001bb06000000
c0a823290a000001005001bb06000000
00000000000000000000000000000000
00000000000000000000000000000000
00000000000000000000000000000000
c0a814430a000001005001bb06000000
00000000000000000000000000000000
00000000000000000000000000000000
c0a818660a000001005001bb06000000
00000000000000000000000000000000
00000000000000000000000000000000
c0a813110a000001005001bb06000000
00000000000000000000000000000000
00000000000000000000000000000000
00000000000000000000000000000000
c0a81ef60a000001005001bb06000000
00000000000000000000000000000000
00000000000000000000000000000000
00000000000000000000000000000000
00000000000000000000000000000000
c0a826c80a000001005001bb06000000
c0a822ad0a000001005001bb06000000
c0a81ad30a000001005001bb06000000
c0a822e70a000001005001bb06000000
00000000000000000000000000000000
c0a8268e0a000001005001bb06000000
00000000000000000000000000000000
00000000000000000000000000000000
00000000000000000000000000000000
00000000000000000000000000000000
00000000000000000000000000000000
00000000000000000000000000000000
00000000000000000000000000000000
c0a820200a000001005001bb06000000
00000000000000000000000000000000
00000000000000000000000000000000
00000000000000000000000000000000
00000000000000000000000000000000
c0a80d470a000001005001bb06000000
00000000000000000000000000000000
00000000000000000000000000000000
00000000000000000000000000000000
00000000000000000000000000000000
00000000000000000000000000000000
00000000000000000000000000000000
c0a824010a000001005001bb06000000
00000000000000000000000000000000
c0a8119c0a000001005001bb06000000
c0a819a00a000001005001bb06000000
00000000000000000000000000000000
00000000000000000000000000000000
00000000000000000000000000000000
c0a80dc30a000001005001bb06000000
c0a821b40a000001005001bb06000000
00000000000000000000000000000000
c0a81e380a000001005001bb06000000
00000000000000000000000000000000
c0a825950a000001005001bb06000000
00000000000000000000000000000000
c0a821ee0a000001005001bb06000000
00000000000000000000000000000000
00000000000000000000000000000000
00000000000000000000000000000000
c0a81e7a0a000001005001bb06000000
00000000000000000000000000000000
00000000000000000000000000000000
c0a819240a000001005001bb06000000
00000000000000000000000000000000
00000000000000000000000000000000
c0a812530a000001005001bb06000000
00000000000000000000000000000000
c0a8226b0a000001005001bb06000000
00000000000000000000000000000000
00000000000000000000000000000000
00000000000000000000000000000000
c0a815010a000001005001bb06000000
00000000000000000000000000000000
00000000000000000000000000000000
00000000000000000000000000000000
00000000000000000000000000000000
c0a820bb0a000001005001bb06000000
c0a8249e0a000001005001bb06000000
00000000000000000000000000000000
c0a818a70a000001005001bb06000000
c0a824d80a000001005001bb06000000
00000000000000000000000000000000
00000000000000000000000000000000
c0a820f50a000001005001bb06000000
c0a81c8a0a000001005001bb06000000
00000000000000000000000000000000
00000000000000000000000000000000
00000000000000000000000000000000
c0a808e90a000001005001bb06000000
c0a810dd0a000001005001bb06000000
00000000000000000000000000000000
00000000000000000000000000000000
c0a81b4e0a000001005001bb06000000
00000000000000000000000000000000
00000000000000000000000000000000
00000000000000000000000000000000
00000000000000000000000000000000
00000000000000000000000000000000
c0a81e1e0a000001005001bb06000000
00000000000000000000000000000000
00000000000000000000000000000000
00000000000000000000000000000000
00000000000000000000000000000000
c0a823620a000001005001bb06000000
00000000000000000000000000000000
00000000000000000000000000000000
00000000000000000000000000000000
00000000000000000000000000000000
00000000000000000000000000000000
00000000000000000000000000000000
00000000000000000000000000000000
c0a81fef0a000001005001bb06000000
00000000000000000000000000000000
c0a823a40a000001005001bb06000000
c0a81bca0a000001005001bb06000000
00000000000000000000000000000000
c0a81b900a000001005001bb06000000
00000000000000000000000000000000
00000000000000000000000000000000
00000000000000000000000000000000
00000000000000000000000000000000
00000000000000000000000000000000
00000000000000000000000000000000
c0a81c480a000001005001bb06000000
00000000000000000000000000000000
00000000000000000000000000000000
00000000000000000000000000000000
00000000000000000000000000000000
00000000000000000000000000000000
c0a823280a000001005001bb06000000
00000000000000000000000000000000
c0a820790a000001005001bb06000000
00000000000000000000000000000000
00000000000000000000000000000000
00000000000000000000000000000000
00000000000000000000000000000000
00000000000000000000000000000000
00000000000000000000000000000000
00000000000000000000000000000000
00000000000000000000000000000000
c0a826c90a000001005001bb06000000
c0a822ac0a000001005001bb06000000
c0a81ad20a000001005001bb06000000
00000000000000000000000000000000
00000000000000000000000000000000
00000000000000000000000000000000
00000000000000000000000000000000
00000000000000000000000000000000
c0a81a980a000001005001bb06000000
00000000000000000000000000000000
00000000000000000000000000000000
c0a822e60a000001005001bb06000000
00000000000000000000000000000000
c0a8268f0a000001005001bb06000000
00000000000000000000000000000000
00000000000000000000000000000000
00000000000000000000000000000000
00000000000000000000000000000000
00000000000000000000000000000000
00000000000000000000000000000000
00000000000000000000000000000000
00000000000000000000000000000000
c0a8201f0a000001005001bb06000000
00000000000000000000000000000000
00000000000000000000000000000000
c0a824020a000001005001bb06000000
00000000000000000000000000000000
00000000000000000000000000000000
00000000000000000000000000000000
00000000000000000000000000000000
00000000000000000000000000000000
00000000000000000000000000000000
00000000000000000000000000000000
00000000000000000000000000000000
c0a819d90a000001005001bb06000000
00000000000000000000000000000000
c0a825d00a000001005001bb06000000
00000000000000000000000000000000
00000000000000000000000000000000
c0a821ed0a000001005001bb06000000
c0a81d820a000001005001bb06000000
00000000000000000000000000000000
00000000000000000000000000000000
c0a81e390a000001005001bb06000000
00000000000000000000000000000000
c0a825960a000001005001bb06000000
00000000000000000000000000000000
00000000000000000000000000000000
00000000000000000000000000000000
c0a80e410a000001005001bb06000000
c0a821370a000001005001bb06000000
c0a81e7b0a000001005001bb06000000
c0a8111f0a000001005001bb06000000
00000000000000000000000000000000
c0a8264d0a000001005001bb06000000
00000000000000000000000000000000
00000000000000000000000000000000
00000000000000000000000000000000
00000000000000000000000000000000
c0a8226a0a000001005001bb06000000
00000000000000000000000000000000
c0a8251a0a000001005001bb06000000
c0a80a5e0a000001005001bb06000000
c0a823610a000001005001bb06000000
00000000000000000000000000000000
c0a822120a000001005001bb06000000
00000000000000000000000000000000
00000000000000000000000000000000
00000000000000000000000000000000
00000000000000000000000000000000
00000000000000000000000000000000
c0a80e290a000001005001bb06000000
00000000000000000000000000000000
00000000000000000000000000000000
c0a8161d0a000001005001bb06000000
00000000000000000000000000000000
c0a826350a000001005001bb06000000
00000000000000000000000000000000
00000000000000000000000000000000
c0a810e40a000001005001bb06000000
00000000000000000000000000000000
00000000000000000000000000000000
00000000000000000000000000000000
00000000000000000000000000000000
00000000000000000000000000000000
00000000000000000000000000000000
c0a81c830a000001005001bb06000000
00000000000000000000000000000000
00000000000000000000000000000000
00000000000000000000000000000000
c0a80cd10a000001005001bb06000000
c0a820b60a000001005001bb06000000
c0a81cc90a000001005001bb06000000
00000000000000000000000000000000
00000000000000000000000000000000
00000000000000000000000000000000
c0a8270c0a000001005001bb06000000
00000000000000000000000000000000
00000000000000000000000000000000
c0a820780a000001005001bb06000000
00000000000000000000000000000000
00000000000000000000000000000000
c0a81b170a000001005001bb06000000
00000000000000000000000000000000
00000000000000000000000000000000
c0a8232b0a000001005001bb06000000
00000000000000000000000000000000
00000000000000000000000000000000
00000000000000000000000000000000
00000000000000000000000000000000
00000000000000000000000000000000
00000000000000000000000000000000
00000000000000000000000000000000
c0a823e50a000001005001bb06000000
00000000000000000000000000000000
00000000000000000000000000000000
00000000000000000000000000000000
00000000000000000000000000000000
00000000000000000000000000000000
c0a817ec0a000001005001bb06000000
00000000000000000000000000000000
00000000000000000000000000000000
00000000000000000000000000000000
00000000000000000000000000000000
00000000000000000000000000000000
00000000000000000000000000000000
00000000000000000000000000000000
00000000000000000000000000000000
c0a81eba0a000001005001bb06000000
00000000000000000000000000000000
00000000000000000000000000000000
00000000000000000000000000000000
00000000000000000000000000000000
c0a824030a000001005001bb06000000
c0a8180e0a000001005001bb06000000
00000000000000000000000000000000
00000000000000000000000000000000
c0a81d7b0a000001005001bb06000000
00000000000000000000000000000000
00000000000000000000000000000000
00000000000000000000000000000000
00000000000000000000000000000000
00000000000000000000000000000000
00000000000000000000000000000000
00000000000000000000000000000000
00000000000000000000000000000000
00000000000000000000000000000000
00000000000000000000000000000000
00000000000000000000000000000000
c0a822ed0a000001005001bb06000000
00000000000000000000000000000000
c0a822a70a000001005001bb06000000
c0a81ef80a000001005001bb06000000
00000000000000000000000000000000
00000000000000000000000000000000
00000000000000000000000000000000
c0a81ad90a000001005001bb06000000
00000000000000000000000000000000
00000000000000000000000000000000
c0a822690a000001005001bb06000000
00000000000000000000000000000000
c0a8251b0a000001005001bb06000000
00000000000000000000000000000000
00000000000000000000000000000000
00000000000000000000000000000000
c0a8050b0a000001005001bb06000000
c0a81d070a000001005001bb06000000
00000000000000000000000000000000
c0a820fc0a000001005001bb06000000
00000000000000000000000000000000
c0a819260a000001005001bb06000000
c0a8264a0a000001005001bb06000000
00000000000000000000000000000000
c0a8213a0a000001005001bb06000000
00000000000000000000000000000000
c0a811dc0a000001005001bb06000000
c0a819e00a000001005001bb06000000
00000000000000000000000000000000
00000000000000000000000000000000
00000000000000000000000000000000
00000000000000000000000000000000
c0a821f40a000001005001bb06000000
c0a8199a0a000001005001bb06000000
00000000000000000000000000000000
00000000000000000000000000000000
c0a825d50a000001005001bb06000000
00000000000000000000000000000000
c0a821ae0a000001005001bb06000000
c0a81dc10a000001005001bb06000000
00000000000000000000000000000000
00000000000000000000000000000000
00000000000000000000000000000000
00000000000000000000000000000000
00000000000000000000000000000000
00000000000000000000000000000000
c0a823600a000001005001bb06000000
00000000000000000000000000000000
c0a822130a000001005001bb06000000
00000000000000000000000000000000
00000000000000000000000000000000
c0a826340a000001005001bb06000000
00000000000000000000000000000000
00000000000000000000000000000000
c0a80e280a000001005001bb06000000
00000000000000000000000000000000
00000000000000000000000000000000
c0a8161c0a000001005001bb06000000
00000000000000000000000000000000
00000000000000000000000000000000
c0a808ef0a000001005001bb06000000
00000000000000000000000000000000
c0a818e70a000001005001bb06000000
c0a824980a000001005001bb06000000
00000000000000000000000000000000
00000000000000000000000000000000
c0a814c60a000001005001bb06000000
c0a81cca0a000001005001bb06000000
00000000000000000000000000000000
00000000000000000000000000000000
00000000000000000000000000000000
00000000000000000000000000000000
00000000000000000000000000000000
c0a80cd20a000001005001bb06000000
c0a80f010a000001005001bb06000000
c0a820770a000001005001bb06000000
00000000000000000000000000000000
c0a81b160a000001005001bb06000000
00000000000000000000000000000000
c0a8270d0a000001005001bb06000000
c0a818630a000001005001bb06000000
00000000000000000000000000000000
00000000000000000000000000000000
00000000000000000000000000000000
c0a814420a000001005001bb06000000
00000000000000000000000000000000
00000000000000000000000000000000
00000000000000000000000000000000
c0a8232a0a000001005001bb06000000
00000000000000000000000000000000
00000000000000000000000000000000
00000000000000000000000000000000
00000000000000000000000000000000
00000000000000000000000000000000
00000000000000000000000000000000
00000000000000000000000000000000
c0a823e40a000001005001bb06000000
00000000000000000000000000000000
00000000000000000000000000000000
c0a81bd00a000001005001bb06000000
00000000000000000000000000000000
00000000000000000000000000000000
c0a817ed0a000001005001bb06000000
c0a81ff10a000001005001bb06000000
00000000000000000000000000000000
00000000000000000000000000000000
00000000000000000000000000000000
c0a8216f0a000001005001bb06000000
00000000000000000000000000000000
00000000000000000000000000000000
00000000000000000000000000000000
00000000000000000000000000000000
00000000000000000000000000000000
00000000000000000000000000000000
00000000000000000000000000000000
00000000000000000000000000000000
c0a8195b0a000001005001bb06000000
c0a80d460a000001005001bb06000000
00000000000000000000000000000000
00000000000000000000000000000000
c0a820210a000001005001bb06000000
00000000000000000000000000000000
00000000000000000000000000000000
00000000000000000000000000000000
c0a822ec0a000001005001bb06000000
00000000000000000000000000000000
00000000000000000000000000000000
00000000000000000000000000000000
00000000000000000000000000000000
00000000000000000000000000000000
00000000000000000000000000000000
00000000000000000000000000000000
00000000000000000000000000000000
c0a80ec30a000001005001bb06000000
c0a822a60a000001005001bb06000000
c0a81ef90a000001005001bb06000000
00000000000000000000000000000000
00000000000000000000000000000000
00000000000000000000000000000000
00000000000000000000000000000000
00000000000000000000000000000000
00000000000000000000000000000000
c0a822680a000001005001bb06000000
00000000000000000000000000000000
00000000000000000000000000000000
c0a80a5c0a000001005001bb06000000
c0a8264b0a000001005001bb06000000
c0a8092d0a000001005001bb06000000
c0a812500a000001005001bb06000000
00000000000000000000000000000000
00000000000000000000000000000000
00000000000000000000000000000000
00000000000000000000000000000000
c0a819250a000001005001bb06000000
00000000000000000000000000000000
c0a821f30a000001005001bb06000000
00000000000000000000000000000000
00000000000000000000000000000000
00000000000000000000000000000000
c0a801e30a000001005001bb06000000
00000000000000000000000000000000
00000000000000000000000000000000
c0a821ad0a000001005001bb06000000
00000000000000000000000000000000
00000000000000000000000000000000
00000000000000000000000000000000
00000000000000000000000000000000
00000000000000000000000000000000
c0a825d60a000001005001bb06000000
00000000000000000000000000000000
00000000000000000000000000000000
00000000000000000000000000000000
c0a81b4b0a000001005001bb06000000
c0a8161f0a000001005001bb06000000
00000000000000000000000000000000
c0a826370a000001005001bb06000000
00000000000000000000000000000000
00000000000000000000000000000000
00000000000000000000000000000000
c0a822140a000001005001bb06000000
00000000000000000000000000000000
00000000000000000000000000000000
00000000000000000000000000000000
00000000000000000000000000000000
c0a81a000a000001005001bb06000000
00000000000000000000000000000000
00000000000000000000000000000000
c0a824db0a000001005001bb06000000
00000000000000000000000000000000
00000000000000000000000000000000
c0a81cc70a000001005001bb06000000
c0a820b80a000001005001bb06000000
00000000000000000000000000000000
c0a814c30a000001005001bb06000000
c0a818e60a000001005001bb06000000
c0a824990a000001005001bb06000000
00000000000000000000000000000000
00000000000000000000000000000000
00000000000000000000000000000000
00000000000000000000000000000000
c0a808ee0a000001005001bb06000000
00000000000000000000000000000000
00000000000000000000000000000000
c0a824570a000001005001bb06000000
00000000000000000000000000000000
00000000000000000000000000000000
00000000000000000000000000000000
00000000000000000000000000000000
00000000000000000000000000000000
00000000000000000000000000000000
00000000000000000000000000000000
c0a81fb00a000001005001bb06000000
c0a818620a000001005001bb06000000
00000000000000000000000000000000
c0a80f020a000001005001bb06000000
c0a806fe0a000001005001bb06000000
00000000000000000000000000000000
00000000000000000000000000000000
c0a817ee0a000001005001bb06000000
c0a81ff20a000001005001bb06000000
00000000000000000000000000000000
00000000000000000000000000000000
00000000000000000000000000000000
00000000000000000000000000000000
00000000000000000000000000000000
00000000000000000000000000000000
00000000000000000000000000000000
c0a823e30a000001005001bb06000000
00000000000000000000000000000000
00000000000000000000000000000000
00000000000000000000000000000000
00000000000000000000000000000000
00000000000000000000000000000000
00000000000000000000000000000000
00000000000000000000000000000000
c0a820240a000001005001bb06000000
00000000000000000000000000000000
00000000000000000000000000000000
00000000000000000000000000000000
00000000000000000000000000000000
00000000000000000000000000000000
00000000000000000000000000000000
00000000000000000000000000000000
00000000000000000000000000000000
00000000000000000000000000000000
00000000000000000000000000000000
00000000000000000000000000000000
c0a8216e0a000001005001bb06000000
00000000000000000000000000000000
00000000000000000000000000000000
00000000000000000000000000000000
c0a81efa0a000001005001bb06000000
00000000000000000000000000000000
00000000000000000000000000000000
c0a81ad70a000001005001bb06000000
00000000000000000000000000000000
00000000000000000000000000000000
c0a80ec00a000001005001bb06000000
00000000000000000000000000000000
c0a822eb0a000001005001bb06000000
c0a81d3b0a000001005001bb06000000
00000000000000000000000000000000
00000000000000000000000000000000
c0a8268a0a000001005001bb06000000
00000000000000000000000000000000
00000000000000000000000000000000
00000000000000000000000000000000
c0a81e760a000001005001bb06000000
c0a816720a000001005001bb06000000
c0a811240a000001005001bb06000000
c0a826480a000001005001bb06000000
c0a8251d0a000001005001bb06000000
00000000000000000000000000000000
00000000000000000000000000000000
00000000000000000000000000000000
c0a822670a000001005001bb06000000
00000000000000000000000000000000
00000000000000000000000000000000
00000000000000000000000000000000
00000000000000000000000000000000
c0a81d090a000001005001bb06000000
c0a815050a000001005001bb06000000
00000000000000000000000000000000
c0a825d30a000001005001bb06000000
00000000000000000000000000000000
00000000000000000000000000000000
00000000000000000000000000000000
00000000000000000000000000000000
00000000000000000000000000000000
00000000000000000000000000000000
00000000000000000000000000000000
c0a8213c0a000001005001bb06000000
00000000000000000000000000000000
00000000000000000000000000000000
00000000000000000000000000000000
c0a821f20a000001005001bb06000000
00000000000000000000000000000000
00000000000000000000000000000000
00000000000000000000000000000000
c0a826360a000001005001bb06000000
00000000000000000000000000000000
00000000000000000000000000000000
00000000000000000000000000000000
00000000000000000000000000000000
c0a81b4a0a000001005001bb06000000
c0a8161e0a000001005001bb06000000
00000000000000000000000000000000
00000000000000000000000000000000
c0a81a010a000001005001bb06000000
c0a815fd0a000001005001bb06000000
00000000000000000000000000000000
c0a822150a000001005001bb06000000
00000000000000000000000000000000
00000000000000000000000000000000
c0a820b70a000001005001bb06000000
c0a81cc80a000001005001bb06000000
00000000000000000000000000000000
00000000000000000000000000000000
00000000000000000000000000000000
00000000000000000000000000000000
00000000000000000000000000000000
c0a80cd00a000001005001bb06000000
00000000000000000000000000000000
c0a820f90a000001005001bb06000000
00000000000000000000000000000000
00000000000000000000000000000000
c0a818e50a000001005001bb06000000
00000000000000000000000000000000
00000000000000000000000000000000
00000000000000000000000000000000
00000000000000000000000000000000
00000000000000000000000000000000
c0a814400a000001005001bb06000000
00000000000000000000000000000000
00000000000000000000000000000000
00000000000000000000000000000000
00000000000000000000000000000000
00000000000000000000000000000000
c0a80f030a000001005001bb06000000
c0a820750a000001005001bb06000000
00000000000000000000000000000000
00000000000000000000000000000000
00000000000000000000000000000000
c0a81fb10a000001005001bb06000000
00000000000000000000000000000000
c0a8105d0a000001005001bb06000000
00000000000000000000000000000000
00000000000000000000000000000000
00000000000000000000000000000000
00000000000000000000000000000000
c0a817ef0a000001005001bb06000000
c0a81ff30a000001005001bb06000000
00000000000000000000000000000000
c0a813ca0a000001005001bb06000000
00000000000000000000000000000000
00000000000000000000000000000000
00000000000000000000000000000000
00000000000000000000000000000000
00000000000000000000000000000000
c0a823e20a000001005001bb06000000
00000000000000000000000000000000
00000000000000000000000000000000
00000000000000000000000000000000
00000000000000000000000000000000
00000000000000000000000000000000
c0a80d440a000001005001bb06000000
00000000000000000000000000000000
00000000000000000000000000000000
c0a820230a000001005001bb06000000
00000000000000000000000000000000
00000000000000000000000000000000
c0a8216d0a000001005001bb06000000
00000000000000000000000000000000
c0a8180f0a000001005001bb06000000
00000000000000000000000000000000
00000000000000000000000000000000
00000000000000000000000000000000
00000000000000000000000000000000
c0a81ad60a000001005001bb06000000
00000000000000000000000000000000
00000000000000000000000000000000
c0a80ec10a000001005001bb06000000
00000000000000000000000000000000
c0a81efb0a000001005001bb06000000
00000000000000000000000000000000
00000000000000000000000000000000
c0a81a940a000001005001bb06000000
00000000000000000000000000000000
00000000000000000000000000000000
c0a812900a000001005001bb06000000
00000000000000000000000000000000
c0a822ea0a000001005001bb06000000
c0a80ade0a000001005001bb06000000
00000000000000000000000000000000
c0a826490a000001005001bb06000000
c0a8092f0a000001005001bb06000000
c0a8213b0a000001005001bb06000000
00000000000000000000000000000000
00000000000000000000000000000000
00000000000000000000000000000000
00000000000000000000000000000000
00000000000000000000000000000000
00000000000000000000000000000000
00000000000000000000000000000000
00000000000000000000000000000000
00000000000000000000000000000000
00000000000000000000000000000000
c0a822660a000001005001bb06000000
00000000000000000000000000000000
00000000000000000000000000000000
c0a821af0a000001005001bb06000000
00000000000000000000000000000000
00000000000000000000000000000000
00000000000000000000000000000000
00000000000000000000000000000000
00000000000000000000000000000000
c0a825d40a000001005001bb06000000
00000000000000000000000000000000
00000000000000000000000000000000
00000000000000000000000000000000
00000000000000000000000000000000
00000000000000000000000000000000
00000000000000000000000000000000
00000000000000000000000000000000
00000000000000000000000000000000
00000000000000000000000000000000
00000000000000000000000000000000
00000000000000000000000000000000
00000000000000000000000000000000
c0a825ea0a000001005001bb06000000
00000000000000000000000000000000
00000000000000000000000000000000
00000000000000000000000000000000
00000000000000000000000000000000
c0a811ed0a000001005001bb06000000
00000000000000000000000000000000
00000000000000000000000000000000
00000000000000000000000000000000
c0a825ac0a000001005001bb06000000
00000000000000000000000000000000
c0a821c70a000001005001bb06000000
00000000000000000000000000000000
00000000000000000000000000000000
c0a819b30a000001005001bb06000000
c0a815080a000001005001bb06000000
c0a8165f0a000001005001bb06000000
00000000000000000000000000000000
c0a820fd0a000001005001bb06000000
00000000000000000000000000000000
00000000000000000000000000000000
c0a825200a000001005001bb06000000
00000000000000000000000000000000
00000000000000000000000000000000
00000000000000000000000000000000
00000000000000000000000000000000
00000000000000000000000000000000
00000000000000000000000000000000
00000000000000000000000000000000
00000000000000000000000000000000
00000000000000000000000000000000
00000000000000000000000000000000
c0a806e30a000001005001bb06000000
00000000000000000000000000000000
00000000000000000000000000000000
c0a81a7e0a000001005001bb06000000
c0a826f30a000001005001bb06000000
00000000000000000000000000000000
c0a81afa0a000001005001bb06000000
00000000000000000000000000000000
00000000000000000000000000000000
00000000000000000000000000000000
00000000000000000000000000000000
c0a81abc0a000001005001bb06000000
00000000000000000000000000000000
00000000000000000000000000000000
c0a820150a000001005001bb06000000
00000000000000000000000000000000
00000000000000000000000000000000
00000000000000000000000000000000
c0a8256e0a000001005001bb06000000
c0a818010a000001005001bb06000000
00000000000000000000000000000000
00000000000000000000000000000000
00000000000000000000000000000000
00000000000000000000000000000000
00000000000000000000000000000000
c0a824380a000001005001bb06000000
00000000000000000000000000000000
c0a8214b0a000001005001bb06000000
c0a80c2c0a000001005001bb06000000
00000000000000000000000000000000
00000000000000000000000000000000
c0a81fe70a000001005001bb06000000
c0a8239a0a000001005001bb06000000
00000000000000000000000000000000
c0a813820a000001005001bb06000000
c0a81b860a000001005001bb06000000
00000000000000000000000000000000
00000000000000000000000000000000
00000000000000000000000000000000
00000000000000000000000000000000
c0a823d80a000001005001bb06000000
00000000000000000000000000000000
c0a813c00a000001005001bb06000000
c0a81bc40a000001005001bb06000000
00000000000000000000000000000000
00000000000000000000000000000000
c0a8230e0a000001005001bb06000000
00000000000000000000000000000000
00000000000000000000000000000000
00000000000000000000000000000000
00000000000000000000000000000000
00000000000000000000000000000000
00000000000000000000000000000000
00000000000000000000000000000000
c0a81f1d0a000001005001bb06000000
00000000000000000000000000000000
00000000000000000000000000000000
00000000000000000000000000000000
00000000000000000000000000000000
00000000000000000000000000000000
00000000000000000000000000000000
00000000000000000000000000000000
00000000000000000000000000000000
00000000000000000000000000000000
c0a824e20a000001005001bb06000000
00000000000000000000000000000000
00000000000000000000000000000000
00000000000000000000000000000000
c0a81c900a000001005001bb06000000
00000000000000000000000000000000
00000000000000000000000000000000
00000000000000000000000000000000
00000000000000000000000000000000
c0a810e50a000001005001bb06000000
00000000000000000000000000000000
c0a820bf0a000001005001bb06000000
00000000000000000000000000000000
00000000000000000000000000000000
00000000000000000000000000000000
00000000000000000000000000000000
00000000000000000000000000000000
00000000000000000000000000000000
c0a818ab0a000001005001bb06000000
00000000000000000000000000000000
00000000000000000000000000000000
00000000000000000000000000000000
c0a822270a000001005001bb06000000
00000000000000000000000000000000
00000000000000000000000000000000
00000000000000000000000000000000
00000000000000000000000000000000
00000000000000000000000000000000
00000000000000000000000000000000
00000000000000000000000000000000
00000000000000000000000000000000
00000000000000000000000000000000
c0a8218a0a000001005001bb06000000
00000000000000000000000000000000
00000000000000000000000000000000
00000000000000000000000000000000
00000000000000000000000000000000
00000000000000000000000000000000
c0a815d10a000001005001bb06000000
00000000000000000000000000000000
c0a821c80a000001005001bb06000000
c0a811ee0a000001005001bb06000000
00000000000000000000000000000000
00000000000000000000000000000000
00000000000000000000000000000000
00000000000000000000000000000000
c0a820fe0a000001005001bb06000000
00000000000000000000000000000000
00000000000000000000000000000000
00000000000000000000000000000000
00000000000000000000000000000000
00000000000000000000000000000000
00000000000000000000000000000000
00000000000000000000000000000000
00000000000000000000000000000000
00000000000000000000000000000000
00000000000000000000000000000000
00000000000000000000000000000000
c0a822550a000001005001bb06000000
00000000000000000000000000000000
00000000000000000000000000000000
00000000000000000000000000000000
00000000000000000000000000000000
00000000000000000000000000000000
c0a826f20a000001005001bb06000000
c0a80ee60a000001005001bb06000000
00000000000000000000000000000000
c0a819380a000001005001bb06000000
c0a822930a000001005001bb06000000
00000000000000000000000000000000
c0a816da0a000001005001bb06000000
00000000000000000000000000000000
00000000000000000000000000000000
00000000000000000000000000000000
c0a81afb0a000001005001bb06000000
00000000000000000000000000000000
c0a822d10a000001005001bb06000000
00000000000000000000000000000000
00000000000000000000000000000000
c0a818020a000001005001bb06000000
00000000000000000000000000000000
00000000000000000000000000000000
c0a820160a000001005001bb06000000
00000000000000000000000000000000
00000000000000000000000000000000
00000000000000000000000000000000
c0a824370a000001005001bb06000000
00000000000000000000000000000000
00000000000000000000000000000000
c0a80c2b0a000001005001bb06000000
c0a8214c0a000001005001bb06000000
00000000000000000000000000000000
c0a8141f0a000001005001bb06000000
00000000000000000000000000000000
c0a813830a000001005001bb06000000
c0a81b870a000001005001bb06000000
00000000000000000000000000000000
00000000000000000000000000000000
00000000000000000000000000000000
c0a81fe60a000001005001bb06000000
c0a8239b0a000001005001bb06000000
00000000000000000000000000000000
c0a813c10a000001005001bb06000000
00000000000000000000000000000000
00000000000000000000000000000000
00000000000000000000000000000000
00000000000000000000000000000000
00000000000000000000000000000000
c0a823d90a000001005001bb06000000
00000000000000000000000000000000
00000000000000000000000000000000
00000000000000000000000000000000
00000000000000000000000000000000
00000000000000000000000000000000
c0a8230f0a000001005001bb06000000
00000000000000000000000000000000
00000000000000000000000000000000
00000000000000000000000000000000
c0a820440a000001005001bb06000000
c0a81c510a000001005001bb06000000
00000000000000000000000000000000
00000000000000000000000000000000
00000000000000000000000000000000
00000000000000000000000000000000
c0a8186e0a000001005001bb06000000
00000000000000000000000000000000
00000000000000000000000000000000
00000000000000000000000000000000
c0a820820a000001005001bb06000000
00000000000000000000000000000000
00000000000000000000000000000000
00000000000000000000000000000000
00000000000000000000000000000000
c0a810e60a000001005001bb06000000
c0a818ea0a000001005001bb06000000
00000000000000000000000000000000
00000000000000000000000000000000
00000000000000000000000000000000
00000000000000000000000000000000
00000000000000000000000000000000
c0a824a30a000001005001bb06000000
00000000000000000000000000000000
00000000000000000000000000000000
00000000000000000000000000000000
00000000000000000000000000000000
00000000000000000000000000000000
00000000000000000000000000000000
00000000000000000000000000000000
c0a817660a000001005001bb06000000
00000000000000000000000000000000
00000000000000000000000000000000
00000000000000000000000000000000
00000000000000000000000000000000
00000000000000000000000000000000
c0a822260a000001005001bb06000000
00000000000000000000000000000000
00000000000000000000000000000000
c0a811ef0a000001005001bb06000000
c0a819f30a000001005001bb06000000
00000000000000000000000000000000
00000000000000000000000000000000
c0a825ae0a000001005001bb06000000
00000000000000000000000000000000
c0a81dd40a000001005001bb06000000
c0a805d80a000001005001bb06000000
00000000000000000000000000000000
00000000000000000000000000000000
00000000000000000000000000000000
c0a825e80a000001005001bb06000000
00000000000000000000000000000000
00000000000000000000000000000000
00000000000000000000000000000000
00000000000000000000000000000000
c0a825220a000001005001bb06000000
00000000000000000000000000000000
c0a822520a000001005001bb06000000
00000000000000000000000000000000
00000000000000000000000000000000
00000000000000000000000000000000
00000000000000000000000000000000
c0a81a3e0a000001005001bb06000000
00000000000000000000000000000000
c0a819b10a000001005001bb06000000
00000000000000000000000000000000
c0a8165d0a000001005001bb06000000
00000000000000000000000000000000
c0a820ff0a000001005001bb06000000
00000000000000000000000000000000
00000000000000000000000000000000
00000000000000000000000000000000
00000000000000000000000000000000
00000000000000000000000000000000
00000000000000000000000000000000
00000000000000000000000000000000
00000000000000000000000000000000
00000000000000000000000000000000
c0a80ac20a000001005001bb06000000
c0a822940a000001005001bb06000000
00000000000000000000000000000000
00000000000000000000000000000000
00000000000000000000000000000000
00000000000000000000000000000000
00000000000000000000000000000000
00000000000000000000000000000000
00000000000000000000000000000000
00000000000000000000000000000000
00000000000000000000000000000000
00000000000000000000000000000000
00000000000000000000000000000000
c0a8243a0a000001005001bb06000000
00000000000000000000000000000000
c0a821490a000001005001bb06000000
c0a80c2e0a000001005001bb06000000
00000000000000000000000000000000
c0a81aba0a000001005001bb06000000
00000000000000000000000000000000
00000000000000000000000000000000
00000000000000000000000000000000
c0a8256c0a000001005001bb06000000
c0a818030a000001005001bb06000000
00000000000000000000000000000000
00000000000000000000000000000000
00000000000000000000000000000000
c0a823d60a000001005001bb06000000
00000000000000000000000000000000
c0a8239c0a000001005001bb06000000
00000000000000000000000000000000
00000000000000000000000000000000
00000000000000000000000000000000
00000000000000000000000000000000
00000000000000000000000000000000
c0a81fe50a000001005001bb06000000
00000000000000000000000000000000
00000000000000000000000000000000
00000000000000000000000000000000
00000000000000000000000000000000
c0a81b880a000001005001bb06000000
00000000000000000000000000000000
c0a81f1f0a000001005001bb06000000
00000000000000000000000000000000
c0a8186f0a000001005001bb06000000
00000000000000000000000000000000
00000000000000000000000000000000
c0a81c500a000001005001bb06000000
00000000000000000000000000000000
00000000000000000000000000000000
00000000000000000000000000000000
00000000000000000000000000000000
00000000000000000000000000000000
00000000000000000000000000000000
c0a81afc0a000001005001bb06000000
00000000000000000000000000000000
00000000000000000000000000000000
c0a824a60a000001005001bb06000000
00000000000000000000000000000000
00000000000000000000000000000000
00000000000000000000000000000000
c0a810e70a000001005001bb06000000
c0a818eb0a000001005001bb06000000
c0a820bd0a000001005001bb06000000
00000000000000000000000000000000
00000000000000000000000000000000
00000000000000000000000000000000
00000000000000000000000000000000
00000000000000000000000000000000
00000000000000000000000000000000
00000000000000000000000000000000
00000000000000000000000000000000
c0a820830a000001005001bb06000000
c0a822290a000001005001bb06000000
00000000000000000000000000000000
c0a8235a0a000001005001bb06000000
00000000000000000000000000000000
00000000000000000000000000000000
00000000000000000000000000000000
00000000000000000000000000000000
c0a81b460a000001005001bb06000000
00000000000000000000000000000000
00000000000000000000000000000000
00000000000000000000000000000000
00000000000000000000000000000000
00000000000000000000000000000000
c0a81a150a000001005001bb06000000
00000000000000000000000000000000
00000000000000000000000000000000
00000000000000000000000000000000
c0a81dd30a000001005001bb06000000
c0a821c60a000001005001bb06000000
00000000000000000000000000000000
00000000000000000000000000000000
00000000000000000000000000000000
00000000000000000000000000000000
00000000000000000000000000000000
00000000000000000000000000000000
00000000000000000000000000000000
00000000000000000000000000000000
00000000000000000000000000000000
c0a8218c0a000001005001bb06000000
00000000000000000000000000000000
00000000000000000000000000000000
00000000000000000000000000000000
00000000000000000000000000000000
00000000000000000000000000000000
c0a802430a000001005001bb06000000
c0a81a3f0a000001005001bb06000000
00000000000000000000000000000000
00000000000000000000000000000000
c0a822530a000001005001bb06000000
00000000000000000000000000000000
c0a821000a000001005001bb06000000
c0a826740a000001005001bb06000000
00000000000000000000000000000000
00000000000000000000000000000000
00000000000000000000000000000000
c0a819b20a000001005001bb06000000
00000000000000000000000000000000
c0a8165c0a000001005001bb06000000
c0a826b60a000001005001bb06000000
00000000000000000000000000000000
00000000000000000000000000000000
00000000000000000000000000000000
00000000000000000000000000000000
00000000000000000000000000000000
00000000000000000000000000000000
00000000000000000000000000000000
00000000000000000000000000000000
00000000000000000000000000000000
00000000000000000000000000000000
c0a81a810a000001005001bb06000000
00000000000000000000000000000000
00000000000000000000000000000000
00000000000000000000000000000000
c0a806e00a000001005001bb06000000
c0a824390a000001005001bb06000000
00000000000000000000000000000000
c0a8214a0a000001005001bb06000000
00000000000000000000000000000000
00000000000000000000000000000000
c0a81c250a000001005001bb06000000
c0a819780a000001005001bb06000000
00000000000000000000000000000000
00000000000000000000000000000000
00000000000000000000000000000000
00000000000000000000000000000000
00000000000000000000000000000000
c0a820180a000001005001bb06000000
c0a81abb0a000001005001bb06000000
00000000000000000000000000000000
00000000000000000000000000000000
c0a8239d0a000001005001bb06000000
00000000000000000000000000000000
00000000000000000000000000000000
00000000000000000000000000000000
00000000000000000000000000000000
00000000000000000000000000000000
c0a823d70a000001005001bb06000000
00000000000000000000000000000000
00000000000000000000000000000000
00000000000000000000000000000000
00000000000000000000000000000000
c0a81b890a000001005001bb06000000
00000000000000000000000000000000
00000000000000000000000000000000
c0a81fe40a000001005001bb06000000
00000000000000000000000000000000
00000000000000000000000000000000
00000000000000000000000000000000
00000000000000000000000000000000
00000000000000000000000000000000
00000000000000000000000000000000
c0a81f1e0a000001005001bb06000000
c0a818700a000001005001bb06000000
00000000000000000000000000000000
c0a803010a000001005001bb06000000
00000000000000000000000000000000
00000000000000000000000000000000
00000000000000000000000000000000
c0a823110a000001005001bb06000000
00000000000000000000000000000000
c0a824630a000001005001bb06000000
00000000000000000000000000000000
00000000000000000000000000000000
00000000000000000000000000000000
c0a820be0a000001005001bb06000000
c0a80cd30a000001005001bb06000000
c0a814c70a000001005001bb06000000
c0a81ccb0a000001005001bb06000000
c0a818ec0a000001005001bb06000000
00000000000000000000000000000000
c0a820840a000001005001bb06000000
00000000000000000000000000000000
00000000000000000000000000000000
c0a81c910a000001005001bb06000000
00000000000000000000000000000000
00000000000000000000000000000000
c0a824df0a000001005001bb06000000
00000000000000000000000000000000
00000000000000000000000000000000
00000000000000000000000000000000
00000000000000000000000000000000
c0a81b470a000001005001bb06000000
c0a822280a000001005001bb06000000
00000000000000000000000000000000
c0a8235b0a000001005001bb06000000
00000000000000000000000000000000
00000000000000000000000000000000
c0a818aa0a000001005001bb06000000
00000000000000000000000000000000
00000000000000000000000000000000
00000000000000000000000000000000
00000000000000000000000000000000
00000000000000000000000000000000
00000000000000000000000000000000
00000000000000000000000000000000
00000000000000000000000000000000
00000000000000000000000000000000
00000000000000000000000000000000
c0a821010a000001005001bb06000000
00000000000000000000000000000000
00000000000000000000000000000000
00000000000000000000000000000000
00000000000000000000000000000000
00000000000000000000000000000000
c0a822500a000001005001bb06000000
c0a825240a000001005001bb06000000
00000000000000000000000000000000
00000000000000000000000000000000
00000000000000000000000000000000
00000000000000000000000000000000
00000000000000000000000000000000
00000000000000000000000000000000
00000000000000000000000000000000
00000000000000000000000000000000
c0a825ee0a000001005001bb06000000
00000000000000000000000000000000
c0a821850a000001005001bb06000000
00000000000000000000000000000000
00000000000000000000000000000000
00000000000000000000000000000000
00000000000000000000000000000000
c0a825a80a000001005001bb06000000
00000000000000000000000000000000
00000000000000000000000000000000
00000000000000000000000000000000
c0a81dda0a000001005001bb06000000
c0a820190a000001005001bb06000000
00000000000000000000000000000000
c0a8256a0a000001005001bb06000000
00000000000000000000000000000000
00000000000000000000000000000000
00000000000000000000000000000000
00000000000000000000000000000000
00000000000000000000000000000000
c0a819710a000001005001bb06000000
c0a814240a000001005001bb06000000
00000000000000000000000000000000
00000000000000000000000000000000
00000000000000000000000000000000
00000000000000000000000000000000
00000000000000000000000000000000
c0a821470a000001005001bb06000000
00000000000000000000000000000000
c0a80eeb0a000001005001bb06000000
00000000000000000000000000000000
c0a8243c0a000001005001bb06000000
c0a826f70a000001005001bb06000000
00000000000000000000000000000000
00000000000000000000000000000000
00000000000000000000000000000000
c0a822d40a000001005001bb06000000
00000000000000000000000000000000
00000000000000000000000000000000
00000000000000000000000000000000
00000000000000000000000000000000
00000000000000000000000000000000
00000000000000000000000000000000
00000000000000000000000000000000
c0a823120a000001005001bb06000000
00000000000000000000000000000000
c0a824620a000001005001bb06000000
00000000000000000000000000000000
00000000000000000000000000000000
c0a81afe0a000001005001bb06000000
00000000000000000000000000000000
00000000000000000000000000000000
00000000000000000000000000000000
c0a8171d0a000001005001bb06000000
c0a80f290a000001005001bb06000000
00000000000000000000000000000000
00000000000000000000000000000000
00000000000000000000000000000000
00000000000000000000000000000000
c0a8203f0a000001005001bb06000000
00000000000000000000000000000000
00000000000000000000000000000000
c0a817e70a000001005001bb06000000
00000000000000000000000000000000
c0a823dc0a000001005001bb06000000
c0a810270a000001005001bb06000000
00000000000000000000000000000000
00000000000000000000000000000000
00000000000000000000000000000000
c0a80bd00a000001005001bb06000000
00000000000000000000000000000000
00000000000000000000000000000000
c0a80fad0a000001005001bb06000000
00000000000000000000000000000000
c0a813c40a000001005001bb06000000
c0a81bc80a000001005001bb06000000
00000000000000000000000000000000
00000000000000000000000000000000
c0a818af0a000001005001bb06000000
c0a8260c0a000001005001bb06000000
00000000000000000000000000000000
c0a81a170a000001005001bb06000000
c0a80e000a000001005001bb06000000
00000000000000000000000000000000
c0a8222b0a000001005001bb06000000
00000000000000000000000000000000
00000000000000000000000000000000
c0a80a1f0a000001005001bb06000000
c0a813400a000001005001bb06000000
00000000000000000000000000000000
00000000000000000000000000000000
00000000000000000000000000000000
c0a824e60a000001005001bb06000000
00000000000000000000000000000000
00000000000000000000000000000000
00000000000000000000000000000000
00000000000000000000000000000000
00000000000000000000000000000000
c0a8207d0a000001005001bb06000000
00000000000000000000000000000000
00000000000000000000000000000000
00000000000000000000000000000000
c0a818ed0a000001005001bb06000000
00000000000000000000000000000000
00000000000000000000000000000000
00000000000000000000000000000000
00000000000000000000000000000000
c0a81cd20a000001005001bb06000000
00000000000000000000000000000000
00000000000000000000000000000000
c0a826720a000001005001bb06000000
00000000000000000000000000000000
00000000000000000000000000000000
00000000000000000000000000000000
c0a8150b0a000001005001bb06000000
00000000000000000000000000000000
00000000000000000000000000000000
c0a80a450a000001005001bb06000000
00000000000000000000000000000000
00000000000000000000000000000000
00000000000000000000000000000000
00000000000000000000000000000000
00000000000000000000000000000000
00000000000000000000000000000000
c0a825ed0a000001005001bb06000000
c0a81d930a000001005001bb06000000
c0a821860a000001005001bb06000000
00000000000000000000000000000000
00000000000000000000000000000000
c0a80de10a000001005001bb06000000
00000000000000000000000000000000
00000000000000000000000000000000
00000000000000000000000000000000
00000000000000000000000000000000
c0a815d50a000001005001bb06000000
c0a81dd90a000001005001bb06000000
00000000000000000000000000000000
00000000000000000000000000000000
00000000000000000000000000000000
00000000000000000000000000000000
00000000000000000000000000000000
00000000000000000000000000000000
c0a810020a000001005001bb06000000
00000000000000000000000000000000
c0a8201a0a000001005001bb06000000
00000000000000000000000000000000
00000000000000000000000000000000
00000000000000000000000000000000
c0a8243b0a000001005001bb06000000
00000000000000000000000000000000
c0a821480a000001005001bb06000000
c0a80c2f0a000001005001bb06000000
c0a819720a000001005001bb06000000
c0a81c270a000001005001bb06000000
00000000000000000000000000000000
00000000000000000000000000000000
c0a826f60a000001005001bb06000000
00000000000000000000000000000000
00000000000000000000000000000000
00000000000000000000000000000000
00000000000000000000000000000000
00000000000000000000000000000000
00000000000000000000000000000000
00000000000000000000000000000000
00000000000000000000000000000000
00000000000000000000000000000000
00000000000000000000000000000000
00000000000000000000000000000000
c0a822d50a000001005001bb06000000
00000000000000000000000000000000
00000000000000000000000000000000
00000000000000000000000000000000
00000000000000000000000000000000
c0a81aff0a000001005001bb06000000
00000000000000000000000000000000
00000000000000000000000000000000
c0a823130a000001005001bb06000000
00000000000000000000000000000000
00000000000000000000000000000000
00000000000000000000000000000000
c0a8186a0a000001005001bb06000000
00000000000000000000000000000000
00000000000000000000000000000000
00000000000000000000000000000000
00000000000000000000000000000000
c0a8171c0a000001005001bb06000000
c0a80f280a000001005001bb06000000
c0a807240a000001005001bb06000000
00000000000000000000000000000000
00000000000000000000000000000000
00000000000000000000000000000000
00000000000000000000000000000000
00000000000000000000000000000000
00000000000000000000000000000000
c0a817e60a000001005001bb06000000
00000000000000000000000000000000
c0a80fac0a000001005001bb06000000
00000000000000000000000000000000
00000000000000000000000000000000
c0a81bc90a000001005001bb06000000
00000000000000000000000000000000
00000000000000000000000000000000
00000000000000000000000000000000
00000000000000000000000000000000
00000000000000000000000000000000
c0a81a160a000001005001bb06000000
c0a80e010a000001005001bb06000000
c0a809fd0a000001005001bb06000000
00000000000000000000000000000000
00000000000000000000000000000000
00000000000000000000000000000000
c0a818b00a000001005001bb06000000
c0a813410a000001005001bb06000000
00000000000000000000000000000000
00000000000000000000000000000000
00000000000000000000000000000000
c0a8222a0a000001005001bb06000000
00000000000000000000000000000000
00000000000000000000000000000000
c0a80a1e0a000001005001bb06000000
00000000000000000000000000000000
00000000000000000000000000000000
c0a8207e0a000001005001bb06000000
00000000000000000000000000000000
00000000000000000000000000000000
c0a81c8b0a000001005001bb06000000
00000000000000000000000000000000
00000000000000000000000000000000
c0a820c40a000001005001bb06000000
00000000000000000000000000000000
00000000000000000000000000000000
c0a81cd10a000001005001bb06000000
00000000000000000000000000000000
00000000000000000000000000000000
c0a818ee0a000001005001bb06000000
00000000000000000000000000000000
00000000000000000000000000000000
00000000000000000000000000000000
00000000000000000000000000000000
c0a8224e0a000001005001bb06000000
00000000000000000000000000000000
00000000000000000000000000000000
c0a80a420a000001005001bb06000000
00000000000000000000000000000000
00000000000000000000000000000000
00000000000000000000000000000000
00000000000000000000000000000000
00000000000000000000000000000000
c0a821030a000001005001bb06000000
00000000000000000000000000000000
00000000000000000000000000000000
00000000000000000000000000000000
00000000000000000000000000000000
00000000000000000000000000000000
00000000000000000000000000000000
c0a825aa0a000001005001bb06000000
00000000000000000000000000000000
00000000000000000000000000000000
00000000000000000000000000000000
c0a81dd80a000001005001bb06000000
c0a81a3a0a000001005001bb06000000
00000000000000000000000000000000
00000000000000000000000000000000
00000000000000000000000000000000
c0a825ec0a000001005001bb06000000
00000000000000000000000000000000
c0a821870a000001005001bb06000000
00000000000000000000000000000000
c0a819730a000001005001bb06000000
c0a814260a000001005001bb06000000
00000000000000000000000000000000
00000000000000000000000000000000
00000000000000000000000000000000
00000000000000000000000000000000
00000000000000000000000000000000
c0a821450a000001005001bb06000000
c0a8201b0a000001005001bb06000000
00000000000000000000000000000000
c0a825680a000001005001bb06000000
00000000000000000000000000000000
00000000000000000000000000000000
00000000000000000000000000000000
00000000000000000000000000000000
00000000000000000000000000000000
00000000000000000000000000000000
00000000000000000000000000000000
00000000000000000000000000000000
00000000000000000000000000000000
00000000000000000000000000000000
00000000000000000000000000000000
c0a81abe0a000001005001bb06000000
00000000000000000000000000000000
00000000000000000000000000000000
c0a80ee90a000001005001bb06000000
00000000000000000000000000000000
c0a822900a000001005001bb06000000
c0a826f50a000001005001bb06000000
00000000000000000000000000000000
c0a81a7c0a000001005001bb06000000
00000000000000000000000000000000
c0a814480a000001005001bb06000000
c0a8171f0a000001005001bb06000000
c0a80f2b0a000001005001bb06000000
00000000000000000000000000000000
c0a8186b0a000001005001bb06000000
00000000000000000000000000000000
00000000000000000000000000000000
c0a8203d0a000001005001bb06000000
00000000000000000000000000000000
00000000000000000000000000000000
00000000000000000000000000000000
c0a823140a000001005001bb06000000
c0a81b000a000001005001bb06000000
00000000000000000000000000000000
00000000000000000000000000000000
00000000000000000000000000000000
00000000000000000000000000000000
00000000000000000000000000000000
00000000000000000000000000000000
c0a823da0a000001005001bb06000000
c0a80faf0a000001005001bb06000000
00000000000000000000000000000000
c0a81bc60a000001005001bb06000000
00000000000000000000000000000000
00000000000000000000000000000000
00000000000000000000000000000000
c0a817e50a000001005001bb06000000
c0a823980a000001005001bb06000000
00000000000000000000000000000000
c0a810250a000001005001bb06000000
00000000000000000000000000000000
00000000000000000000000000000000
00000000000000000000000000000000
00000000000000000000000000000000
00000000000000000000000000000000
00000000000000000000000000000000
00000000000000000000000000000000
00000000000000000000000000000000
00000000000000000000000000000000
00000000000000000000000000000000
00000000000000000000000000000000
00000000000000000000000000000000
00000000000000000000000000000000
c0a8260e0a000001005001bb06000000
00000000000000000000000000000000
00000000000000000000000000000000
c0a80e020a000001005001bb06000000
00000000000000000000000000000000
00000000000000000000000000000000
00000000000000000000000000000000
c0a818ef0a000001005001bb06000000
c0a824a20a000001005001bb06000000
00000000000000000000000000000000
00000000000000000000000000000000
00000000000000000000000000000000
c0a81cd00a000001005001bb06000000
00000000000000000000000000000000
00000000000000000000000000000000
00000000000000000000000000000000
00000000000000000000000000000000
00000000000000000000000000000000
00000000000000000000000000000000
c0a8207f0a000001005001bb06000000
00000000000000000000000000000000
00000000000000000000000000000000
00000000000000000000000000000000
00000000000000000000000000000000
00000000000000000000000000000000
00000000000000000000000000000000
00000000000000000000000000000000
00000000000000000000000000000000
c0a8224f0a000001005001bb06000000
00000000000000000000000000000000
00000000000000000000000000000000
00000000000000000000000000000000
00000000000000000000000000000000
00000000000000000000000000000000
c0a811b20a000001005001bb06000000
c0a819b60a000001005001bb06000000
c0a81e5c0a000001005001bb06000000
00000000000000000000000000000000
00000000000000000000000000000000
c0a81dd70a000001005001bb06000000
c0a805db0a000001005001bb06000000
00000000000000000000000000000000
00000000000000000000000000000000
00000000000000000000000000000000
c0a819f80a000001005001bb06000000
00000000000000000000000000000000
00000000000000000000000000000000
00000000000000000000000000000000
c0a821880a000001005001bb06000000
c0a81a3b0a000001005001bb06000000
00000000000000000000000000000000
00000000000000000000000000000000
00000000000000000000000000000000
c0a81d530a000001005001bb06000000
00000000000000000000000000000000
00000000000000000000000000000000
c0a8201c0a000001005001bb06000000
00000000000000000000000000000000
00000000000000000000000000000000
00000000000000000000000000000000
00000000000000000000000000000000
00000000000000000000000000000000
00000000000000000000000000000000
00000000000000000000000000000000
00000000000000000000000000000000
00000000000000000000000000000000
00000000000000000000000000000000
00000000000000000000000000000000
00000000000000000000000000000000
00000000000000000000000000000000
00000000000000000000000000000000
00000000000000000000000000000000
c0a826b20a000001005001bb06000000
00000000000000000000000000000000
00000000000000000000000000000000
c0a81e9e0a000001005001bb06000000
c0a822d30a000001005001bb06000000
c0a826f40a000001005001bb06000000
00000000000000000000000000000000
00000000000000000000000000000000
00000000000000000000000000000000
00000000000000000000000000000000
00000000000000000000000000000000
c0a816dc0a000001005001bb06000000
00000000000000000000000000000000
00000000000000000000000000000000
00000000000000000000000000000000
00000000000000000000000000000000
c0a8203e0a000001005001bb06000000
c0a81c4b0a000001005001bb06000000
c0a8171e0a000001005001bb06000000
c0a80f2a0a000001005001bb06000000
00000000000000000000000000000000
00000000000000000000000000000000
00000000000000000000000000000000
00000000000000000000000000000000
00000000000000000000000000000000
00000000000000000000000000000000
00000000000000000000000000000000
00000000000000000000000000000000
c0a823150a000001005001bb06000000
c0a80fae0a000001005001bb06000000
00000000000000000000000000000000
c0a81bc70a000001005001bb06000000
00000000000000000000000000000000
00000000000000000000000000000000
00000000000000000000000000000000
00000000000000000000000000000000
c0a823db0a000001005001bb06000000
c0a8182a0a000001005001bb06000000
c0a810260a000001005001bb06000000
00000000000000000000000000000000
00000000000000000000000000000000
00000000000000000000000000000000
00000000000000000000000000000000
c0a817e40a000001005001bb06000000
c0a823990a000001005001bb06000000
00000000000000000000000000000000
00000000000000000000000000000000
00000000000000000000000000000000
00000000000000000000000000000000
00000000000000000000000000000000
00000000000000000000000000000000
00000000000000000000000000000000
00000000000000000000000000000000
00000000000000000000000000000000
00000000000000000000000000000000
c0a80e030a000001005001bb06000000
00000000000000000000000000000000
00000000000000000000000000000000
00000000000000000000000000000000
c0a818ae0a000001005001bb06000000
c0a8260f0a000001005001bb06000000
00000000000000000000000000000000
00000000000000000000000000000000
00000000000000000000000000000000
c0a820c20a000001005001bb06000000
00000000000000000000000000000000
00000000000000000000000000000000
c0a810ec0a000001005001bb06000000
00000000000000000000000000000000
00000000000000000000000000000000
00000000000000000000000000000000
00000000000000000000000000000000
00000000000000000000000000000000
00000000000000000000000000000000
00000000000000000000000000000000
00000000000000000000000000000000
c0a824e30a000001005001bb06000000
c0a81ee70a000001005001bb06000000
c0a8229a0a000001005001bb06000000
00000000000000000000000000000000
00000000000000000000000000000000
c0a81a860a000001005001bb06000000
c0a826fb0a000001005001bb06000000
00000000000000000000000000000000
c0a812820a000001005001bb06000000
00000000000000000000000000000000
c0a822d80a000001005001bb06000000
c0a8267f0a000001005001bb06000000
00000000000000000000000000000000
c0a81ac40a000001005001bb06000000
00000000000000000000000000000000
00000000000000000000000000000000
00000000000000000000000000000000
00000000000000000000000000000000
00000000000000000000000000000000
00000000000000000000000000000000
c0a8200d0a000001005001bb06000000
00000000000000000000000000000000
00000000000000000000000000000000
00000000000000000000000000000000
00000000000000000000000000000000
00000000000000000000000000000000
00000000000000000000000000000000
00000000000000000000000000000000
c0a81c1c0a000001005001bb06000000
c0a81d520a000001005001bb06000000
00000000000000000000000000000000
00000000000000000000000000000000
00000000000000000000000000000000
00000000000000000000000000000000
c0a825e20a000001005001bb06000000
00000000000000000000000000000000
00000000000000000000000000000000
00000000000000000000000000000000
c0a81d900a000001005001bb06000000
00000000000000000000000000000000
00000000000000000000000000000000
00000000000000000000000000000000
00000000000000000000000000000000
c0a825a40a000001005001bb06000000
00000000000000000000000000000000
c0a821bf0a000001005001bb06000000
00000000000000000000000000000000
c0a811e50a000001005001bb06000000
00000000000000000000000000000000
00000000000000000000000000000000
c0a816670a000001005001bb06000000
00000000000000000000000000000000
00000000000000000000000000000000
00000000000000000000000000000000
00000000000000000000000000000000
00000000000000000000000000000000
00000000000000000000000000000000
00000000000000000000000000000000
00000000000000000000000000000000
c0a825280a000001005001bb06000000
00000000000000000000000000000000
c0a81a480a000001005001bb06000000
00000000000000000000000000000000
00000000000000000000000000000000
00000000000000000000000000000000
00000000000000000000000000000000
c0a824ea0a000001005001bb06000000
c0a80cde0a000001005001bb06000000
00000000000000000000000000000000
00000000000000000000000000000000
00000000000000000000000000000000
00000000000000000000000000000000
00000000000000000000000000000000
00000000000000000000000000000000
00000000000000000000000000000000
c0a810ed0a000001005001bb06000000
00000000000000000000000000000000
c0a820c70a000001005001bb06000000
00000000000000000000000000000000
c0a824ac0a000001005001bb06000000
c0a814d20a000001005001bb06000000
00000000000000000000000000000000
c0a8175f0a000001005001bb06000000
00000000000000000000000000000000
00000000000000000000000000000000
00000000000000000000000000000000
00000000000000000000000000000000
c0a826000a000001005001bb06000000
c0a821fc0a000001005001bb06000000
00000000000000000000000000000000
00000000000000000000000000000000
00000000000000000000000000000000
c0a8221f0a000001005001bb06000000
00000000000000000000000000000000
00000000000000000000000000000000
00000000000000000000000000000000
00000000000000000000000000000000
c0a81fdf0a000001005001bb06000000
c0a807e30a000001005001bb06000000
00000000000000000000000000000000
00000000000000000000000000000000
c0a81b7e0a000001005001bb06000000
00000000000000000000000000000000
00000000000000000000000000000000
00000000000000000000000000000000
00000000000000000000000000000000
c0a823d00a000001005001bb06000000
00000000000000000000000000000000
c0a81bfa0a000001005001bb06000000
00000000000000000000000000000000
00000000000000000000000000000000
00000000000000000000000000000000
00000000000000000000000000000000
00000000000000000000000000000000
00000000000000000000000000000000
00000000000000000000000000000000
c0a823160a000001005001bb06000000
c0a81b020a000001005001bb06000000
00000000000000000000000000000000
00000000000000000000000000000000
c0a8246e0a000001005001bb06000000
00000000000000000000000000000000
00000000000000000000000000000000
00000000000000000000000000000000
c0a81f250a000001005001bb06000000
c0a8204b0a000001005001bb06000000
c0a80f2d0a000001005001bb06000000
00000000000000000000000000000000
00000000000000000000000000000000
c0a81a870a000001005001bb06000000
c0a826fa0a000001005001bb06000000
c0a80eee0a000001005001bb06000000
00000000000000000000000000000000
00000000000000000000000000000000
c0a806ea0a000001005001bb06000000
00000000000000000000000000000000
00000000000000000000000000000000
00000000000000000000000000000000
00000000000000000000000000000000
00000000000000000000000000000000
c0a812c10a000001005001bb06000000
00000000000000000000000000000000
c0a822d90a000001005001bb06000000
c0a8267e0a000001005001bb06000000
00000000000000000000000000000000
00000000000000000000000000000000
00000000000000000000000000000000
00000000000000000000000000000000
00000000000000000000000000000000
00000000000000000000000000000000
00000000000000000000000000000000
c0a826bc0a000001005001bb06000000
c0a8200e0a000001005001bb06000000
00000000000000000000000000000000
00000000000000000000000000000000
00000000000000000000000000000000
c0a821440a000001005001bb06000000
00000000000000000000000000000000
c0a8196e0a000001005001bb06000000
00000000000000000000000000000000
c0a809760a000001005001bb06000000
00000000000000000000000000000000
c0a821820a000001005001bb06000000
00000000000000000000000000000000
00000000000000000000000000000000
00000000000000000000000000000000
00000000000000000000000000000000
00000000000000000000000000000000
00000000000000000000000000000000
00000000000000000000000000000000
00000000000000000000000000000000
c0a811e60a000001005001bb06000000
c0a819ea0a000001005001bb06000000
00000000000000000000000000000000
00000000000000000000000000000000
00000000000000000000000000000000
00000000000000000000000000000000
00000000000000000000000000000000
00000000000000000000000000000000
00000000000000000000000000000000
00000000000000000000000000000000
00000000000000000000000000000000
00000000000000000000000000000000
00000000000000000000000000000000
00000000000000000000000000000000
c0a81a490a000001005001bb06000000
00000000000000000000000000000000
00000000000000000000000000000000
00000000000000000000000000000000
00000000000000000000000000000000
00000000000000000000000000000000
00000000000000000000000000000000
00000000000000000000000000000000
c0a81c970a000001005001bb06000000
c0a8208a0a000001005001bb06000000
00000000000000000000000000000000
00000000000000000000000000000000
00000000000000000000000000000000
00000000000000000000000000000000
00000000000000000000000000000000
00000000000000000000000000000000
00000000000000000000000000000000
c0a820c80a000001005001bb06000000
00000000000000000000000000000000
00000000000000000000000000000000
00000000000000000000000000000000
c0a824ab0a000001005001bb06000000
00000000000000000000000000000000
00000000000000000000000000000000
00000000000000000000000000000000
00000000000000000000000000000000
c0a826010a000001005001bb06000000
c0a821fd0a000001005001bb06000000
00000000000000000000000000000000
c0a8175e0a000001005001bb06000000
00000000000000000000000000000000
00000000000000000000000000000000
c0a81b410a000001005001bb06000000
00000000000000000000000000000000
00000000000000000000000000000000
00000000000000000000000000000000
00000000000000000000000000000000
00000000000000000000000000000000
00000000000000000000000000000000
c0a8221e0a000001005001bb06000000
c0a81b7f0a000001005001bb06000000
00000000000000000000000000000000
00000000000000000000000000000000
00000000000000000000000000000000
c0a818380a000001005001bb06000000
c0a807e20a000001005001bb06000000
00000000000000000000000000000000
00000000000000000000000000000000
00000000000000000000000000000000
c0a803c10a000001005001bb06000000
00000000000000000000000000000000
00000000000000000000000000000000
00000000000000000000000000000000
c0a823d10a000001005001bb06000000
00000000000000000000000000000000
c0a81bfb0a000001005001bb06000000
c0a81b030a000001005001bb06000000
00000000000000000000000000000000
00000000000000000000000000000000
c0a8246d0a000001005001bb06000000
00000000000000000000000000000000
00000000000000000000000000000000
00000000000000000000000000000000
c0a823170a000001005001bb06000000
00000000000000000000000000000000
c0a80f2c0a000001005001bb06000000
00000000000000000000000000000000
00000000000000000000000000000000
00000000000000000000000000000000
c0a818760a000001005001bb06000000
c0a810720a000001005001bb06000000
c0a81f240a000001005001bb06000000
c0a822d60a000001005001bb06000000
00000000000000000000000000000000
c0a8267d0a000001005001bb06000000
00000000000000000000000000000000
00000000000000000000000000000000
00000000000000000000000000000000
c0a8229c0a000001005001bb06000000
00000000000000000000000000000000
c0a81ee50a000001005001bb06000000
00000000000000000000000000000000
00000000000000000000000000000000
00000000000000000000000000000000
00000000000000000000000000000000
c0a826f90a000001005001bb06000000
00000000000000000000000000000000
00000000000000000000000000000000
00000000000000000000000000000000
00000000000000000000000000000000
00000000000000000000000000000000
c0a81c1e0a000001005001bb06000000
c0a81d500a000001005001bb06000000
00000000000000000000000000000000
00000000000000000000000000000000
00000000000000000000000000000000
00000000000000000000000000000000
00000000000000000000000000000000
00000000000000000000000000000000
c0a8200f0a000001005001bb06000000
00000000000000000000000000000000
00000000000000000000000000000000
00000000000000000000000000000000
00000000000000000000000000000000
00000000000000000000000000000000
00000000000000000000000000000000
c0a825a60a000001005001bb06000000
00000000000000000000000000000000
c0a821bd0a000001005001bb06000000
00000000000000000000000000000000
c0a80dd40a000001005001bb06000000
00000000000000000000000000000000
00000000000000000000000000000000
c0a825e00a000001005001bb06000000
00000000000000000000000000000000
00000000000000000000000000000000
00000000000000000000000000000000
c0a81d920a000001005001bb06000000
00000000000000000000000000000000
00000000000000000000000000000000
c0a8225a0a000001005001bb06000000
00000000000000000000000000000000
c0a8252a0a000001005001bb06000000
00000000000000000000000000000000
00000000000000000000000000000000
c0a81a460a000001005001bb06000000
00000000000000000000000000000000
00000000000000000000000000000000
00000000000000000000000000000000
c0a816650a000001005001bb06000000
00000000000000000000000000000000
00000000000000000000000000000000
00000000000000000000000000000000
00000000000000000000000000000000
00000000000000000000000000000000
00000000000000000000000000000000
00000000000000000000000000000000
00000000000000000000000000000000
00000000000000000000000000000000
00000000000000000000000000000000
c0a820c50a000001005001bb06000000
00000000000000000000000000000000
c0a824ae0a000001005001bb06000000
00000000000000000000000000000000
00000000000000000000000000000000
00000000000000000000000000000000
c0a8133a0a000001005001bb06000000
00000000000000000000000000000000
00000000000000000000000000000000
c0a8208b0a000001005001bb06000000
00000000000000000000000000000000
00000000000000000000000000000000
c0a823520a000001005001bb06000000
00000000000000000000000000000000
c0a822210a000001005001bb06000000
00000000000000000000000000000000
00000000000000000000000000000000
c0a81b3e0a000001005001bb06000000
00000000000000000000000000000000
00000000000000000000000000000000
00000000000000000000000000000000
c0a8175d0a000001005001bb06000000
00000000000000000000000000000000
c0a818b10a000001005001bb06000000
00000000000000000000000000000000
00000000000000000000000000000000
c0a826020a000001005001bb06000000
c0a821fe0a000001005001bb06000000
00000000000000000000000000000000
00000000000000000000000000000000
00000000000000000000000000000000
00000000000000000000000000000000
00000000000000000000000000000000
00000000000000000000000000000000
00000000000000000000000000000000
00000000000000000000000000000000
00000000000000000000000000000000
c0a807e10a000001005001bb06000000
c0a823940a000001005001bb06000000
00000000000000000000000000000000
00000000000000000000000000000000
c0a81b800a000001005001bb06000000
00000000000000000000000000000000
00000000000000000000000000000000
00000000000000000000000000000000
c0a818770a000001005001bb06000000
c0a810730a000001005001bb06000000
c0a81f270a000001005001bb06000000
c0a820490a000001005001bb06000000
c0a80f2f0a000001005001bb06000000
00000000000000000000000000000000
00000000000000000000000000000000
00000000000000000000000000000000
00000000000000000000000000000000
c0a823180a000001005001bb06000000
c0a81bba0a000001005001bb06000000
00000000000000000000000000000000
00000000000000000000000000000000
00000000000000000000000000000000
c0a8246c0a000001005001bb06000000
00000000000000000000000000000000
00000000000000000000000000000000
c0a806ae0a000001005001bb06000000
00000000000000000000000000000000
c0a822d70a000001005001bb06000000
00000000000000000000000000000000
c0a8267c0a000001005001bb06000000
00000000000000000000000000000000
00000000000000000000000000000000
c0a81a890a000001005001bb06000000
00000000000000000000000000000000
00000000000000000000000000000000
00000000000000000000000000000000
00000000000000000000000000000000
00000000000000000000000000000000
00000000000000000000000000000000
00000000000000000000000000000000
00000000000000000000000000000000
00000000000000000000000000000000
00000000000000000000000000000000
c0a819700a000001005001bb06000000
00000000000000000000000000000000
00000000000000000000000000000000
c0a81c1d0a000001005001bb06000000
00000000000000000000000000000000
00000000000000000000000000000000
00000000000000000000000000000000
00000000000000000000000000000000
00000000000000000000000000000000
00000000000000000000000000000000
c0a826be0a000001005001bb06000000
00000000000000000000000000000000
c0a821be0a000001005001bb06000000
00000000000000000000000000000000
00000000000000000000000000000000
00000000000000000000000000000000
c0a819ec0a000001005001bb06000000
00000000000000000000000000000000
00000000000000000000000000000000
c0a81dcb0a000001005001bb06000000
00000000000000000000000000000000
00000000000000000000000000000000
c0a821840a000001005001bb06000000
00000000000000000000000000000000
00000000000000000000000000000000
00000000000000000000000000000000
00000000000000000000000000000000
00000000000000000000000000000000
00000000000000000000000000000000
c0a81a470a000001005001bb06000000
00000000000000000000000000000000
00000000000000000000000000000000
c0a8225b0a000001005001bb06000000
00000000000000000000000000000000
00000000000000000000000000000000
00000000000000000000000000000000
00000000000000000000000000000000
c0a808fc0a000001005001bb06000000
00000000000000000000000000000000
c0a819aa0a000001005001bb06000000
00000000000000000000000000000000
c0a816640a000001005001bb06000000
00000000000000000000000000000000
00000000000000000000000000000000
c0a820c60a000001005001bb06000000
00000000000000000000000000000000
c0a824ad0a000001005001bb06000000
c0a81cd30a000001005001bb06000000
00000000000000000000000000000000
00000000000000000000000000000000
00000000000000000000000000000000
00000000000000000000000000000000
00000000000000000000000000000000
00000000000000000000000000000000
00000000000000000000000000000000
00000000000000000000000000000000
c0a824e70a000001005001bb06000000
00000000000000000000000000000000
c0a8133b0a000001005001bb06000000
00000000000000000000000000000000
00000000000000000000000000000000
c0a81b3f0a000001005001bb06000000
00000000000000000000000000000000
00000000000000000000000000000000
c0a823530a000001005001bb06000000
00000000000000000000000000000000
c0a822200a000001005001bb06000000
00000000000000000000000000000000
00000000000000000000000000000000
00000000000000000000000000000000
c0a826030a000001005001bb06000000
c0a81a0c0a000001005001bb06000000
00000000000000000000000000000000
00000000000000000000000000000000
00000000000000000000000000000000
00000000000000000000000000000000
00000000000000000000000000000000
c0a80bc30a000001005001bb06000000
00000000000000000000000000000000
c0a817d80a000001005001bb06000000
00000000000000000000000000000000
00000000000000000000000000000000
00000000000000000000000000000000
00000000000000000000000000000000
00000000000000000000000000000000
c0a81b810a000001005001bb06000000
00000000000000000000000000000000
00000000000000000000000000000000
00000000000000000000000000000000
c0a818360a000001005001bb06000000
c0a823950a000001005001bb06000000
00000000000000000000000000000000
c0a8204a0a000001005001bb06000000
c0a80f2e0a000001005001bb06000000
00000000000000000000000000000000
00000000000000000000000000000000
c0a818780a000001005001bb06000000
00000000000000000000000000000000
00000000000000000000000000000000
c0a81f260a000001005001bb06000000
c0a813010a000001005001bb06000000
00000000000000000000000000000000
00000000000000000000000000000000
00000000000000000000000000000000
c0a8246b0a000001005001bb06000000
00000000000000000000000000000000
c0a823190a000001005001bb06000000
c0a81bbb0a000001005001bb06000000
c0a825620a000001005001bb06000000
00000000000000000000000000000000
00000000000000000000000000000000
00000000000000000000000000000000
00000000000000000000000000000000
00000000000000000000000000000000
00000000000000000000000000000000
00000000000000000000000000000000
00000000000000000000000000000000
00000000000000000000000000000000
00000000000000000000000000000000
c0a8141c0a000001005001bb06000000
00000000000000000000000000000000
c0a824340a000001005001bb06000000
00000000000000000000000000000000
00000000000000000000000000000000
c0a816e70a000001005001bb06000000
00000000000000000000000000000000
00000000000000000000000000000000
00000000000000000000000000000000
00000000000000000000000000000000
00000000000000000000000000000000
00000000000000000000000000000000
c0a811270a000001005001bb06000000
00000000000000000000000000000000
00000000000000000000000000000000
00000000000000000000000000000000
00000000000000000000000000000000
00000000000000000000000000000000
c0a81ac80a000001005001bb06000000
c0a80ead0a000001005001bb06000000
00000000000000000000000000000000
00000000000000000000000000000000
c0a81e670a000001005001bb06000000
00000000000000000000000000000000
00000000000000000000000000000000
c0a8267b0a000001005001bb06000000
00000000000000000000000000000000
00000000000000000000000000000000
00000000000000000000000000000000
c0a822580a000001005001bb06000000
00000000000000000000000000000000
00000000000000000000000000000000
00000000000000000000000000000000
00000000000000000000000000000000
c0a81a440a000001005001bb06000000
00000000000000000000000000000000
00000000000000000000000000000000
00000000000000000000000000000000
00000000000000000000000000000000
c0a825e60a000001005001bb06000000
00000000000000000000000000000000
c0a8217d0a000001005001bb06000000
00000000000000000000000000000000
00000000000000000000000000000000
00000000000000000000000000000000
c0a819ed0a000001005001bb06000000
c0a825a00a000001005001bb06000000
00000000000000000000000000000000
00000000000000000000000000000000
00000000000000000000000000000000
c0a81dd20a000001005001bb06000000
00000000000000000000000000000000
00000000000000000000000000000000
c0a818b70a000001005001bb06000000
00000000000000000000000000000000
00000000000000000000000000000000
c0a810b30a000001005001bb06000000
00000000000000000000000000000000
00000000000000000000000000000000
00000000000000000000000000000000
c0a81a0f0a000001005001bb06000000
00000000000000000000000000000000
00000000000000000000000000000000
c0a822230a000001005001bb06000000
00000000000000000000000000000000
00000000000000000000000000000000
00000000000000000000000000000000
00000000000000000000000000000000
c0a80b440a000001005001bb06000000
00000000000000000000000000000000
00000000000000000000000000000000
00000000000000000000000000000000
00000000000000000000000000000000
c0a81c940a000001005001bb06000000
00000000000000000000000000000000
c0a824ee0a000001005001bb06000000
00000000000000000000000000000000
00000000000000000000000000000000
00000000000000000000000000000000
00000000000000000000000000000000
00000000000000000000000000000000
00000000000000000000000000000000
c0a81cda0a000001005001bb06000000
00000000000000000000000000000000
00000000000000000000000000000000
c0a8246a0a000001005001bb06000000
00000000000000000000000000000000
c0a8231a0a000001005001bb06000000
00000000000000000000000000000000
00000000000000000000000000000000
00000000000000000000000000000000
00000000000000000000000000000000
00000000000000000000000000000000
00000000000000000000000000000000
00000000000000000000000000000000
c0a818710a000001005001bb06000000
c0a817250a000001005001bb06000000
00000000000000000000000000000000
c0a820470a000001005001bb06000000
00000000000000000000000000000000
00000000000000000000000000000000
c0a817df0a000001005001bb06000000
00000000000000000000000000000000
00000000000000000000000000000000
c0a80feb0a000001005001bb06000000
00000000000000000000000000000000
00000000000000000000000000000000
00000000000000000000000000000000
00000000000000000000000000000000
00000000000000000000000000000000
00000000000000000000000000000000
c0a823d40a000001005001bb06000000
c0a813fa0a000001005001bb06000000
00000000000000000000000000000000
00000000000000000000000000000000
00000000000000000000000000000000
00000000000000000000000000000000
00000000000000000000000000000000
00000000000000000000000000000000
00000000000000000000000000000000
c0a81bfe0a000001005001bb06000000
00000000000000000000000000000000
00000000000000000000000000000000
c0a820120a000001005001bb06000000
00000000000000000000000000000000
00000000000000000000000000000000
00000000000000000000000000000000
c0a8196a0a000001005001bb06000000
00000000000000000000000000000000
00000000000000000000000000000000
00000000000000000000000000000000
00000000000000000000000000000000
00000000000000000000000000000000
00000000000000000000000000000000
00000000000000000000000000000000
00000000000000000000000000000000
00000000000000000000000000000000
c0a816e60a000001005001bb06000000
00000000000000000000000000000000
00000000000000000000000000000000
00000000000000000000000000000000
00000000000000000000000000000000
00000000000000000000000000000000
c0a80eac0a000001005001bb06000000
00000000000000000000000000000000
00000000000000000000000000000000
00000000000000000000000000000000
00000000000000000000000000000000
c0a80ad10a000001005001bb06000000
c0a8267a0a000001005001bb06000000
00000000000000000000000000000000
c0a8210a0a000001005001bb06000000
c0a81d170a000001005001bb06000000
00000000000000000000000000000000
c0a819b00a000001005001bb06000000
00000000000000000000000000000000
00000000000000000000000000000000
00000000000000000000000000000000
00000000000000000000000000000000
c0a812410a000001005001bb06000000
00000000000000000000000000000000
00000000000000000000000000000000
00000000000000000000000000000000
00000000000000000000000000000000
00000000000000000000000000000000
c0a8217e0a000001005001bb06000000
00000000000000000000000000000000
00000000000000000000000000000000
00000000000000000000000000000000
00000000000000000000000000000000
00000000000000000000000000000000
c0a825e50a000001005001bb06000000
00000000000000000000000000000000
00000000000000000000000000000000
00000000000000000000000000000000
c0a821c40a000001005001bb06000000
c0a80dd90a000001005001bb06000000
c0a8259f0a000001005001bb06000000
00000000000000000000000000000000
00000000000000000000000000000000
00000000000000000000000000000000
00000000000000000000000000000000
00000000000000000000000000000000
00000000000000000000000000000000
c0a81a0e0a000001005001bb06000000
00000000000000000000000000000000
00000000000000000000000000000000
00000000000000000000000000000000
00000000000000000000000000000000
00000000000000000000000000000000
00000000000000000000000000000000
00000000000000000000000000000000
00000000000000000000000000000000
00000000000000000000000000000000
00000000000000000000000000000000
c0a822220a000001005001bb06000000
00000000000000000000000000000000
c0a820860a000001005001bb06000000
00000000000000000000000000000000
c0a824ed0a000001005001bb06000000
00000000000000000000000000000000
00000000000000000000000000000000
00000000000000000000000000000000
00000000000000000000000000000000
00000000000000000000000000000000
00000000000000000000000000000000
c0a81cd90a000001005001bb06000000
00000000000000000000000000000000
00000000000000000000000000000000
c0a824a70a000001005001bb06000000
00000000000000000000000000000000
00000000000000000000000000000000
00000000000000000000000000000000
00000000000000000000000000000000
00000000000000000000000000000000
00000000000000000000000000000000
00000000000000000000000000000000
00000000000000000000000000000000
00000000000000000000000000000000
c0a8231b0a000001005001bb06000000
00000000000000000000000000000000
c0a820480a000001005001bb06000000
00000000000000000000000000000000
00000000000000000000000000000000
00000000000000000000000000000000
00000000000000000000000000000000
c0a826fe0a000001005001bb06000000
00000000000000000000000000000000
c0a817240a000001005001bb06000000
00000000000000000000000000000000
00000000000000000000000000000000
00000000000000000000000000000000
00000000000000000000000000000000
c0a817de0a000001005001bb06000000
00000000000000000000000000000000
00000000000000000000000000000000
c0a80fea0a000001005001bb06000000
00000000000000000000000000000000
00000000000000000000000000000000
00000000000000000000000000000000
00000000000000000000000000000000
00000000000000000000000000000000
00000000000000000000000000000000
c0a823d50a000001005001bb06000000
c0a813fb0a000001005001bb06000000
00000000000000000000000000000000
00000000000000000000000000000000
00000000000000000000000000000000
c0a8141e0a000001005001bb06000000
00000000000000000000000000000000
c0a824360a000001005001bb06000000
00000000000000000000000000000000
00000000000000000000000000000000
c0a825600a000001005001bb06000000
00000000000000000000000000000000
00000000000000000000000000000000
00000000000000000000000000000000
00000000000000000000000000000000
00000000000000000000000000000000
00000000000000000000000000000000
c0a81bff0a000001005001bb06000000
00000000000000000000000000000000
c0a822da0a000001005001bb06000000
00000000000000000000000000000000
00000000000000000000000000000000
c0a81ac60a000001005001bb06000000
00000000000000000000000000000000
c0a80eaf0a000001005001bb06000000
00000000000000000000000000000000
c0a816e50a000001005001bb06000000
c0a822980a000001005001bb06000000
00000000000000000000000000000000
00000000000000000000000000000000
c0a81a840a000001005001bb06000000
00000000000000000000000000000000
00000000000000000000000000000000
c0a811250a000001005001bb06000000
00000000000000000000000000000000
00000000000000000000000000000000
00000000000000000000000000000000
00000000000000000000000000000000
00000000000000000000000000000000
00000000000000000000000000000000
00000000000000000000000000000000
00000000000000000000000000000000
00000000000000000000000000000000
c0a81e650a000001005001bb06000000
00000000000000000000000000000000
00000000000000000000000000000000
c0a826790a000001005001bb06000000
00000000000000000000000000000000
00000000000000000000000000000000
00000000000000000000000000000000
c0a819ef0a000001005001bb06000000
c0a825a20a000001005001bb06000000
00000000000000000000000000000000
00000000000000000000000000000000
00000000000000000000000000000000
c0a81dd00a000001005001bb06000000
00000000000000000000000000000000
00000000000000000000000000000000
00000000000000000000000000000000
00000000000000000000000000000000
c0a825e40a000001005001bb06000000
00000000000000000000000000000000
c0a8217f0a000001005001bb06000000
00000000000000000000000000000000
00000000000000000000000000000000
00000000000000000000000000000000
00000000000000000000000000000000
c0a822250a000001005001bb06000000
00000000000000000000000000000000
00000000000000000000000000000000
c0a80b420a000001005001bb06000000
00000000000000000000000000000000
00000000000000000000000000000000
00000000000000000000000000000000
00000000000000000000000000000000
00000000000000000000000000000000
00000000000000000000000000000000
00000000000000000000000000000000
00000000000000000000000000000000
00000000000000000000000000000000
00000000000000000000000000000000
00000000000000000000000000000000
00000000000000000000000000000000
c0a824aa0a000001005001bb06000000
00000000000000000000000000000000
00000000000000000000000000000000
00000000000000000000000000000000
c0a81cd80a000001005001bb06000000
00000000000000000000000000000000
00000000000000000000000000000000
00000000000000000000000000000000
00000000000000000000000000000000
c0a81b3a0a000001005001bb06000000
00000000000000000000000000000000
c0a81c960a000001005001bb06000000
00000000000000000000000000000000
c0a824ec0a000001005001bb06000000
00000000000000000000000000000000
00000000000000000000000000000000
00000000000000000000000000000000
00000000000000000000000000000000
c0a817270a000001005001bb06000000
00000000000000000000000000000000
c0a820450a000001005001bb06000000
00000000000000000000000000000000
00000000000000000000000000000000
00000000000000000000000000000000
00000000000000000000000000000000
00000000000000000000000000000000
00000000000000000000000000000000
00000000000000000000000000000000
00000000000000000000000000000000
00000000000000000000000000000000
00000000000000000000000000000000
00000000000000000000000000000000
c0a823d20a000001005001bb06000000
00000000000000000000000000000000
00000000000000000000000000000000
c0a81bbe0a000001005001bb06000000
c0a803c20a000001005001bb06000000
00000000000000000000000000000000
00000000000000000000000000000000
c0a817dd0a000001005001bb06000000
00000000000000000000000000000000
00000000000000000000000000000000
c0a80fe90a000001005001bb06000000
00000000000000000000000000000000
00000000000000000000000000000000
00000000000000000000000000000000
00000000000000000000000000000000
00000000000000000000000000000000
c0a8213e0a000001005001bb06000000
00000000000000000000000000000000
00000000000000000000000000000000
00000000000000000000000000000000
00000000000000000000000000000000
00000000000000000000000000000000
c0a8141d0a000001005001bb06000000
00000000000000000000000000000000
00000000000000000000000000000000
c0a818000a000001005001bb06000000
00000000000000000000000000000000
00000000000000000000000000000000
c0a820140a000001005001bb06000000
00000000000000000000000000000000
00000000000000000000000000000000
c0a81ac70a000001005001bb06000000
c0a826ba0a000001005001bb06000000
00000000000000000000000000000000
00000000000000000000000000000000
00000000000000000000000000000000
c0a822db0a000001005001bb06000000
00000000000000000000000000000000
00000000000000000000000000000000
00000000000000000000000000000000
00000000000000000000000000000000
c0a8192a0a000001005001bb06000000
c0a811260a000001005001bb06000000
c0a816e40a000001005001bb06000000
00000000000000000000000000000000
00000000000000000000000000000000
00000000000000000000000000000000
00000000000000000000000000000000
00000000000000000000000000000000
00000000000000000000000000000000
00000000000000000000000000000000
00000000000000000000000000000000
00000000000000000000000000000000
00000000000000000000000000000000
00000000000000000000000000000000
c0a809000a000001005001bb06000000
00000000000000000000000000000000
00000000000000000000000000000000
00000000000000000000000000000000
c0a819ae0a000001005001bb06000000
c0a81e640a000001005001bb06000000
c0a809b60a000001005001bb06000000
00000000000000000000000000000000
00000000000000000000000000000000
c0a821c20a000001005001bb06000000
c0a80dd70a000001005001bb06000000
00000000000000000000000000000000
c0a811ec0a000001005001bb06000000
c0a819f00a000001005001bb06000000
00000000000000000000000000000000
00000000000000000000000000000000
00000000000000000000000000000000
c0a821800a000001005001bb06000000
00000000000000000000000000000000
00000000000000000000000000000000
00000000000000000000000000000000
00000000000000000000000000000000
00000000000000000000000000000000
00000000000000000000000000000000
c0a80b430a000001005001bb06000000
00000000000000000000000000000000
00000000000000000000000000000000
00000000000000000000000000000000
00000000000000000000000000000000
c0a822240a000001005001bb06000000
00000000000000000000000000000000
00000000000000000000000000000000
00000000000000000000000000000000
00000000000000000000000000000000
00000000000000000000000000000000
00000000000000000000000000000000
c0a818b60a000001005001bb06000000
00000000000000000000000000000000
00000000000000000000000000000000
c0a810b20a000001005001bb06000000
00000000000000000000000000000000
c0a820ca0a000001005001bb06000000
00000000000000000000000000000000
c0a814d30a000001005001bb06000000
00000000000000000000000000000000
c0a818f80a000001005001bb06000000
00000000000000000000000000000000
00000000000000000000000000000000
c0a81c950a000001005001bb06000000
00000000000000000000000000000000
00000000000000000000000000000000
00000000000000000000000000000000
00000000000000000000000000000000
c0a824eb0a000001005001bb06000000
c0a80cdf0a000001005001bb06000000
00000000000000000000000000000000
00000000000000000000000000000000
c0a820460a000001005001bb06000000
00000000000000000000000000000000
00000000000000000000000000000000
00000000000000000000000000000000
c0a826fc0a000001005001bb06000000
00000000000000000000000000000000
c0a817260a000001005001bb06000000
00000000000000000000000000000000
00000000000000000000000000000000
00000000000000000000000000000000
00000000000000000000000000000000
00000000000000000000000000000000
c0a824670a000001005001bb06000000
00000000000000000000000000000000
00000000000000000000000000000000
c0a81bbf0a000001005001bb06000000
00000000000000000000000000000000
00000000000000000000000000000000
00000000000000000000000000000000
00000000000000000000000000000000
c0a823d30a000001005001bb06000000
00000000000000000000000000000000
00000000000000000000000000000000
00000000000000000000000000000000
00000000000000000000000000000000
00000000000000000000000000000000
00000000000000000000000000000000
c0a817dc0a000001005001bb06000000
00000000000000000000000000000000
c0a807e40a000001005001bb06000000
c0a80fe80a000001005001bb06000000
00000000000000000000000000000000
00000000000000000000000000000000
00000000000000000000000000000000
00000000000000000000000000000000
00000000000000000000000000000000
00000000000000000000000000000000
00000000000000000000000000000000
c0a8238a0a000001005001bb06000000
c0a813ee0a000001005001bb06000000
00000000000000000000000000000000
00000000000000000000000000000000
00000000000000000000000000000000
00000000000000000000000000000000
00000000000000000000000000000000
00000000000000000000000000000000
c0a823c80a000001005001bb06000000
00000000000000000000000000000000
00000000000000000000000000000000
00000000000000000000000000000000
c0a8145e0a000001005001bb06000000
00000000000000000000000000000000
c0a822fe0a000001005001bb06000000
00000000000000000000000000000000
00000000000000000000000000000000
00000000000000000000000000000000
00000000000000000000000000000000
c0a820530a000001005001bb06000000
00000000000000000000000000000000
00000000000000000000000000000000
00000000000000000000000000000000
00000000000000000000000000000000
00000000000000000000000000000000
00000000000000000000000000000000
00000000000000000000000000000000
c0a81b380a000001005001bb06000000
00000000000000000000000000000000
00000000000000000000000000000000
00000000000000000000000000000000
00000000000000000000000000000000
00000000000000000000000000000000
00000000000000000000000000000000
c0a818f90a000001005001bb06000000
00000000000000000000000000000000
00000000000000000000000000000000
c0a824b40a000001005001bb06000000
00000000000000000000000000000000
00000000000000000000000000000000
c0a808c30a000001005001bb06000000
c0a826180a000001005001bb06000000
c0a818bb0a000001005001bb06000000
00000000000000000000000000000000
00000000000000000000000000000000
00000000000000000000000000000000
00000000000000000000000000000000
00000000000000000000000000000000
00000000000000000000000000000000
c0a813720a000001005001bb06000000
c0a8234c0a000001005001bb06000000
c0a81a230a000001005001bb06000000
c0a81b760a000001005001bb06000000
00000000000000000000000000000000
c0a822370a000001005001bb06000000
c0a81f5b0a000001005001bb06000000
00000000000000000000000000000000
00000000000000000000000000000000
00000000000000000000000000000000
c0a81de60a000001005001bb06000000
c0a821990a000001005001bb06000000
00000000000000000000000000000000
00000000000000000000000000000000
00000000000000000000000000000000
c0a825fa0a000001005001bb06000000
c0a8257e0a000001005001bb06000000
00000000000000000000000000000000
c0a821d70a000001005001bb06000000
00000000000000000000000000000000
00000000000000000000000000000000
00000000000000000000000000000000
00000000000000000000000000000000
00000000000000000000000000000000
c0a825bc0a000001005001bb06000000
c0a8210d0a000001005001bb06000000
00000000000000000000000000000000
00000000000000000000000000000000
c0a809010a000001005001bb06000000
00000000000000000000000000000000
00000000000000000000000000000000
00000000000000000000000000000000
00000000000000000000000000000000
00000000000000000000000000000000
00000000000000000000000000000000
c0a81a6e0a000001005001bb06000000
00000000000000000000000000000000
c0a822440a000001005001bb06000000
00000000000000000000000000000000
00000000000000000000000000000000
00000000000000000000000000000000
00000000000000000000000000000000
00000000000000000000000000000000
00000000000000000000000000000000
00000000000000000000000000000000
00000000000000000000000000000000
00000000000000000000000000000000
c0a822820a000001005001bb06000000
00000000000000000000000000000000
00000000000000000000000000000000
00000000000000000000000000000000
00000000000000000000000000000000
c0a812e60a000001005001bb06000000
c0a81aea0a000001005001bb06000000
00000000000000000000000000000000
00000000000000000000000000000000
00000000000000000000000000000000
00000000000000000000000000000000
c0a81aac0a000001005001bb06000000
00000000000000000000000000000000
00000000000000000000000000000000
c0a81c140a000001005001bb06000000
c0a814100a000001005001bb06000000
00000000000000000000000000000000
c0a824280a000001005001bb06000000
00000000000000000000000000000000
c0a8215b0a000001005001bb06000000
c0a80c1c0a000001005001bb06000000
c0a811430a000001005001bb06000000
00000000000000000000000000000000
c0a8014b0a000001005001bb06000000
00000000000000000000000000000000
00000000000000000000000000000000
00000000000000000000000000000000
00000000000000000000000000000000
c0a8238b0a000001005001bb06000000
00000000000000000000000000000000
00000000000000000000000000000000
00000000000000000000000000000000
00000000000000000000000000000000
00000000000000000000000000000000
00000000000000000000000000000000
00000000000000000000000000000000
c0a823c90a000001005001bb06000000
c0a813ef0a000001005001bb06000000
00000000000000000000000000000000
00000000000000000000000000000000
00000000000000000000000000000000
00000000000000000000000000000000
c0a822ff0a000001005001bb06000000
00000000000000000000000000000000
00000000000000000000000000000000
00000000000000000000000000000000
00000000000000000000000000000000
c0a817080a000001005001bb06000000
00000000000000000000000000000000
00000000000000000000000000000000
00000000000000000000000000000000
00000000000000000000000000000000
00000000000000000000000000000000
00000000000000000000000000000000
c0a820540a000001005001bb06000000
00000000000000000000000000000000
00000000000000000000000000000000
00000000000000000000000000000000
00000000000000000000000000000000
c0a8187e0a000001005001bb06000000
00000000000000000000000000000000
00000000000000000000000000000000
00000000000000000000000000000000
c0a81b390a000001005001bb06000000
c0a820920a000001005001bb06000000
00000000000000000000000000000000
00000000000000000000000000000000
00000000000000000000000000000000
00000000000000000000000000000000
00000000000000000000000000000000
c0a818fa0a000001005001bb06000000
00000000000000000000000000000000
c0a820d00a000001005001bb06000000
00000000000000000000000000000000
00000000000000000000000000000000
00000000000000000000000000000000
00000000000000000000000000000000
c0a826190a000001005001bb06000000
00000000000000000000000000000000
00000000000000000000000000000000
00000000000000000000000000000000
00000000000000000000000000000000
c0a822360a000001005001bb06000000
c0a81f5a0a000001005001bb06000000
00000000000000000000000000000000
c0a813730a000001005001bb06000000
c0a8234d0a000001005001bb06000000
c0a81a220a000001005001bb06000000
c0a81b770a000001005001bb06000000
00000000000000000000000000000000
c0a811820a000001005001bb06000000
c0a819860a000001005001bb06000000
c0a825f90a000001005001bb06000000
00000000000000000000000000000000
00000000000000000000000000000000
c0a81de50a000001005001bb06000000
c0a8219a0a000001005001bb06000000
00000000000000000000000000000000
c0a811c00a000001005001bb06000000
00000000000000000000000000000000
c0a825bb0a000001005001bb06000000
00000000000000000000000000000000
00000000000000000000000000000000
00000000000000000000000000000000
c0a821d80a000001005001bb06000000
00000000000000000000000000000000
00000000000000000000000000000000
00000000000000000000000000000000
00000000000000000000000000000000
00000000000000000000000000000000
c0a8210e0a000001005001bb06000000
00000000000000000000000000000000
00000000000000000000000000000000
00000000000000000000000000000000
c0a822450a000001005001bb06000000
00000000000000000000000000000000
00000000000000000000000000000000
00000000000000000000000000000000
00000000000000000000000000000000
00000000000000000000000000000000
c0a81a6f0a000001005001bb06000000
00000000000000000000000000000000
00000000000000000000000000000000
00000000000000000000000000000000
c0a822830a000001005001bb06000000
00000000000000000000000000000000
00000000000000000000000000000000
00000000000000000000000000000000
c0a826e20a000001005001bb06000000
c0a812e70a000001005001bb06000000
00000000000000000000000000000000
00000000000000000000000000000000
c0a806d20a000001005001bb06000000
c0a826a40a000001005001bb06000000
c0a816ca0a000001005001bb06000000
00000000000000000000000000000000
00000000000000000000000000000000
00000000000000000000000000000000
00000000000000000000000000000000
00000000000000000000000000000000
00000000000000000000000000000000
00000000000000000000000000000000
00000000000000000000000000000000
00000000000000000000000000000000
00000000000000000000000000000000
00000000000000000000000000000000
00000000000000000000000000000000
00000000000000000000000000000000
00000000000000000000000000000000
00000000000000000000000000000000
00000000000000000000000000000000
00000000000000000000000000000000
00000000000000000000000000000000
00000000000000000000000000000000
00000000000000000000000000000000
00000000000000000000000000000000
00000000000000000000000000000000
00000000000000000000000000000000
00000000000000000000000000000000
c0a823c60a000001005001bb06000000
00000000000000000000000000000000
c0a8238c0a000001005001bb06000000
00000000000000000000000000000000
00000000000000000000000000000000
00000000000000000000000000000000
00000000000000000000000000000000
00000000000000000000000000000000
00000000000000000000000000000000
00000000000000000000000000000000
00000000000000000000000000000000
00000000000000000000000000000000
00000000000000000000000000000000
00000000000000000000000000000000
00000000000000000000000000000000
00000000000000000000000000000000
00000000000000000000000000000000
00000000000000000000000000000000
00000000000000000000000000000000
00000000000000000000000000000000
00000000000000000000000000000000
00000000000000000000000000000000
c0a823000a000001005001bb06000000
c0a824740a000001005001bb06000000
00000000000000000000000000000000
00000000000000000000000000000000
00000000000000000000000000000000
c0a818fb0a000001005001bb06000000
00000000000000000000000000000000
00000000000000000000000000000000
00000000000000000000000000000000
00000000000000000000000000000000
00000000000000000000000000000000
00000000000000000000000000000000
00000000000000000000000000000000
00000000000000000000000000000000
00000000000000000000000000000000
c0a81b360a000001005001bb06000000
00000000000000000000000000000000
00000000000000000000000000000000
c0a8187f0a000001005001bb06000000
00000000000000000000000000000000
00000000000000000000000000000000
c0a81a250a000001005001bb06000000
c0a81b780a000001005001bb06000000
00000000000000000000000000000000
c0a822390a000001005001bb06000000
00000000000000000000000000000000
c0a81f590a000001005001bb06000000
c0a80a2d0a000001005001bb06000000
00000000000000000000000000000000
00000000000000000000000000000000
00000000000000000000000000000000
00000000000000000000000000000000
00000000000000000000000000000000
00000000000000000000000000000000
00000000000000000000000000000000
00000000000000000000000000000000
c0a8257c0a000001005001bb06000000
00000000000000000000000000000000
c0a821d50a000001005001bb06000000
00000000000000000000000000000000
00000000000000000000000000000000
00000000000000000000000000000000
00000000000000000000000000000000
00000000000000000000000000000000
00000000000000000000000000000000
00000000000000000000000000000000
c0a81de40a000001005001bb06000000
c0a8219b0a000001005001bb06000000
00000000000000000000000000000000
00000000000000000000000000000000
00000000000000000000000000000000
c0a825f80a000001005001bb06000000
00000000000000000000000000000000
c0a81d1e0a000001005001bb06000000
00000000000000000000000000000000
00000000000000000000000000000000
00000000000000000000000000000000
00000000000000000000000000000000
00000000000000000000000000000000
00000000000000000000000000000000
c0a825be0a000001005001bb06000000
c0a8210f0a000001005001bb06000000
00000000000000000000000000000000
00000000000000000000000000000000
c0a809030a000001005001bb06000000
00000000000000000000000000000000
00000000000000000000000000000000
00000000000000000000000000000000
00000000000000000000000000000000
00000000000000000000000000000000
c0a81aec0a000001005001bb06000000
00000000000000000000000000000000
00000000000000000000000000000000
00000000000000000000000000000000
c0a822be0a000001005001bb06000000
00000000000000000000000000000000
00000000000000000000000000000000
00000000000000000000000000000000
00000000000000000000000000000000
00000000000000000000000000000000
c0a822840a000001005001bb06000000
00000000000000000000000000000000
00000000000000000000000000000000
00000000000000000000000000000000
c0a8242a0a000001005001bb06000000
00000000000000000000000000000000
00000000000000000000000000000000
c0a80c1e0a000001005001bb06000000
00000000000000000000000000000000
00000000000000000000000000000000
00000000000000000000000000000000
00000000000000000000000000000000
00000000000000000000000000000000
00000000000000000000000000000000
00000000000000000000000000000000
00000000000000000000000000000000
00000000000000000000000000000000
c0a81aaa0a000001005001bb06000000
c0a814120a000001005001bb06000000
00000000000000000000000000000000
00000000000000000000000000000000
00000000000000000000000000000000
c0a81fd40a000001005001bb06000000
c0a807d80a000001005001bb06000000
00000000000000000000000000000000
00000000000000000000000000000000
00000000000000000000000000000000
00000000000000000000000000000000
00000000000000000000000000000000
00000000000000000000000000000000
00000000000000000000000000000000
00000000000000000000000000000000
c0a8103a0a000001005001bb06000000
00000000000000000000000000000000
00000000000000000000000000000000
00000000000000000000000000000000
00000000000000000000000000000000
00000000000000000000000000000000
00000000000000000000000000000000
c0a8183e0a000001005001bb06000000
00000000000000000000000000000000
00000000000000000000000000000000
c0a820520a000001005001bb06000000
00000000000000000000000000000000
c0a823010a000001005001bb06000000
00000000000000000000000000000000
00000000000000000000000000000000
00000000000000000000000000000000
00000000000000000000000000000000
00000000000000000000000000000000
00000000000000000000000000000000
00000000000000000000000000000000
c0a824b50a000001005001bb06000000
c0a81cdb0a000001005001bb06000000
00000000000000000000000000000000
c0a808c20a000001005001bb06000000
00000000000000000000000000000000
00000000000000000000000000000000
00000000000000000000000000000000
00000000000000000000000000000000
00000000000000000000000000000000
00000000000000000000000000000000
c0a824ef0a000001005001bb06000000
c0a818800a000001005001bb06000000
c0a820940a000001005001bb06000000
00000000000000000000000000000000
00000000000000000000000000000000
c0a81b370a000001005001bb06000000
c0a822380a000001005001bb06000000
00000000000000000000000000000000
c0a8234b0a000001005001bb06000000
c0a80a2c0a000001005001bb06000000
00000000000000000000000000000000
c0a81a240a000001005001bb06000000
c0a81b790a000001005001bb06000000
00000000000000000000000000000000
00000000000000000000000000000000
00000000000000000000000000000000
00000000000000000000000000000000
00000000000000000000000000000000
00000000000000000000000000000000
c0a818ba0a000001005001bb06000000
00000000000000000000000000000000
00000000000000000000000000000000
c0a8219c0a000001005001bb06000000
00000000000000000000000000000000
00000000000000000000000000000000
00000000000000000000000000000000
00000000000000000000000000000000
00000000000000000000000000000000
c0a821d60a000001005001bb06000000
00000000000000000000000000000000
00000000000000000000000000000000
00000000000000000000000000000000
c0a811840a000001005001bb06000000
c0a819880a000001005001bb06000000
00000000000000000000000000000000
00000000000000000000000000000000
00000000000000000000000000000000
c0a80deb0a000001005001bb06000000
00000000000000000000000000000000
00000000000000000000000000000000
c0a822430a000001005001bb06000000
00000000000000000000000000000000
00000000000000000000000000000000
c0a81d1d0a000001005001bb06000000
00000000000000000000000000000000
00000000000000000000000000000000
00000000000000000000000000000000
00000000000000000000000000000000
00000000000000000000000000000000
00000000000000000000000000000000
00000000000000000000000000000000
c0a826640a000001005001bb06000000
00000000000000000000000000000000
00000000000000000000000000000000
00000000000000000000000000000000
00000000000000000000000000000000
c0a822bf0a000001005001bb06000000
00000000000000000000000000000000
c0a826a60a000001005001bb06000000
00000000000000000000000000000000
c0a81aed0a000001005001bb06000000
00000000000000000000000000000000
c0a822850a000001005001bb06000000
00000000000000000000000000000000
00000000000000000000000000000000
00000000000000000000000000000000
00000000000000000000000000000000
00000000000000000000000000000000
00000000000000000000000000000000
c0a826e00a000001005001bb06000000
00000000000000000000000000000000
00000000000000000000000000000000
00000000000000000000000000000000
c0a819460a000001005001bb06000000
00000000000000000000000000000000
c0a8094e0a000001005001bb06000000
c0a8215a0a000001005001bb06000000
00000000000000000000000000000000
00000000000000000000000000000000
00000000000000000000000000000000
c0a8257b0a000001005001bb06000000
c0a80bfc0a000001005001bb06000000
00000000000000000000000000000000
00000000000000000000000000000000
00000000000000000000000000000000
00000000000000000000000000000000
00000000000000000000000000000000
00000000000000000000000000000000
00000000000000000000000000000000
00000000000000000000000000000000
00000000000000000000000000000000
00000000000000000000000000000000
00000000000000000000000000000000
00000000000000000000000000000000
c0a818790a000001005001bb06000000
00000000000000000000000000000000
00000000000000000000000000000000
c0a8204f0a000001005001bb06000000
00000000000000000000000000000000
00000000000000000000000000000000
c0a808430a000001005001bb06000000
00000000000000000000000000000000
c0a8183b0a000001005001bb06000000
00000000000000000000000000000000
00000000000000000000000000000000
00000000000000000000000000000000
00000000000000000000000000000000
00000000000000000000000000000000
c0a81f950a000001005001bb06000000
00000000000000000000000000000000
00000000000000000000000000000000
00000000000000000000000000000000
c0a81bf60a000001005001bb06000000
00000000000000000000000000000000
00000000000000000000000000000000
c0a80bc00a000001005001bb06000000
00000000000000000000000000000000
c0a81fdb0a000001005001bb06000000
00000000000000000000000000000000
00000000000000000000000000000000
00000000000000000000000000000000
00000000000000000000000000000000
00000000000000000000000000000000
00000000000000000000000000000000
00000000000000000000000000000000
00000000000000000000000000000000
00000000000000000000000000000000
c0a81a270a000001005001bb06000000
00000000000000000000000000000000
00000000000000000000000000000000
c0a8223b0a000001005001bb06000000
00000000000000000000000000000000
c0a823480a000001005001bb06000000
c0a8261c0a000001005001bb06000000
00000000000000000000000000000000
00000000000000000000000000000000
c0a814de0a000001005001bb06000000
00000000000000000000000000000000
c0a824f60a000001005001bb06000000
00000000000000000000000000000000
00000000000000000000000000000000
00000000000000000000000000000000
00000000000000000000000000000000
00000000000000000000000000000000
00000000000000000000000000000000
c0a820d30a000001005001bb06000000
00000000000000000000000000000000
00000000000000000000000000000000
c0a818bf0a000001005001bb06000000
00000000000000000000000000000000
00000000000000000000000000000000
00000000000000000000000000000000
00000000000000000000000000000000
00000000000000000000000000000000
00000000000000000000000000000000
00000000000000000000000000000000
00000000000000000000000000000000
00000000000000000000000000000000
00000000000000000000000000000000
c0a8151c0a000001005001bb06000000
c0a80d280a000001005001bb06000000
00000000000000000000000000000000
c0a81a6a0a000001005001bb06000000
00000000000000000000000000000000
00000000000000000000000000000000
c0a825340a000001005001bb06000000
00000000000000000000000000000000
00000000000000000000000000000000
c0a815e60a000001005001bb06000000
00000000000000000000000000000000
00000000000000000000000000000000
c0a819810a000001005001bb06000000
00000000000000000000000000000000
00000000000000000000000000000000
00000000000000000000000000000000
00000000000000000000000000000000
00000000000000000000000000000000
c0a821db0a000001005001bb06000000
00000000000000000000000000000000
c0a811c30a000001005001bb06000000
00000000000000000000000000000000
c0a825b80a000001005001bb06000000
00000000000000000000000000000000
00000000000000000000000000000000
00000000000000000000000000000000
00000000000000000000000000000000
00000000000000000000000000000000
00000000000000000000000000000000
c0a8257a0a000001005001bb06000000
00000000000000000000000000000000
00000000000000000000000000000000
00000000000000000000000000000000
00000000000000000000000000000000
c0a821570a000001005001bb06000000
00000000000000000000000000000000
00000000000000000000000000000000
00000000000000000000000000000000
00000000000000000000000000000000
00000000000000000000000000000000
00000000000000000000000000000000
00000000000000000000000000000000
00000000000000000000000000000000
00000000000000000000000000000000
00000000000000000000000000000000
c0a8227e0a000001005001bb06000000
00000000000000000000000000000000
00000000000000000000000000000000
00000000000000000000000000000000
c0a81aee0a000001005001bb06000000
00000000000000000000000000000000
c0a822c40a000001005001bb06000000
00000000000000000000000000000000
00000000000000000000000000000000
c0a81ed30a000001005001bb06000000
00000000000000000000000000000000
00000000000000000000000000000000
00000000000000000000000000000000
00000000000000000000000000000000
00000000000000000000000000000000
00000000000000000000000000000000
00000000000000000000000000000000
00000000000000000000000000000000
00000000000000000000000000000000
c0a808440a000001005001bb06000000
00000000000000000000000000000000
c0a8183c0a000001005001bb06000000
00000000000000000000000000000000
00000000000000000000000000000000
00000000000000000000000000000000
00000000000000000000000000000000
00000000000000000000000000000000
00000000000000000000000000000000
c0a81f940a000001005001bb06000000
00000000000000000000000000000000
00000000000000000000000000000000
00000000000000000000000000000000
00000000000000000000000000000000
00000000000000000000000000000000
00000000000000000000000000000000
c0a80bc10a000001005001bb06000000
00000000000000000000000000000000
c0a81fda0a000001005001bb06000000
00000000000000000000000000000000
00000000000000000000000000000000
c0a81bf70a000001005001bb06000000
00000000000000000000000000000000
00000000000000000000000000000000
00000000000000000000000000000000
00000000000000000000000000000000
00000000000000000000000000000000
00000000000000000000000000000000
00000000000000000000000000000000
00000000000000000000000000000000
00000000000000000000000000000000
c0a8223a0a000001005001bb06000000
00000000000000000000000000000000
c0a823490a000001005001bb06000000
c0a8261d0a000001005001bb06000000
00000000000000000000000000000000
c0a81a260a000001005001bb06000000
00000000000000000000000000000000
c0a825fc0a000001005001bb06000000
c0a824f50a000001005001bb06000000
00000000000000000000000000000000
00000000000000000000000000000000
00000000000000000000000000000000
00000000000000000000000000000000
c0a80ce90a000001005001bb06000000
00000000000000000000000000000000
00000000000000000000000000000000
00000000000000000000000000000000
00000000000000000000000000000000
c0a824af0a000001005001bb06000000
00000000000000000000000000000000
c0a820d40a000001005001bb06000000
00000000000000000000000000000000
00000000000000000000000000000000
00000000000000000000000000000000
00000000000000000000000000000000
c0a818fe0a000001005001bb06000000
00000000000000000000000000000000
00000000000000000000000000000000
c0a821120a000001005001bb06000000
00000000000000000000000000000000
c0a826620a000001005001bb06000000
00000000000000000000000000000000
00000000000000000000000000000000
00000000000000000000000000000000
00000000000000000000000000000000
c0a81e4e0a000001005001bb06000000
00000000000000000000000000000000
00000000000000000000000000000000
00000000000000000000000000000000
00000000000000000000000000000000
00000000000000000000000000000000
00000000000000000000000000000000
00000000000000000000000000000000
00000000000000000000000000000000
00000000000000000000000000000000
00000000000000000000000000000000
c0a821960a000001005001bb06000000
00000000000000000000000000000000
00000000000000000000000000000000
00000000000000000000000000000000
c0a825b70a000001005001bb06000000
00000000000000000000000000000000
00000000000000000000000000000000
c0a809d00a000001005001bb06000000
00000000000000000000000000000000
00000000000000000000000000000000
00000000000000000000000000000000
c0a81c170a000001005001bb06000000
c0a825790a000001005001bb06000000
00000000000000000000000000000000
00000000000000000000000000000000
00000000000000000000000000000000
00000000000000000000000000000000
00000000000000000000000000000000
c0a811400a000001005001bb06000000
00000000000000000000000000000000
c0a801480a000001005001bb06000000
00000000000000000000000000000000
00000000000000000000000000000000
00000000000000000000000000000000
c0a821580a000001005001bb06000000
00000000000000000000000000000000
00000000000000000000000000000000
00000000000000000000000000000000
c0a8227f0a000001005001bb06000000
00000000000000000000000000000000
c0a826e60a000001005001bb06000000
00000000000000000000000000000000
00000000000000000000000000000000
00000000000000000000000000000000
c0a822c50a000001005001bb06000000
00000000000000000000000000000000
00000000000000000000000000000000
c0a81ed20a000001005001bb06000000
00000000000000000000000000000000
00000000000000000000000000000000
c0a81aef0a000001005001bb06000000
c0a826a00a000001005001bb06000000
00000000000000000000000000000000
00000000000000000000000000000000
00000000000000000000000000000000
c0a8204d0a000001005001bb06000000
00000000000000000000000000000000
00000000000000000000000000000000
00000000000000000000000000000000
00000000000000000000000000000000
00000000000000000000000000000000
c0a813b20a000001005001bb06000000
c0a81bb60a000001005001bb06000000
00000000000000000000000000000000
00000000000000000000000000000000
00000000000000000000000000000000
00000000000000000000000000000000
00000000000000000000000000000000
00000000000000000000000000000000
00000000000000000000000000000000
00000000000000000000000000000000
c0a81bf80a000001005001bb06000000
00000000000000000000000000000000
00000000000000000000000000000000
00000000000000000000000000000000
c0a81fd90a000001005001bb06000000
c0a818390a000001005001bb06000000
00000000000000000000000000000000
00000000000000000000000000000000
00000000000000000000000000000000
00000000000000000000000000000000
00000000000000000000000000000000
c0a81f970a000001005001bb06000000
00000000000000000000000000000000
00000000000000000000000000000000
c0a812250a000001005001bb06000000
00000000000000000000000000000000
00000000000000000000000000000000
00000000000000000000000000000000
00000000000000000000000000000000
00000000000000000000000000000000
c0a823460a000001005001bb06000000
00000000000000000000000000000000
00000000000000000000000000000000
00000000000000000000000000000000
00000000000000000000000000000000
00000000000000000000000000000000
00000000000000000000000000000000
00000000000000000000000000000000
00000000000000000000000000000000
00000000000000000000000000000000
00000000000000000000000000000000
00000000000000000000000000000000
c0a820d10a000001005001bb06000000
00000000000000000000000000000000
00000000000000000000000000000000
00000000000000000000000000000000
00000000000000000000000000000000
00000000000000000000000000000000
c0a80ce80a000001005001bb06000000
00000000000000000000000000000000
c0a8223d0a000001005001bb06000000
c0a824f40a000001005001bb06000000
00000000000000000000000000000000
00000000000000000000000000000000
00000000000000000000000000000000
00000000000000000000000000000000
c0a8151e0a000001005001bb06000000
c0a80d2a0a000001005001bb06000000
c0a81a6c0a000001005001bb06000000
00000000000000000000000000000000
00000000000000000000000000000000
00000000000000000000000000000000
c0a8223e0a000001005001bb06000000
00000000000000000000000000000000
00000000000000000000000000000000
00000000000000000000000000000000
00000000000000000000000000000000
00000000000000000000000000000000
c0a818ff0a000001005001bb06000000
00000000000000000000000000000000
00000000000000000000000000000000
00000000000000000000000000000000
00000000000000000000000000000000
00000000000000000000000000000000
c0a821d90a000001005001bb06000000
00000000000000000000000000000000
c0a811c10a000001005001bb06000000
00000000000000000000000000000000
c0a825ba0a000001005001bb06000000
00000000000000000000000000000000
00000000000000000000000000000000
c0a815e40a000001005001bb06000000
c0a8022e0a000001005001bb06000000
c0a81a2a0a000001005001bb06000000
c0a812260a000001005001bb06000000
00000000000000000000000000000000
00000000000000000000000000000000
00000000000000000000000000000000
00000000000000000000000000000000
00000000000000000000000000000000
c0a821550a000001005001bb06000000
00000000000000000000000000000000
00000000000000000000000000000000
00000000000000000000000000000000
00000000000000000000000000000000
00000000000000000000000000000000
00000000000000000000000000000000
c0a81aae0a000001005001bb06000000
00000000000000000000000000000000
00000000000000000000000000000000
00000000000000000000000000000000
c0a825780a000001005001bb06000000
00000000000000000000000000000000
00000000000000000000000000000000
00000000000000000000000000000000
c0a812ec0a000001005001bb06000000
00000000000000000000000000000000
00000000000000000000000000000000
00000000000000000000000000000000
00000000000000000000000000000000
c0a81ed10a000001005001bb06000000
00000000000000000000000000000000
00000000000000000000000000000000
00000000000000000000000000000000
00000000000000000000000000000000
00000000000000000000000000000000
00000000000000000000000000000000
00000000000000000000000000000000
c0a822800a000001005001bb06000000
00000000000000000000000000000000
00000000000000000000000000000000
c0a808420a000001005001bb06000000
00000000000000000000000000000000
00000000000000000000000000000000
00000000000000000000000000000000
00000000000000000000000000000000
c0a8204e0a000001005001bb06000000
00000000000000000000000000000000
00000000000000000000000000000000
00000000000000000000000000000000
c0a823050a000001005001bb06000000
00000000000000000000000000000000
c0a813b30a000001005001bb06000000
c0a81bb70a000001005001bb06000000
00000000000000000000000000000000
00000000000000000000000000000000
00000000000000000000000000000000
00000000000000000000000000000000
c0a81fd80a000001005001bb06000000
00000000000000000000000000000000
00000000000000000000000000000000
00000000000000000000000000000000
c0a81bf90a000001005001bb06000000
00000000000000000000000000000000
00000000000000000000000000000000
c0a81f960a000001005001bb06000000
00000000000000000000000000000000
c0a8183a0a000001005001bb06000000
00000000000000000000000000000000
00000000000000000000000000000000
00000000000000000000000000000000
00000000000000000000000000000000
00000000000000000000000000000000
00000000000000000000000000000000
c0a823470a000001005001bb06000000
00000000000000000000000000000000
c0a812240a000001005001bb06000000
00000000000000000000000000000000
00000000000000000000000000000000
00000000000000000000000000000000
00000000000000000000000000000000
00000000000000000000000000000000
00000000000000000000000000000000
00000000000000000000000000000000
00000000000000000000000000000000
00000000000000000000000000000000
00000000000000000000000000000000
00000000000000000000000000000000
00000000000000000000000000000000
c0a818be0a000001005001bb06000000
00000000000000000000000000000000
00000000000000000000000000000000
00000000000000000000000000000000
00000000000000000000000000000000
c0a820d20a000001005001bb06000000
00000000000000000000000000000000
00000000000000000000000000000000
00000000000000000000000000000000
00000000000000000000000000000000
00000000000000000000000000000000
00000000000000000000000000000000
00000000000000000000000000000000
c0a8223c0a000001005001bb06000000
00000000000000000000000000000000
00000000000000000000000000000000
00000000000000000000000000000000
c0a8223f0a000001005001bb06000000
00000000000000000000000000000000
00000000000000000000000000000000
00000000000000000000000000000000
00000000000000000000000000000000
c0a819000a000001005001bb06000000
00000000000000000000000000000000
00000000000000000000000000000000
00000000000000000000000000000000
00000000000000000000000000000000
00000000000000000000000000000000
c0a826600a000001005001bb06000000
c0a821140a000001005001bb06000000
00000000000000000000000000000000
00000000000000000000000000000000
c0a819c60a000001005001bb06000000
00000000000000000000000000000000
00000000000000000000000000000000
00000000000000000000000000000000
00000000000000000000000000000000
c0a821da0a000001005001bb06000000
c0a81a2b0a000001005001bb06000000
c0a812270a000001005001bb06000000
00000000000000000000000000000000
c0a825fb0a000001005001bb06000000
00000000000000000000000000000000
00000000000000000000000000000000
c0a81de70a000001005001bb06000000
c0a821980a000001005001bb06000000
00000000000000000000000000000000
00000000000000000000000000000000
00000000000000000000000000000000
c0a801460a000001005001bb06000000
00000000000000000000000000000000
00000000000000000000000000000000
00000000000000000000000000000000
c0a821560a000001005001bb06000000
00000000000000000000000000000000
00000000000000000000000000000000
c0a808000a000001005001bb06000000
c0a825770a000001005001bb06000000
00000000000000000000000000000000
c0a8155f0a000001005001bb06000000
c0a81aaf0a000001005001bb06000000
c0a8200c0a000001005001bb06000000
00000000000000000000000000000000
00000000000000000000000000000000
00000000000000000000000000000000
c0a81ed00a000001005001bb06000000
00000000000000000000000000000000
00000000000000000000000000000000
c0a812ed0a000001005001bb06000000
c0a826a20a000001005001bb06000000
00000000000000000000000000000000
00000000000000000000000000000000
c0a81e8e0a000001005001bb06000000
00000000000000000000000000000000
c0a826e40a000001005001bb06000000
00000000000000000000000000000000
00000000000000000000000000000000
00000000000000000000000000000000
00000000000000000000000000000000
c0a820990a000001005001bb06000000
00000000000000000000000000000000
00000000000000000000000000000000
00000000000000000000000000000000
c0a824fa0a000001005001bb06000000
00000000000000000000000000000000
00000000000000000000000000000000
c0a820d70a000001005001bb06000000
00000000000000000000000000000000
c0a8247e0a000001005001bb06000000
00000000000000000000000000000000
00000000000000000000000000000000
00000000000000000000000000000000
00000000000000000000000000000000
00000000000000000000000000000000
00000000000000000000000000000000
00000000000000000000000000000000
00000000000000000000000000000000
00000000000000000000000000000000
c0a81a1b0a000001005001bb06000000
00000000000000000000000000000000
00000000000000000000000000000000
00000000000000000000000000000000
00000000000000000000000000000000
c0a81b6e0a000001005001bb06000000
00000000000000000000000000000000
00000000000000000000000000000000
00000000000000000000000000000000
00000000000000000000000000000000
00000000000000000000000000000000
c0a823440a000001005001bb06000000
00000000000000000000000000000000
00000000000000000000000000000000
00000000000000000000000000000000
00000000000000000000000000000000
00000000000000000000000000000000
c0a81f910a000001005001bb06000000
00000000000000000000000000000000
00000000000000000000000000000000
00000000000000000000000000000000
00000000000000000000000000000000
00000000000000000000000000000000
00000000000000000000000000000000
00000000000000000000000000000000
00000000000000000000000000000000
c0a813e60a000001005001bb06000000
c0a81bea0a000001005001bb06000000
00000000000000000000000000000000
c0a814660a000001005001bb06000000
00000000000000000000000000000000
00000000000000000000000000000000
00000000000000000000000000000000
00000000000000000000000000000000
00000000000000000000000000000000
c0a81f150a000001005001bb06000000
c0a8205b0a000001005001bb06000000
00000000000000000000000000000000
00000000000000000000000000000000
00000000000000000000000000000000
00000000000000000000000000000000
c0a818470a000001005001bb06000000
00000000000000000000000000000000
00000000000000000000000000000000
00000000000000000000000000000000
00000000000000000000000000000000
00000000000000000000000000000000
00000000000000000000000000000000
00000000000000000000000000000000
c0a8228a0a000001005001bb06000000
00000000000000000000000000000000
00000000000000000000000000000000
00000000000000000000000000000000
00000000000000000000000000000000
c0a812ee0a000001005001bb06000000
00000000000000000000000000000000
00000000000000000000000000000000
c0a822c80a000001005001bb06000000
c0a826ad0a000001005001bb06000000
00000000000000000000000000000000
c0a81ab40a000001005001bb06000000
c0a8155e0a000001005001bb06000000
00000000000000000000000000000000
c0a812b00a000001005001bb06000000
00000000000000000000000000000000
00000000000000000000000000000000
00000000000000000000000000000000
c0a823fd0a000001005001bb06000000
00000000000000000000000000000000
00000000000000000000000000000000
c0a824200a000001005001bb06000000
00000000000000000000000000000000
00000000000000000000000000000000
00000000000000000000000000000000
00000000000000000000000000000000
00000000000000000000000000000000
c0a81a380a000001005001bb06000000
00000000000000000000000000000000
00000000000000000000000000000000
00000000000000000000000000000000
00000000000000000000000000000000
00000000000000000000000000000000
00000000000000000000000000000000
00000000000000000000000000000000
00000000000000000000000000000000
00000000000000000000000000000000
00000000000000000000000000000000
c0a819f90a000001005001bb06000000
00000000000000000000000000000000
00000000000000000000000000000000
c0a825b40a000001005001bb06000000
00000000000000000000000000000000
00000000000000000000000000000000
00000000000000000000000000000000
00000000000000000000000000000000
c0a821150a000001005001bb06000000
c0a819010a000001005001bb06000000
00000000000000000000000000000000
00000000000000000000000000000000
c0a8266f0a000001005001bb06000000
00000000000000000000000000000000
c0a81a760a000001005001bb06000000
c0a812720a000001005001bb06000000
c0a81d240a000001005001bb06000000
c0a81e5b0a000001005001bb06000000
00000000000000000000000000000000
c0a80a400a000001005001bb06000000
00000000000000000000000000000000
c0a818860a000001005001bb06000000
c0a824f90a000001005001bb06000000
00000000000000000000000000000000
c0a810820a000001005001bb06000000
c0a81ce50a000001005001bb06000000
c0a8209a0a000001005001bb06000000
00000000000000000000000000000000
00000000000000000000000000000000
00000000000000000000000000000000
00000000000000000000000000000000
c0a80caf0a000001005001bb06000000
c0a810c00a000001005001bb06000000
00000000000000000000000000000000
c0a820d80a000001005001bb06000000
00000000000000000000000000000000
00000000000000000000000000000000
c0a81a1a0a000001005001bb06000000
c0a812160a000001005001bb06000000
00000000000000000000000000000000
00000000000000000000000000000000
00000000000000000000000000000000
00000000000000000000000000000000
00000000000000000000000000000000
00000000000000000000000000000000
00000000000000000000000000000000
00000000000000000000000000000000
00000000000000000000000000000000
c0a8222e0a000001005001bb06000000
00000000000000000000000000000000
c0a81b6f0a000001005001bb06000000
00000000000000000000000000000000
00000000000000000000000000000000
00000000000000000000000000000000
c0a81f900a000001005001bb06000000
00000000000000000000000000000000
00000000000000000000000000000000
00000000000000000000000000000000
00000000000000000000000000000000
00000000000000000000000000000000
00000000000000000000000000000000
00000000000000000000000000000000
00000000000000000000000000000000
c0a813e70a000001005001bb06000000
c0a81beb0a000001005001bb06000000
00000000000000000000000000000000
00000000000000000000000000000000
00000000000000000000000000000000
00000000000000000000000000000000
00000000000000000000000000000000
00000000000000000000000000000000
00000000000000000000000000000000
c0a81f140a000001005001bb06000000
00000000000000000000000000000000
00000000000000000000000000000000
00000000000000000000000000000000
00000000000000000000000000000000
00000000000000000000000000000000
00000000000000000000000000000000
00000000000000000000000000000000
00000000000000000000000000000000
00000000000000000000000000000000
00000000000000000000000000000000
00000000000000000000000000000000
00000000000000000000000000000000
00000000000000000000000000000000
c0a8228b0a000001005001bb06000000
00000000000000000000000000000000
00000000000000000000000000000000
00000000000000000000000000000000
c0a826ea0a000001005001bb06000000
00000000000000000000000000000000
00000000000000000000000000000000
c0a81ed60a000001005001bb06000000
c0a822c90a000001005001bb06000000
c0a826ac0a000001005001bb06000000
c0a816d20a000001005001bb06000000
00000000000000000000000000000000
00000000000000000000000000000000
00000000000000000000000000000000
00000000000000000000000000000000
00000000000000000000000000000000
00000000000000000000000000000000
00000000000000000000000000000000
c0a823fe0a000001005001bb06000000
00000000000000000000000000000000
00000000000000000000000000000000
00000000000000000000000000000000
00000000000000000000000000000000
00000000000000000000000000000000
00000000000000000000000000000000
00000000000000000000000000000000
00000000000000000000000000000000
00000000000000000000000000000000
00000000000000000000000000000000
00000000000000000000000000000000
c0a821540a000001005001bb06000000
c0a8197e0a000001005001bb06000000
c0a825f10a000001005001bb06000000
00000000000000000000000000000000
00000000000000000000000000000000
c0a81a390a000001005001bb06000000
c0a805e10a000001005001bb06000000
00000000000000000000000000000000
00000000000000000000000000000000
c0a819bc0a000001005001bb06000000
00000000000000000000000000000000
00000000000000000000000000000000
00000000000000000000000000000000
00000000000000000000000000000000
c0a821d00a000001005001bb06000000
00000000000000000000000000000000
c0a819fa0a000001005001bb06000000
c0a819020a000001005001bb06000000
00000000000000000000000000000000
00000000000000000000000000000000
c0a8266e0a000001005001bb06000000
00000000000000000000000000000000
00000000000000000000000000000000
00000000000000000000000000000000
c0a821160a000001005001bb06000000
00000000000000000000000000000000
00000000000000000000000000000000
c0a80a410a000001005001bb06000000
c0a825370a000001005001bb06000000
00000000000000000000000000000000
c0a8151f0a000001005001bb06000000
c0a80d2b0a000001005001bb06000000
c0a8224d0a000001005001bb06000000
c0a820d50a000001005001bb06000000
00000000000000000000000000000000
00000000000000000000000000000000
00000000000000000000000000000000
00000000000000000000000000000000
00000000000000000000000000000000
00000000000000000000000000000000
00000000000000000000000000000000
c0a81ce40a000001005001bb06000000
c0a8209b0a000001005001bb06000000
00000000000000000000000000000000
00000000000000000000000000000000
c0a818870a000001005001bb06000000
c0a824f80a000001005001bb06000000
00000000000000000000000000000000
c0a810830a000001005001bb06000000
c0a81b700a000001005001bb06000000
00000000000000000000000000000000
00000000000000000000000000000000
c0a81a1d0a000001005001bb06000000
c0a81f510a000001005001bb06000000
00000000000000000000000000000000
00000000000000000000000000000000
00000000000000000000000000000000
00000000000000000000000000000000
00000000000000000000000000000000
c0a824be0a000001005001bb06000000
00000000000000000000000000000000
00000000000000000000000000000000
00000000000000000000000000000000
c0a806020a000001005001bb06000000
c0a801fe0a000001005001bb06000000
c0a81bec0a000001005001bb06000000
00000000000000000000000000000000
00000000000000000000000000000000
00000000000000000000000000000000
c0a823be0a000001005001bb06000000
00000000000000000000000000000000
00000000000000000000000000000000
00000000000000000000000000000000
00000000000000000000000000000000
00000000000000000000000000000000
00000000000000000000000000000000
00000000000000000000000000000000
00000000000000000000000000000000
00000000000000000000000000000000
c0a823840a000001005001bb06000000
00000000000000000000000000000000
00000000000000000000000000000000
00000000000000000000000000000000
00000000000000000000000000000000
00000000000000000000000000000000
00000000000000000000000000000000
00000000000000000000000000000000
c0a810410a000001005001bb06000000
00000000000000000000000000000000
00000000000000000000000000000000
00000000000000000000000000000000
00000000000000000000000000000000
00000000000000000000000000000000
00000000000000000000000000000000
00000000000000000000000000000000
00000000000000000000000000000000
c0a81baa0a000001005001bb06000000
00000000000000000000000000000000
00000000000000000000000000000000
00000000000000000000000000000000
00000000000000000000000000000000
c0a822c60a000001005001bb06000000
00000000000000000000000000000000
c0a826af0a000001005001bb06000000
00000000000000000000000000000000
00000000000000000000000000000000
00000000000000000000000000000000
00000000000000000000000000000000
00000000000000000000000000000000
00000000000000000000000000000000
00000000000000000000000000000000
00000000000000000000000000000000
00000000000000000000000000000000
00000000000000000000000000000000
00000000000000000000000000000000
c0a824220a000001005001bb06000000
00000000000000000000000000000000
00000000000000000000000000000000
00000000000000000000000000000000
00000000000000000000000000000000
c0a809450a000001005001bb06000000
00000000000000000000000000000000
c0a8155c0a000001005001bb06000000
00000000000000000000000000000000
00000000000000000000000000000000
00000000000000000000000000000000
00000000000000000000000000000000
00000000000000000000000000000000
c0a823ff0a000001005001bb06000000
00000000000000000000000000000000
00000000000000000000000000000000
00000000000000000000000000000000
c0a819fb0a000001005001bb06000000
00000000000000000000000000000000
00000000000000000000000000000000
c0a825b60a000001005001bb06000000
c0a815d80a000001005001bb06000000
00000000000000000000000000000000
c0a81a360a000001005001bb06000000
00000000000000000000000000000000
00000000000000000000000000000000
00000000000000000000000000000000
00000000000000000000000000000000
00000000000000000000000000000000
00000000000000000000000000000000
00000000000000000000000000000000
00000000000000000000000000000000
00000000000000000000000000000000
c0a81d260a000001005001bb06000000
c0a8224a0a000001005001bb06000000
00000000000000000000000000000000
c0a8253a0a000001005001bb06000000
00000000000000000000000000000000
00000000000000000000000000000000
00000000000000000000000000000000
00000000000000000000000000000000
c0a821170a000001005001bb06000000
c0a819030a000001005001bb06000000
00000000000000000000000000000000
00000000000000000000000000000000
c0a8266d0a000001005001bb06000000
00000000000000000000000000000000
00000000000000000000000000000000
c0a8209c0a000001005001bb06000000
00000000000000000000000000000000
c0a820d60a000001005001bb06000000
00000000000000000000000000000000
00000000000000000000000000000000
00000000000000000000000000000000
c0a824f70a000001005001bb06000000
c0a818880a000001005001bb06000000
00000000000000000000000000000000
00000000000000000000000000000000
00000000000000000000000000000000
00000000000000000000000000000000
c0a814df0a000001005001bb06000000
00000000000000000000000000000000
c0a81f500a000001005001bb06000000
00000000000000000000000000000000
00000000000000000000000000000000
00000000000000000000000000000000
c0a81b710a000001005001bb06000000
00000000000000000000000000000000
00000000000000000000000000000000
c0a81a1c0a000001005001bb06000000
00000000000000000000000000000000
00000000000000000000000000000000
c0a806030a000001005001bb06000000
00000000000000000000000000000000
00000000000000000000000000000000
00000000000000000000000000000000
c0a826130a000001005001bb06000000
00000000000000000000000000000000
c0a823bf0a000001005001bb06000000
00000000000000000000000000000000
c0a80fd40a000001005001bb06000000
00000000000000000000000000000000
c0a81bed0a000001005001bb06000000
00000000000000000000000000000000
00000000000000000000000000000000
00000000000000000000000000000000
00000000000000000000000000000000
00000000000000000000000000000000
c0a823850a000001005001bb06000000
00000000000000000000000000000000
00000000000000000000000000000000
00000000000000000000000000000000
00000000000000000000000000000000
00000000000000000000000000000000
00000000000000000000000000000000
c0a818460a000001005001bb06000000
00000000000000000000000000000000
00000000000000000000000000000000
c0a8205a0a000001005001bb06000000
00000000000000000000000000000000
00000000000000000000000000000000
00000000000000000000000000000000
c0a8247b0a000001005001bb06000000
c0a80afd0a000001005001bb06000000
00000000000000000000000000000000
c0a81bab0a000001005001bb06000000
00000000000000000000000000000000
c0a81c670a000001005001bb06000000
00000000000000000000000000000000
00000000000000000000000000000000
c0a822c70a000001005001bb06000000
00000000000000000000000000000000
c0a826ae0a000001005001bb06000000
c0a816d00a000001005001bb06000000
00000000000000000000000000000000
00000000000000000000000000000000
00000000000000000000000000000000
00000000000000000000000000000000
c0a816960a000001005001bb06000000
c0a81e9a0a000001005001bb06000000
00000000000000000000000000000000
00000000000000000000000000000000
00000000000000000000000000000000
c0a826e80a000001005001bb06000000
c0a80edc0a000001005001bb06000000
00000000000000000000000000000000
00000000000000000000000000000000
00000000000000000000000000000000
00000000000000000000000000000000
00000000000000000000000000000000
c0a821520a000001005001bb06000000
00000000000000000000000000000000
00000000000000000000000000000000
00000000000000000000000000000000
00000000000000000000000000000000
00000000000000000000000000000000
c0a820000a000001005001bb06000000
00000000000000000000000000000000
00000000000000000000000000000000
00000000000000000000000000000000
00000000000000000000000000000000
00000000000000000000000000000000
00000000000000000000000000000000
c0a809c20a000001005001bb06000000
00000000000000000000000000000000
c0a81ddb0a000001005001bb06000000
00000000000000000000000000000000
00000000000000000000000000000000
00000000000000000000000000000000
00000000000000000000000000000000
c0a825ef0a000001005001bb06000000
c0a819800a000001005001bb06000000
00000000000000000000000000000000
00000000000000000000000000000000
00000000000000000000000000000000
c0a81a370a000001005001bb06000000
c0a821940a000001005001bb06000000
00000000000000000000000000000000
c0a81e580a000001005001bb06000000
00000000000000000000000000000000
c0a825390a000001005001bb06000000
00000000000000000000000000000000
c0a81a790a000001005001bb06000000
00000000000000000000000000000000
00000000000000000000000000000000
c0a81d250a000001005001bb06000000
00000000000000000000000000000000
00000000000000000000000000000000
00000000000000000000000000000000
c0a8266c0a000001005001bb06000000
00000000000000000000000000000000
00000000000000000000000000000000
c0a821180a000001005001bb06000000
c0a819ba0a000001005001bb06000000
00000000000000000000000000000000
c0a826140a000001005001bb06000000
00000000000000000000000000000000
00000000000000000000000000000000
00000000000000000000000000000000
00000000000000000000000000000000
c0a81e000a000001005001bb06000000
c0a819fc0a000001005001bb06000000
00000000000000000000000000000000
00000000000000000000000000000000
00000000000000000000000000000000
c0a81a1f0a000001005001bb06000000
00000000000000000000000000000000
00000000000000000000000000000000
c0a81b6a0a000001005001bb06000000
00000000000000000000000000000000
c0a814e60a000001005001bb06000000
00000000000000000000000000000000
00000000000000000000000000000000
00000000000000000000000000000000
00000000000000000000000000000000
00000000000000000000000000000000
00000000000000000000000000000000
c0a818810a000001005001bb06000000
00000000000000000000000000000000
c0a820db0a000001005001bb06000000
00000000000000000000000000000000
00000000000000000000000000000000
c0a818c70a000001005001bb06000000
c0a824b80a000001005001bb06000000
c0a80cac0a000001005001bb06000000
00000000000000000000000000000000
00000000000000000000000000000000
c0a81bb00a000001005001bb06000000
00000000000000000000000000000000
00000000000000000000000000000000
c0a8247a0a000001005001bb06000000
00000000000000000000000000000000
c0a8230a0a000001005001bb06000000
00000000000000000000000000000000
00000000000000000000000000000000
00000000000000000000000000000000
00000000000000000000000000000000
00000000000000000000000000000000
00000000000000000000000000000000
00000000000000000000000000000000
00000000000000000000000000000000
00000000000000000000000000000000
00000000000000000000000000000000
00000000000000000000000000000000
00000000000000000000000000000000
00000000000000000000000000000000
c0a8237e0a000001005001bb06000000
00000000000000000000000000000000
00000000000000000000000000000000
00000000000000000000000000000000
00000000000000000000000000000000
00000000000000000000000000000000
00000000000000000000000000000000
00000000000000000000000000000000
00000000000000000000000000000000
c0a81fd30a000001005001bb06000000
c0a823c40a000001005001bb06000000
00000000000000000000000000000000
00000000000000000000000000000000
c0a81ab80a000001005001bb06000000
00000000000000000000000000000000
00000000000000000000000000000000
00000000000000000000000000000000
00000000000000000000000000000000
c0a820010a000001005001bb06000000
00000000000000000000000000000000
00000000000000000000000000000000
c0a8214f0a000001005001bb06000000
c0a819790a000001005001bb06000000
00000000000000000000000000000000
00000000000000000000000000000000
00000000000000000000000000000000
00000000000000000000000000000000
00000000000000000000000000000000
00000000000000000000000000000000
00000000000000000000000000000000
c0a8193b0a000001005001bb06000000
00000000000000000000000000000000
c0a81e950a000001005001bb06000000
00000000000000000000000000000000
c0a826ef0a000001005001bb06000000
00000000000000000000000000000000
00000000000000000000000000000000
00000000000000000000000000000000
00000000000000000000000000000000
00000000000000000000000000000000
00000000000000000000000000000000
c0a81edb0a000001005001bb06000000
00000000000000000000000000000000
c0a80ac00a000001005001bb06000000
00000000000000000000000000000000
00000000000000000000000000000000
c0a821190a000001005001bb06000000
00000000000000000000000000000000
00000000000000000000000000000000
00000000000000000000000000000000
00000000000000000000000000000000
00000000000000000000000000000000
00000000000000000000000000000000
c0a824fe0a000001005001bb06000000
00000000000000000000000000000000
c0a815240a000001005001bb06000000
c0a822480a000001005001bb06000000
00000000000000000000000000000000
00000000000000000000000000000000
00000000000000000000000000000000
c0a815de0a000001005001bb06000000
c0a8253c0a000001005001bb06000000
00000000000000000000000000000000
c0a80dea0a000001005001bb06000000
00000000000000000000000000000000
00000000000000000000000000000000
c0a825f60a000001005001bb06000000
00000000000000000000000000000000
00000000000000000000000000000000
c0a821d30a000001005001bb06000000
00000000000000000000000000000000
00000000000000000000000000000000
00000000000000000000000000000000
00000000000000000000000000000000
00000000000000000000000000000000
00000000000000000000000000000000
00000000000000000000000000000000
00000000000000000000000000000000
c0a81e010a000001005001bb06000000
00000000000000000000000000000000
00000000000000000000000000000000
c0a826150a000001005001bb06000000
00000000000000000000000000000000
00000000000000000000000000000000
00000000000000000000000000000000
00000000000000000000000000000000
c0a81b6b0a000001005001bb06000000
00000000000000000000000000000000
00000000000000000000000000000000
00000000000000000000000000000000
00000000000000000000000000000000
c0a81a1e0a000001005001bb06000000
00000000000000000000000000000000
00000000000000000000000000000000
00000000000000000000000000000000
00000000000000000000000000000000
c0a814e50a000001005001bb06000000
c0a81b2d0a000001005001bb06000000
00000000000000000000000000000000
00000000000000000000000000000000
00000000000000000000000000000000
00000000000000000000000000000000
00000000000000000000000000000000
00000000000000000000000000000000
00000000000000000000000000000000
00000000000000000000000000000000
00000000000000000000000000000000
c0a808d00a000001005001bb06000000
c0a824790a000001005001bb06000000
00000000000000000000000000000000
c0a8230b0a000001005001bb06000000
00000000000000000000000000000000
00000000000000000000000000000000
c0a81bb10a000001005001bb06000000
00000000000000000000000000000000
00000000000000000000000000000000
00000000000000000000000000000000
00000000000000000000000000000000
c0a810400a000001005001bb06000000
00000000000000000000000000000000
00000000000000000000000000000000
00000000000000000000000000000000
00000000000000000000000000000000
00000000000000000000000000000000
c0a8237f0a000001005001bb06000000
00000000000000000000000000000000
00000000000000000000000000000000
00000000000000000000000000000000
00000000000000000000000000000000
00000000000000000000000000000000
00000000000000000000000000000000
00000000000000000000000000000000
00000000000000000000000000000000
c0a81fd20a000001005001bb06000000
c0a823c50a000001005001bb06000000
00000000000000000000000000000000
00000000000000000000000000000000
00000000000000000000000000000000
00000000000000000000000000000000
00000000000000000000000000000000
00000000000000000000000000000000
00000000000000000000000000000000
00000000000000000000000000000000
00000000000000000000000000000000
00000000000000000000000000000000
c0a81d5d0a000001005001bb06000000
00000000000000000000000000000000
00000000000000000000000000000000
00000000000000000000000000000000
00000000000000000000000000000000
00000000000000000000000000000000
00000000000000000000000000000000
00000000000000000000000000000000
00000000000000000000000000000000
00000000000000000000000000000000
00000000000000000000000000000000
c0a81e940a000001005001bb06000000
00000000000000000000000000000000
c0a826ee0a000001005001bb06000000
00000000000000000000000000000000
00000000000000000000000000000000
00000000000000000000000000000000
00000000000000000000000000000000
00000000000000000000000000000000
00000000000000000000000000000000
c0a81eda0a000001005001bb06000000
00000000000000000000000000000000
00000000000000000000000000000000
00000000000000000000000000000000
c0a826a80a000001005001bb06000000
00000000000000000000000000000000
00000000000000000000000000000000
00000000000000000000000000000000
00000000000000000000000000000000
00000000000000000000000000000000
00000000000000000000000000000000
c0a8266a0a000001005001bb06000000
c0a8090e0a000001005001bb06000000
c0a8211a0a000001005001bb06000000
c0a80e5e0a000001005001bb06000000
c0a822490a000001005001bb06000000
c0a80d2f0a000001005001bb06000000
c0a816520a000001005001bb06000000
00000000000000000000000000000000
00000000000000000000000000000000
00000000000000000000000000000000
00000000000000000000000000000000
c0a81d270a000001005001bb06000000
00000000000000000000000000000000
00000000000000000000000000000000
00000000000000000000000000000000
00000000000000000000000000000000
c0a8218e0a000001005001bb06000000
00000000000000000000000000000000
00000000000000000000000000000000
00000000000000000000000000000000
c0a825af0a000001005001bb06000000
00000000000000000000000000000000
00000000000000000000000000000000
00000000000000000000000000000000
00000000000000000000000000000000
00000000000000000000000000000000
c0a821d40a000001005001bb06000000
00000000000000000000000000000000
c0a80a290a000001005001bb06000000
00000000000000000000000000000000
00000000000000000000000000000000
c0a8121d0a000001005001bb06000000
00000000000000000000000000000000
c0a822350a000001005001bb06000000
00000000000000000000000000000000
00000000000000000000000000000000
00000000000000000000000000000000
00000000000000000000000000000000
00000000000000000000000000000000
00000000000000000000000000000000
00000000000000000000000000000000
00000000000000000000000000000000
c0a81e020a000001005001bb06000000
c0a819fe0a000001005001bb06000000
00000000000000000000000000000000
c0a820d90a000001005001bb06000000
00000000000000000000000000000000
00000000000000000000000000000000
00000000000000000000000000000000
00000000000000000000000000000000
c0a80cae0a000001005001bb06000000
c0a810c10a000001005001bb06000000
c0a814e40a000001005001bb06000000
00000000000000000000000000000000
00000000000000000000000000000000
00000000000000000000000000000000
00000000000000000000000000000000
00000000000000000000000000000000
c0a81b2a0a000001005001bb06000000
c0a813260a000001005001bb06000000
00000000000000000000000000000000
c0a820550a000001005001bb06000000
00000000000000000000000000000000
00000000000000000000000000000000
00000000000000000000000000000000
00000000000000000000000000000000
00000000000000000000000000000000
00000000000000000000000000000000
c0a81bae0a000001005001bb06000000
c0a8230c0a000001005001bb06000000
00000000000000000000000000000000
00000000000000000000000000000000
c0a80b000a000001005001bb06000000
00000000000000000000000000000000
00000000000000000000000000000000
00000000000000000000000000000000
c0a813ec0a000001005001bb06000000
00000000000000000000000000000000
00000000000000000000000000000000
00000000000000000000000000000000
00000000000000000000000000000000
c0a81fd10a000001005001bb06000000
00000000000000000000000000000000
00000000000000000000000000000000
00000000000000000000000000000000
00000000000000000000000000000000
00000000000000000000000000000000
00000000000000000000000000000000
00000000000000000000000000000000
00000000000000000000000000000000
00000000000000000000000000000000
00000000000000000000000000000000
00000000000000000000000000000000
c0a8214d0a000001005001bb06000000
c0a8197b0a000001005001bb06000000
00000000000000000000000000000000
c0a809410a000001005001bb06000000
00000000000000000000000000000000
00000000000000000000000000000000
00000000000000000000000000000000
c0a81ab60a000001005001bb06000000
00000000000000000000000000000000
00000000000000000000000000000000
c0a812b20a000001005001bb06000000
00000000000000000000000000000000
00000000000000000000000000000000
c0a820030a000001005001bb06000000
00000000000000000000000000000000
00000000000000000000000000000000
c0a81af80a000001005001bb06000000
00000000000000000000000000000000
00000000000000000000000000000000
00000000000000000000000000000000
c0a81ed90a000001005001bb06000000
00000000000000000000000000000000
00000000000000000000000000000000
00000000000000000000000000000000
00000000000000000000000000000000
c0a819390a000001005001bb06000000
00000000000000000000000000000000
c0a81e970a000001005001bb06000000
c0a822880a000001005001bb06000000
c0a826ed0a000001005001bb06000000
00000000000000000000000000000000
00000000000000000000000000000000
c0a81a740a000001005001bb06000000
c0a812700a000001005001bb06000000
c0a815260a000001005001bb06000000
00000000000000000000000000000000
c0a822460a000001005001bb06000000
00000000000000000000000000000000
00000000000000000000000000000000
00000000000000000000000000000000
00000000000000000000000000000000
c0a8211b0a000001005001bb06000000
00000000000000000000000000000000
00000000000000000000000000000000
00000000000000000000000000000000
00000000000000000000000000000000
00000000000000000000000000000000
00000000000000000000000000000000
c0a821d10a000001005001bb06000000
00000000000000000000000000000000
00000000000000000000000000000000
00000000000000000000000000000000
00000000000000000000000000000000
00000000000000000000000000000000
00000000000000000000000000000000
c0a8218f0a000001005001bb06000000
c0a8253e0a000001005001bb06000000
00000000000000000000000000000000
c0a80de80a000001005001bb06000000
00000000000000000000000000000000
00000000000000000000000000000000
c0a825f40a000001005001bb06000000
00000000000000000000000000000000
00000000000000000000000000000000
c0a822340a000001005001bb06000000
00000000000000000000000000000000
00000000000000000000000000000000
c0a80a280a000001005001bb06000000
00000000000000000000000000000000
00000000000000000000000000000000
c0a8121c0a000001005001bb06000000
00000000000000000000000000000000
00000000000000000000000000000000
c0a81e030a000001005001bb06000000
00000000000000000000000000000000
00000000000000000000000000000000
00000000000000000000000000000000
00000000000000000000000000000000
00000000000000000000000000000000
c0a818c60a000001005001bb06000000
c0a824b90a000001005001bb06000000
c0a80cad0a000001005001bb06000000
00000000000000000000000000000000
00000000000000000000000000000000
c0a820da0a000001005001bb06000000
00000000000000000000000000000000
00000000000000000000000000000000
00000000000000000000000000000000
c0a824fb0a000001005001bb06000000
c0a81b2b0a000001005001bb06000000
c0a813270a000001005001bb06000000
00000000000000000000000000000000
c0a820980a000001005001bb06000000
00000000000000000000000000000000
00000000000000000000000000000000
00000000000000000000000000000000
00000000000000000000000000000000
00000000000000000000000000000000
00000000000000000000000000000000
00000000000000000000000000000000
00000000000000000000000000000000
00000000000000000000000000000000
00000000000000000000000000000000
00000000000000000000000000000000
c0a824770a000001005001bb06000000
00000000000000000000000000000000
00000000000000000000000000000000
c0a81baf0a000001005001bb06000000
c0a8230d0a000001005001bb06000000
00000000000000000000000000000000
c0a8145f0a000001005001bb06000000
00000000000000000000000000000000
c0a81fd00a000001005001bb06000000
00000000000000000000000000000000
00000000000000000000000000000000
00000000000000000000000000000000
00000000000000000000000000000000
00000000000000000000000000000000
00000000000000000000000000000000
00000000000000000000000000000000
00000000000000000000000000000000
00000000000000000000000000000000
00000000000000000000000000000000
00000000000000000000000000000000
00000000000000000000000000000000
00000000000000000000000000000000
00000000000000000000000000000000
00000000000000000000000000000000
00000000000000000000000000000000
00000000000000000000000000000000
00000000000000000000000000000000
00000000000000000000000000000000
c0a8214e0a000001005001bb06000000
00000000000000000000000000000000
00000000000000000000000000000000
00000000000000000000000000000000
c0a8256f0a000001005001bb06000000
c0a81c110a000001005001bb06000000
00000000000000000000000000000000
c0a81ab70a000001005001bb06000000
00000000000000000000000000000000
00000000000000000000000000000000
c0a812b30a000001005001bb06000000
00000000000000000000000000000000
c0a81ed80a000001005001bb06000000
00000000000000000000000000000000
00000000000000000000000000000000
00000000000000000000000000000000
c0a81af90a000001005001bb06000000
00000000000000000000000000000000
00000000000000000000000000000000
c0a81e960a000001005001bb06000000
00000000000000000000000000000000
c0a826ec0a000001005001bb06000000
c0a816920a000001005001bb06000000
00000000000000000000000000000000
00000000000000000000000000000000
c0a8193a0a000001005001bb06000000
00000000000000000000000000000000
00000000000000000000000000000000
c0a8211c0a000001005001bb06000000
00000000000000000000000000000000
00000000000000000000000000000000
00000000000000000000000000000000
00000000000000000000000000000000
00000000000000000000000000000000
00000000000000000000000000000000
00000000000000000000000000000000
00000000000000000000000000000000
00000000000000000000000000000000
00000000000000000000000000000000
c0a826680a000001005001bb06000000
00000000000000000000000000000000
00000000000000000000000000000000
c0a811ba0a000001005001bb06000000
c0a819be0a000001005001bb06000000
00000000000000000000000000000000
00000000000000000000000000000000
c0a815db0a000001005001bb06000000
00000000000000000000000000000000
c0a821d20a000001005001bb06000000
00000000000000000000000000000000
00000000000000000000000000000000
c0a8197c0a000001005001bb06000000
00000000000000000000000000000000
00000000000000000000000000000000
00000000000000000000000000000000
00000000000000000000000000000000
00000000000000000000000000000000
00000000000000000000000000000000
00000000000000000000000000000000
