Timing Analyzer report for fajerwoll
Tue May 19 22:35:01 2026
Quartus Prime Version 19.1.0 Build 670 09/22/2019 SJ Lite Edition


---------------------
; Table of Contents ;
---------------------
  1. Legal Notice
  2. Timing Analyzer Summary
  3. Parallel Compilation
  4. SDC File List
  5. Clocks
  6. Slow 1200mV 85C Model Fmax Summary
  7. Timing Closure Recommendations
  8. Slow 1200mV 85C Model Setup Summary
  9. Slow 1200mV 85C Model Hold Summary
 10. Slow 1200mV 85C Model Recovery Summary
 11. Slow 1200mV 85C Model Removal Summary
 12. Slow 1200mV 85C Model Minimum Pulse Width Summary
 13. Slow 1200mV 85C Model Setup: 'clk'
 14. Slow 1200mV 85C Model Hold: 'clk'
 15. Slow 1200mV 85C Model Metastability Summary
 16. Slow 1200mV 0C Model Fmax Summary
 17. Slow 1200mV 0C Model Setup Summary
 18. Slow 1200mV 0C Model Hold Summary
 19. Slow 1200mV 0C Model Recovery Summary
 20. Slow 1200mV 0C Model Removal Summary
 21. Slow 1200mV 0C Model Minimum Pulse Width Summary
 22. Slow 1200mV 0C Model Setup: 'clk'
 23. Slow 1200mV 0C Model Hold: 'clk'
 24. Slow 1200mV 0C Model Metastability Summary
 25. Fast 1200mV 0C Model Setup Summary
 26. Fast 1200mV 0C Model Hold Summary
 27. Fast 1200mV 0C Model Recovery Summary
 28. Fast 1200mV 0C Model Removal Summary
 29. Fast 1200mV 0C Model Minimum Pulse Width Summary
 30. Fast 1200mV 0C Model Setup: 'clk'
 31. Fast 1200mV 0C Model Hold: 'clk'
 32. Fast 1200mV 0C Model Metastability Summary
 33. Multicorner Timing Analysis Summary
 34. Board Trace Model Assignments
 35. Input Transition Times
 36. Signal Integrity Metrics (Slow 1200mv 0c Model)
 37. Signal Integrity Metrics (Slow 1200mv 85c Model)
 38. Signal Integrity Metrics (Fast 1200mv 0c Model)
 39. Setup Transfers
 40. Hold Transfers
 41. Report TCCS
 42. Report RSKM
 43. Unconstrained Paths Summary
 44. Clock Status Summary
 45. Unconstrained Input Ports
 46. Unconstrained Output Ports
 47. Unconstrained Input Ports
 48. Unconstrained Output Ports
 49. Timing Analyzer Messages



----------------
; Legal Notice ;
----------------
Copyright (C) 2019  Intel Corporation. All rights reserved.
Your use of Intel Corporation's design tools, logic functions 
and other software and tools, and any partner logic 
functions, and any output files from any of the foregoing 
(including device programming or simulation files), and any 
associated documentation or information are expressly subject 
to the terms and conditions of the Intel Program License 
Subscription Agreement, the Intel Quartus Prime License Agreement,
the Intel FPGA IP License Agreement, or other applicable license
agreement, including, without limitation, that your use is for
the sole purpose of programming logic devices manufactured by
Intel and sold by Intel or its authorized distributors.  Please
refer to the applicable agreement for further details, at
https://fpgasoftware.intel.com/eula.



+-----------------------------------------------------------------------------+
; Timing Analyzer Summary                                                     ;
+-----------------------+-----------------------------------------------------+
; Quartus Prime Version ; Version 19.1.0 Build 670 09/22/2019 SJ Lite Edition ;
; Timing Analyzer       ; Legacy Timing Analyzer                              ;
; Revision Name         ; fajerwoll                                           ;
; Device Family         ; Cyclone IV E                                        ;
; Device Name           ; EP4CE115F29C7                                       ;
; Timing Models         ; Final                                               ;
; Delay Model           ; Combined                                            ;
; Rise/Fall Delays      ; Enabled                                             ;
+-----------------------+-----------------------------------------------------+


+------------------------------------------+
; Parallel Compilation                     ;
+----------------------------+-------------+
; Processors                 ; Number      ;
+----------------------------+-------------+
; Number detected on machine ; 12          ;
; Maximum allowed            ; 6           ;
;                            ;             ;
; Average used               ; 1.56        ;
; Maximum used               ; 6           ;
;                            ;             ;
; Usage by Processor         ; % Time Used ;
;     Processor 1            ; 100.0%      ;
;     Processor 2            ;  15.6%      ;
;     Processor 3            ;  13.2%      ;
;     Processor 4            ;  11.7%      ;
;     Processors 5-6         ;   7.7%      ;
+----------------------------+-------------+


+---------------------------------------------------+
; SDC File List                                     ;
+---------------+--------+--------------------------+
; SDC File Path ; Status ; Read at                  ;
+---------------+--------+--------------------------+
; fajerwoll.sdc ; OK     ; Tue May 19 22:34:58 2026 ;
+---------------+--------+--------------------------+


+--------------------------------------------------------------------------------------------------------------------------------------------------------------------------------+
; Clocks                                                                                                                                                                         ;
+------------+------+--------+-----------+-------+-------+------------+-----------+-------------+-------+--------+-----------+------------+----------+--------+--------+---------+
; Clock Name ; Type ; Period ; Frequency ; Rise  ; Fall  ; Duty Cycle ; Divide by ; Multiply by ; Phase ; Offset ; Edge List ; Edge Shift ; Inverted ; Master ; Source ; Targets ;
+------------+------+--------+-----------+-------+-------+------------+-----------+-------------+-------+--------+-----------+------------+----------+--------+--------+---------+
; clk        ; Base ; 8.000  ; 125.0 MHz ; 0.000 ; 4.000 ;            ;           ;             ;       ;        ;           ;            ;          ;        ;        ; { clk } ;
+------------+------+--------+-----------+-------+-------+------------+-----------+-------------+-------+--------+-----------+------------+----------+--------+--------+---------+


+-------------------------------------------------+
; Slow 1200mV 85C Model Fmax Summary              ;
+-----------+-----------------+------------+------+
; Fmax      ; Restricted Fmax ; Clock Name ; Note ;
+-----------+-----------------+------------+------+
; 138.5 MHz ; 138.5 MHz       ; clk        ;      ;
+-----------+-----------------+------------+------+
This panel reports FMAX for every clock in the design, regardless of the user-specified clock periods.  FMAX is only computed for paths where the source and destination registers or ports are driven by the same clock.  Paths of different clocks, including generated clocks, are ignored.  For paths between a clock and its inversion, FMAX is computed as if the rising and falling edges are scaled along with FMAX, such that the duty cycle (in terms of a percentage) is maintained. Altera recommends that you always use clock constraints and other slack reports for sign-off analysis.


----------------------------------
; Timing Closure Recommendations ;
----------------------------------
HTML report is unavailable in plain text report export.


+-------------------------------------+
; Slow 1200mV 85C Model Setup Summary ;
+-------+-------+---------------------+
; Clock ; Slack ; End Point TNS       ;
+-------+-------+---------------------+
; clk   ; 0.780 ; 0.000               ;
+-------+-------+---------------------+


+------------------------------------+
; Slow 1200mV 85C Model Hold Summary ;
+-------+-------+--------------------+
; Clock ; Slack ; End Point TNS      ;
+-------+-------+--------------------+
; clk   ; 0.377 ; 0.000              ;
+-------+-------+--------------------+


------------------------------------------
; Slow 1200mV 85C Model Recovery Summary ;
------------------------------------------
No paths to report.


-----------------------------------------
; Slow 1200mV 85C Model Removal Summary ;
-----------------------------------------
No paths to report.


+---------------------------------------------------+
; Slow 1200mV 85C Model Minimum Pulse Width Summary ;
+-------+-------+-----------------------------------+
; Clock ; Slack ; End Point TNS                     ;
+-------+-------+-----------------------------------+
; clk   ; 3.623 ; 0.000                             ;
+-------+-------+-----------------------------------+


+---------------------------------------------------------------------------------------------------------------------------------------------------------------------------------------------------------------------------------------------------------------------------------------------------------------------------------------------------------------------------------------------------------------------------------------------------------------------------------------+
; Slow 1200mV 85C Model Setup: 'clk'                                                                                                                                                                                                                                                                                                                                                                                                                                                    ;
+-------+----------------------------------------------------------------------------------------------------------------------------------------------------------------------------------------------------+----------------------------------------------------------------------------------------------------------------------------------------------------------------------------------------------------+--------------+-------------+--------------+------------+------------+
; Slack ; From Node                                                                                                                                                                                          ; To Node                                                                                                                                                                                            ; Launch Clock ; Latch Clock ; Relationship ; Clock Skew ; Data Delay ;
+-------+----------------------------------------------------------------------------------------------------------------------------------------------------------------------------------------------------+----------------------------------------------------------------------------------------------------------------------------------------------------------------------------------------------------+--------------+-------------+--------------+------------+------------+
; 0.780 ; layer2_cuckoo:u_layer2|mem2_r[60]_OTERM795_OTERM2881                                                                                                                                               ; layer2_cuckoo:u_layer2|match2_OTERM5473                                                                                                                                                            ; clk          ; clk         ; 8.000        ; 0.355      ; 7.573      ;
; 0.881 ; layer2_cuckoo:u_layer2|mem0_r[42]_OTERM51_OTERM4031                                                                                                                                                ; layer2_cuckoo:u_layer2|match0_OTERM5453                                                                                                                                                            ; clk          ; clk         ; 8.000        ; 0.325      ; 7.442      ;
; 0.895 ; layer2_cuckoo:u_layer2|mem0_r[6]_OTERM2105_OTERM3815                                                                                                                                               ; layer2_cuckoo:u_layer2|match0_OTERM5453                                                                                                                                                            ; clk          ; clk         ; 8.000        ; 0.324      ; 7.427      ;
; 0.974 ; layer2_cuckoo:u_layer2|altsyncram:cuckoo_bank_0_rtl_0|altsyncram_kq91:auto_generated|altsyncram:ram_block1a0|altsyncram_aqa3:auto_generated|mux_eqb:mux2|result_node[126]~764_OTERM6117_OTERM9415  ; layer2_cuckoo:u_layer2|match0_OTERM5459                                                                                                                                                            ; clk          ; clk         ; 8.000        ; 0.324      ; 7.348      ;
; 1.006 ; layer2_cuckoo:u_layer2|mem2_r[60]_OTERM795_OTERM2881                                                                                                                                               ; layer2_cuckoo:u_layer2|match2_OTERM5471                                                                                                                                                            ; clk          ; clk         ; 8.000        ; 0.367      ; 7.359      ;
; 1.006 ; layer2_cuckoo:u_layer2|mem2_r[43]_OTERM803_OTERM3977                                                                                                                                               ; layer2_cuckoo:u_layer2|match2_OTERM5473                                                                                                                                                            ; clk          ; clk         ; 8.000        ; 0.347      ; 7.339      ;
; 1.010 ; layer2_cuckoo:u_layer2|mem0_r[6]_OTERM2105_OTERM3815                                                                                                                                               ; layer2_cuckoo:u_layer2|match0_OTERM5457                                                                                                                                                            ; clk          ; clk         ; 8.000        ; 0.324      ; 7.312      ;
; 1.018 ; layer2_cuckoo:u_layer2|mem2_r[60]_OTERM793                                                                                                                                                         ; layer2_cuckoo:u_layer2|match2_OTERM5473                                                                                                                                                            ; clk          ; clk         ; 8.000        ; 0.358      ; 7.338      ;
; 1.026 ; layer2_cuckoo:u_layer2|mem0_r[43]_OTERM41                                                                                                                                                          ; layer2_cuckoo:u_layer2|match0_OTERM5453                                                                                                                                                            ; clk          ; clk         ; 8.000        ; 0.316      ; 7.288      ;
; 1.077 ; layer2_cuckoo:u_layer2|mem1_r[43]_OTERM811_OTERM3971                                                                                                                                               ; layer2_cuckoo:u_layer2|match1_OTERM5467                                                                                                                                                            ; clk          ; clk         ; 8.000        ; 0.383      ; 7.304      ;
; 1.084 ; layer2_cuckoo:u_layer2|mem0_r[6]_OTERM2105_OTERM3815                                                                                                                                               ; layer2_cuckoo:u_layer2|match0_OTERM5459                                                                                                                                                            ; clk          ; clk         ; 8.000        ; 0.332      ; 7.246      ;
; 1.093 ; layer2_cuckoo:u_layer2|mem1_r[43]_OTERM811_OTERM3969                                                                                                                                               ; layer2_cuckoo:u_layer2|match1_OTERM5465                                                                                                                                                            ; clk          ; clk         ; 8.000        ; 0.383      ; 7.288      ;
; 1.112 ; layer2_cuckoo:u_layer2|mem2_r[43]_OTERM803_OTERM3977                                                                                                                                               ; layer2_cuckoo:u_layer2|match2_OTERM5471                                                                                                                                                            ; clk          ; clk         ; 8.000        ; 0.359      ; 7.245      ;
; 1.117 ; layer2_cuckoo:u_layer2|mem1_r[43]_OTERM811_OTERM3969                                                                                                                                               ; layer2_cuckoo:u_layer2|match1_OTERM5463                                                                                                                                                            ; clk          ; clk         ; 8.000        ; 0.393      ; 7.274      ;
; 1.152 ; layer2_cuckoo:u_layer2|mem1_r[43]_OTERM811_OTERM3969                                                                                                                                               ; layer2_cuckoo:u_layer2|match1_OTERM5467                                                                                                                                                            ; clk          ; clk         ; 8.000        ; 0.383      ; 7.229      ;
; 1.161 ; layer2_cuckoo:u_layer2|mem0_r[43]_OTERM41                                                                                                                                                          ; layer2_cuckoo:u_layer2|match0_OTERM5459                                                                                                                                                            ; clk          ; clk         ; 8.000        ; 0.324      ; 7.161      ;
; 1.168 ; layer2_cuckoo:u_layer2|mem0_r[42]_OTERM51_OTERM4031                                                                                                                                                ; layer2_cuckoo:u_layer2|match0_OTERM5459                                                                                                                                                            ; clk          ; clk         ; 8.000        ; 0.333      ; 7.163      ;
; 1.189 ; layer2_cuckoo:u_layer2|mem0_r[42]_OTERM51_OTERM4031                                                                                                                                                ; layer2_cuckoo:u_layer2|match0_OTERM5457                                                                                                                                                            ; clk          ; clk         ; 8.000        ; 0.325      ; 7.134      ;
; 1.195 ; layer2_cuckoo:u_layer2|mem1_r[43]_OTERM811_OTERM3969                                                                                                                                               ; layer2_cuckoo:u_layer2|match1_OTERM5461                                                                                                                                                            ; clk          ; clk         ; 8.000        ; 0.367      ; 7.170      ;
; 1.213 ; layer2_cuckoo:u_layer2|mem1_r[43]_OTERM811_OTERM3971                                                                                                                                               ; layer2_cuckoo:u_layer2|match1_OTERM5463                                                                                                                                                            ; clk          ; clk         ; 8.000        ; 0.393      ; 7.178      ;
; 1.215 ; layer2_cuckoo:u_layer2|mem1_r[43]_OTERM811_OTERM3971                                                                                                                                               ; layer2_cuckoo:u_layer2|match1_OTERM5461                                                                                                                                                            ; clk          ; clk         ; 8.000        ; 0.367      ; 7.150      ;
; 1.253 ; layer2_cuckoo:u_layer2|mem1_r[43]_OTERM807                                                                                                                                                         ; layer2_cuckoo:u_layer2|match1_OTERM5463                                                                                                                                                            ; clk          ; clk         ; 8.000        ; 0.396      ; 7.141      ;
; 1.275 ; layer2_cuckoo:u_layer2|mem2_r[60]_OTERM793                                                                                                                                                         ; layer2_cuckoo:u_layer2|match2_OTERM5475                                                                                                                                                            ; clk          ; clk         ; 8.000        ; 0.358      ; 7.081      ;
; 1.280 ; layer2_cuckoo:u_layer2|mem0_r[43]_OTERM41                                                                                                                                                          ; layer2_cuckoo:u_layer2|match0_OTERM5457                                                                                                                                                            ; clk          ; clk         ; 8.000        ; 0.316      ; 7.034      ;
; 1.283 ; layer2_cuckoo:u_layer2|mem2_r[43]_OTERM803_OTERM3977                                                                                                                                               ; layer2_cuckoo:u_layer2|match2_OTERM5469                                                                                                                                                            ; clk          ; clk         ; 8.000        ; 0.347      ; 7.062      ;
; 1.301 ; layer2_cuckoo:u_layer2|mem1_r[43]_OTERM811_OTERM3971                                                                                                                                               ; layer2_cuckoo:u_layer2|match1_OTERM5465                                                                                                                                                            ; clk          ; clk         ; 8.000        ; 0.383      ; 7.080      ;
; 1.304 ; layer2_cuckoo:u_layer2|mem2_r[60]_OTERM795_OTERM2881                                                                                                                                               ; layer2_cuckoo:u_layer2|match2_OTERM5469                                                                                                                                                            ; clk          ; clk         ; 8.000        ; 0.355      ; 7.049      ;
; 1.327 ; layer2_cuckoo:u_layer2|altsyncram:cuckoo_bank_0_rtl_0|altsyncram_kq91:auto_generated|altsyncram:ram_block1a0|altsyncram_aqa3:auto_generated|mux_eqb:mux2|result_node[126]~764_OTERM6117_OTERM9417  ; layer2_cuckoo:u_layer2|match0_OTERM5459                                                                                                                                                            ; clk          ; clk         ; 8.000        ; 0.324      ; 6.995      ;
; 1.362 ; layer2_cuckoo:u_layer2|mem2_r[60]_OTERM793                                                                                                                                                         ; layer2_cuckoo:u_layer2|match2_OTERM5471                                                                                                                                                            ; clk          ; clk         ; 8.000        ; 0.370      ; 7.006      ;
; 1.388 ; layer2_cuckoo:u_layer2|mem1_r[43]_OTERM807                                                                                                                                                         ; layer2_cuckoo:u_layer2|match1_OTERM5467                                                                                                                                                            ; clk          ; clk         ; 8.000        ; 0.386      ; 6.996      ;
; 1.396 ; layer2_cuckoo:u_layer2|flow_r[10]                                                                                                                                                                  ; layer2_cuckoo:u_layer2|match0_OTERM5453                                                                                                                                                            ; clk          ; clk         ; 8.000        ; 0.343      ; 6.945      ;
; 1.397 ; layer2_cuckoo:u_layer2|mem0_r[42]_OTERM51_OTERM4031                                                                                                                                                ; layer2_cuckoo:u_layer2|match0_OTERM5455                                                                                                                                                            ; clk          ; clk         ; 8.000        ; 0.353      ; 6.954      ;
; 1.409 ; layer2_cuckoo:u_layer2|mem2_r[60]_OTERM793                                                                                                                                                         ; layer2_cuckoo:u_layer2|match2_OTERM5469                                                                                                                                                            ; clk          ; clk         ; 8.000        ; 0.358      ; 6.947      ;
; 1.415 ; layer2_cuckoo:u_layer2|mem2_r[43]_OTERM803_OTERM3977                                                                                                                                               ; layer2_cuckoo:u_layer2|match2_OTERM5475                                                                                                                                                            ; clk          ; clk         ; 8.000        ; 0.347      ; 6.930      ;
; 1.444 ; layer2_cuckoo:u_layer2|altsyncram:cuckoo_bank_0_rtl_0|altsyncram_kq91:auto_generated|altsyncram:ram_block1a0|altsyncram_aqa3:auto_generated|ram_block1a510~porta_address_reg0                      ; layer2_cuckoo:u_layer2|altsyncram:cuckoo_bank_0_rtl_0|altsyncram_kq91:auto_generated|altsyncram:ram_block1a0|altsyncram_aqa3:auto_generated|mux_eqb:mux2|result_node[126]~764_OTERM6117_OTERM9417  ; clk          ; clk         ; 8.000        ; -0.436     ; 6.118      ;
; 1.458 ; layer2_cuckoo:u_layer2|mem0_r[43]_OTERM41                                                                                                                                                          ; layer2_cuckoo:u_layer2|match0_OTERM5455                                                                                                                                                            ; clk          ; clk         ; 8.000        ; 0.344      ; 6.884      ;
; 1.459 ; layer2_cuckoo:u_layer2|altsyncram:cuckoo_bank_1_rtl_0|altsyncram_lq91:auto_generated|altsyncram:ram_block1a0|altsyncram_bqa3:auto_generated|ram_block1a354~porta_address_reg0                      ; layer2_cuckoo:u_layer2|altsyncram:cuckoo_bank_1_rtl_0|altsyncram_lq91:auto_generated|altsyncram:ram_block1a0|altsyncram_bqa3:auto_generated|mux_eqb:mux2|result_node[103]~616_OTERM8551            ; clk          ; clk         ; 8.000        ; -0.421     ; 6.118      ;
; 1.476 ; layer2_cuckoo:u_layer2|mem1_r[43]_OTERM807                                                                                                                                                         ; layer2_cuckoo:u_layer2|match1_OTERM5461                                                                                                                                                            ; clk          ; clk         ; 8.000        ; 0.370      ; 6.892      ;
; 1.532 ; layer2_cuckoo:u_layer2|mem2_r[60]_OTERM795_OTERM2881                                                                                                                                               ; layer2_cuckoo:u_layer2|match2_OTERM5475                                                                                                                                                            ; clk          ; clk         ; 8.000        ; 0.355      ; 6.821      ;
; 1.552 ; layer2_cuckoo:u_layer2|altsyncram:cuckoo_bank_0_rtl_0|altsyncram_kq91:auto_generated|altsyncram:ram_block1a0|altsyncram_aqa3:auto_generated|ram_block1a126~porta_address_reg0                      ; layer2_cuckoo:u_layer2|altsyncram:cuckoo_bank_0_rtl_0|altsyncram_kq91:auto_generated|altsyncram:ram_block1a0|altsyncram_aqa3:auto_generated|mux_eqb:mux2|result_node[126]~764_OTERM6117_OTERM9415  ; clk          ; clk         ; 8.000        ; -0.461     ; 5.985      ;
; 1.553 ; layer2_cuckoo:u_layer2|mem1_r[95]_OTERM1363_OTERM4401                                                                                                                                              ; layer2_cuckoo:u_layer2|match1_OTERM5465                                                                                                                                                            ; clk          ; clk         ; 8.000        ; 0.383      ; 6.828      ;
; 1.555 ; layer2_cuckoo:u_layer2|altsyncram:cuckoo_bank_0_rtl_0|altsyncram_kq91:auto_generated|altsyncram:ram_block1a0|altsyncram_aqa3:auto_generated|mux_eqb:mux2|result_node[6]~44_OTERM6265_OTERM10215    ; layer2_cuckoo:u_layer2|match0_OTERM5453                                                                                                                                                            ; clk          ; clk         ; 8.000        ; 0.313      ; 6.756      ;
; 1.559 ; layer2_cuckoo:u_layer2|altsyncram:cuckoo_bank_1_rtl_0|altsyncram_lq91:auto_generated|altsyncram:ram_block1a0|altsyncram_bqa3:auto_generated|ram_block1a354~porta_address_reg0                      ; layer2_cuckoo:u_layer2|altsyncram:cuckoo_bank_1_rtl_0|altsyncram_lq91:auto_generated|altsyncram:ram_block1a0|altsyncram_bqa3:auto_generated|mux_eqb:mux2|result_node[104]~634_OTERM8511            ; clk          ; clk         ; 8.000        ; -0.053     ; 6.386      ;
; 1.584 ; layer2_cuckoo:u_layer2|mem1_r[43]_OTERM807                                                                                                                                                         ; layer2_cuckoo:u_layer2|match1_OTERM5465                                                                                                                                                            ; clk          ; clk         ; 8.000        ; 0.386      ; 6.800      ;
; 1.586 ; layer1_bloom:u_layer1|b4_r_OTERM39_OTERM2437_OTERM6353                                                                                                                                             ; layer1_bloom:u_layer1|hint_verify                                                                                                                                                                  ; clk          ; clk         ; 8.000        ; -0.293     ; 6.119      ;
; 1.593 ; layer2_cuckoo:u_layer2|altsyncram:cuckoo_bank_1_rtl_0|altsyncram_lq91:auto_generated|altsyncram:ram_block1a0|altsyncram_bqa3:auto_generated|ram_block1a354~porta_address_reg0                      ; layer2_cuckoo:u_layer2|altsyncram:cuckoo_bank_1_rtl_0|altsyncram_lq91:auto_generated|altsyncram:ram_block1a0|altsyncram_bqa3:auto_generated|mux_eqb:mux2|result_node[101]~604_OTERM8527            ; clk          ; clk         ; 8.000        ; 0.002      ; 6.407      ;
; 1.600 ; layer2_cuckoo:u_layer2|altsyncram:cuckoo_bank_1_rtl_0|altsyncram_lq91:auto_generated|altsyncram:ram_block1a0|altsyncram_bqa3:auto_generated|ram_block1a264~porta_address_reg0                      ; layer2_cuckoo:u_layer2|altsyncram:cuckoo_bank_1_rtl_0|altsyncram_lq91:auto_generated|altsyncram:ram_block1a0|altsyncram_bqa3:auto_generated|mux_eqb:mux2|result_node[15]~88_OTERM8489              ; clk          ; clk         ; 8.000        ; -0.457     ; 5.941      ;
; 1.612 ; layer2_cuckoo:u_layer2|altsyncram:cuckoo_bank_2_rtl_0|altsyncram_mq91:auto_generated|altsyncram:ram_block1a0|altsyncram_cqa3:auto_generated|ram_block1a54~porta_address_reg0                       ; layer2_cuckoo:u_layer2|altsyncram:cuckoo_bank_2_rtl_0|altsyncram_mq91:auto_generated|altsyncram:ram_block1a0|altsyncram_cqa3:auto_generated|mux_eqb:mux2|result_node[60]~370_OTERM8785             ; clk          ; clk         ; 8.000        ; -0.451     ; 5.935      ;
; 1.612 ; layer2_cuckoo:u_layer2|altsyncram:cuckoo_bank_2_rtl_0|altsyncram_mq91:auto_generated|altsyncram:ram_block1a0|altsyncram_cqa3:auto_generated|ram_block1a346~porta_address_reg0                      ; layer2_cuckoo:u_layer2|altsyncram:cuckoo_bank_2_rtl_0|altsyncram_mq91:auto_generated|altsyncram:ram_block1a0|altsyncram_cqa3:auto_generated|mux_eqb:mux2|result_node[93]~556_OTERM8793             ; clk          ; clk         ; 8.000        ; -0.064     ; 6.322      ;
; 1.613 ; layer2_cuckoo:u_layer2|altsyncram:cuckoo_bank_2_rtl_0|altsyncram_mq91:auto_generated|altsyncram:ram_block1a0|altsyncram_cqa3:auto_generated|ram_block1a90~porta_address_reg0                       ; layer2_cuckoo:u_layer2|altsyncram:cuckoo_bank_2_rtl_0|altsyncram_mq91:auto_generated|altsyncram:ram_block1a0|altsyncram_cqa3:auto_generated|mux_eqb:mux2|result_node[93]~556_OTERM8793             ; clk          ; clk         ; 8.000        ; -0.061     ; 6.324      ;
; 1.625 ; layer2_cuckoo:u_layer2|mem2_r[92]_OTERM1303_OTERM4441                                                                                                                                              ; layer2_cuckoo:u_layer2|match2_OTERM5473                                                                                                                                                            ; clk          ; clk         ; 8.000        ; 0.349      ; 6.722      ;
; 1.627 ; layer2_cuckoo:u_layer2|altsyncram:cuckoo_bank_0_rtl_0|altsyncram_kq91:auto_generated|altsyncram:ram_block1a0|altsyncram_aqa3:auto_generated|ram_block1a226~porta_address_reg0                      ; layer2_cuckoo:u_layer2|altsyncram:cuckoo_bank_0_rtl_0|altsyncram_kq91:auto_generated|altsyncram:ram_block1a0|altsyncram_aqa3:auto_generated|mux_eqb:mux2|result_node[103]~614_OTERM6199_OTERM9555  ; clk          ; clk         ; 8.000        ; -0.436     ; 5.935      ;
; 1.642 ; layer2_cuckoo:u_layer2|altsyncram:cuckoo_bank_0_rtl_0|altsyncram_kq91:auto_generated|altsyncram:ram_block1a0|altsyncram_aqa3:auto_generated|ram_block1a226~porta_address_reg0                      ; layer2_cuckoo:u_layer2|altsyncram:cuckoo_bank_0_rtl_0|altsyncram_kq91:auto_generated|altsyncram:ram_block1a0|altsyncram_aqa3:auto_generated|mux_eqb:mux2|result_node[98]~596_OTERM6175_OTERM9447   ; clk          ; clk         ; 8.000        ; -0.433     ; 5.923      ;
; 1.643 ; layer2_cuckoo:u_layer2|altsyncram:cuckoo_bank_1_rtl_0|altsyncram_lq91:auto_generated|altsyncram:ram_block1a0|altsyncram_bqa3:auto_generated|ram_block1a994~porta_address_reg0                      ; layer2_cuckoo:u_layer2|altsyncram:cuckoo_bank_1_rtl_0|altsyncram_lq91:auto_generated|altsyncram:ram_block1a0|altsyncram_bqa3:auto_generated|mux_eqb:mux2|result_node[102]~620_OTERM5941_OTERM10553 ; clk          ; clk         ; 8.000        ; -0.465     ; 5.890      ;
; 1.644 ; layer2_cuckoo:u_layer2|altsyncram:cuckoo_bank_0_rtl_0|altsyncram_kq91:auto_generated|altsyncram:ram_block1a0|altsyncram_aqa3:auto_generated|mux_eqb:mux2|result_node[90]~548_OTERM6069_OTERM9285   ; layer2_cuckoo:u_layer2|match0_OTERM5457                                                                                                                                                            ; clk          ; clk         ; 8.000        ; 0.298      ; 6.652      ;
; 1.652 ; layer2_cuckoo:u_layer2|altsyncram:cuckoo_bank_1_rtl_0|altsyncram_lq91:auto_generated|altsyncram:ram_block1a0|altsyncram_bqa3:auto_generated|ram_block1a822~porta_address_reg0                      ; layer2_cuckoo:u_layer2|altsyncram:cuckoo_bank_1_rtl_0|altsyncram_lq91:auto_generated|altsyncram:ram_block1a0|altsyncram_bqa3:auto_generated|mux_eqb:mux2|result_node[63]~374_OTERM5799_OTERM10081  ; clk          ; clk         ; 8.000        ; -0.083     ; 6.263      ;
; 1.652 ; layer2_cuckoo:u_layer2|altsyncram:cuckoo_bank_2_rtl_0|altsyncram_mq91:auto_generated|altsyncram:ram_block1a0|altsyncram_cqa3:auto_generated|ram_block1a884~porta_address_reg0                      ; layer2_cuckoo:u_layer2|altsyncram:cuckoo_bank_2_rtl_0|altsyncram_mq91:auto_generated|altsyncram:ram_block1a0|altsyncram_cqa3:auto_generated|mux_eqb:mux2|result_node[125]~746_OTERM5571_OTERM10157 ; clk          ; clk         ; 8.000        ; -0.432     ; 5.914      ;
; 1.652 ; layer2_cuckoo:u_layer2|altsyncram:cuckoo_bank_0_rtl_0|altsyncram_kq91:auto_generated|altsyncram:ram_block1a0|altsyncram_aqa3:auto_generated|ram_block1a638~porta_address_reg0                      ; layer2_cuckoo:u_layer2|altsyncram:cuckoo_bank_0_rtl_0|altsyncram_kq91:auto_generated|altsyncram:ram_block1a0|altsyncram_aqa3:auto_generated|mux_eqb:mux2|result_node[127]~760_OTERM7981            ; clk          ; clk         ; 8.000        ; -0.073     ; 6.273      ;
; 1.654 ; layer2_cuckoo:u_layer2|altsyncram:cuckoo_bank_0_rtl_0|altsyncram_kq91:auto_generated|altsyncram:ram_block1a0|altsyncram_aqa3:auto_generated|ram_block1a482~porta_address_reg0                      ; layer2_cuckoo:u_layer2|altsyncram:cuckoo_bank_0_rtl_0|altsyncram_kq91:auto_generated|altsyncram:ram_block1a0|altsyncram_aqa3:auto_generated|mux_eqb:mux2|result_node[103]~614_OTERM6199_OTERM9555  ; clk          ; clk         ; 8.000        ; -0.439     ; 5.905      ;
; 1.660 ; layer2_cuckoo:u_layer2|altsyncram:cuckoo_bank_1_rtl_0|altsyncram_lq91:auto_generated|altsyncram:ram_block1a0|altsyncram_bqa3:auto_generated|ram_block1a738~porta_address_reg0                      ; layer2_cuckoo:u_layer2|altsyncram:cuckoo_bank_1_rtl_0|altsyncram_lq91:auto_generated|altsyncram:ram_block1a0|altsyncram_bqa3:auto_generated|mux_eqb:mux2|result_node[100]~608_OTERM5929_OTERM10441 ; clk          ; clk         ; 8.000        ; -0.081     ; 6.257      ;
; 1.662 ; layer1_bloom:u_layer1|b1_r_OTERM25_OTERM2417_OTERM6561                                                                                                                                             ; layer1_bloom:u_layer1|hint_verify                                                                                                                                                                  ; clk          ; clk         ; 8.000        ; -0.393     ; 5.943      ;
; 1.667 ; layer2_cuckoo:u_layer2|altsyncram:cuckoo_bank_1_rtl_0|altsyncram_lq91:auto_generated|altsyncram:ram_block1a0|altsyncram_bqa3:auto_generated|mux_eqb:mux2|result_node[53]~316_OTERM8373             ; layer2_cuckoo:u_layer2|match1_OTERM5463                                                                                                                                                            ; clk          ; clk         ; 8.000        ; 0.345      ; 6.676      ;
; 1.678 ; layer2_cuckoo:u_layer2|mem0_r[6]_OTERM2105_OTERM3815                                                                                                                                               ; layer2_cuckoo:u_layer2|match0_OTERM5455                                                                                                                                                            ; clk          ; clk         ; 8.000        ; 0.352      ; 6.672      ;
; 1.679 ; layer2_cuckoo:u_layer2|altsyncram:cuckoo_bank_0_rtl_0|altsyncram_kq91:auto_generated|altsyncram:ram_block1a0|altsyncram_aqa3:auto_generated|ram_block1a382~porta_address_reg0                      ; layer2_cuckoo:u_layer2|altsyncram:cuckoo_bank_0_rtl_0|altsyncram_kq91:auto_generated|altsyncram:ram_block1a0|altsyncram_aqa3:auto_generated|mux_eqb:mux2|result_node[126]~764_OTERM6117_OTERM9415  ; clk          ; clk         ; 8.000        ; -0.467     ; 5.852      ;
; 1.683 ; layer2_cuckoo:u_layer2|altsyncram:cuckoo_bank_0_rtl_0|altsyncram_kq91:auto_generated|altsyncram:ram_block1a0|altsyncram_aqa3:auto_generated|ram_block1a410~porta_address_reg0                      ; layer2_cuckoo:u_layer2|altsyncram:cuckoo_bank_0_rtl_0|altsyncram_kq91:auto_generated|altsyncram:ram_block1a0|altsyncram_aqa3:auto_generated|mux_eqb:mux2|result_node[26]~164_OTERM6169_OTERM9267   ; clk          ; clk         ; 8.000        ; -0.482     ; 5.833      ;
; 1.698 ; layer2_cuckoo:u_layer2|mem2_r[93]_OTERM1309_OTERM4437                                                                                                                                              ; layer2_cuckoo:u_layer2|match2_OTERM5473                                                                                                                                                            ; clk          ; clk         ; 8.000        ; 0.349      ; 6.649      ;
; 1.701 ; layer2_cuckoo:u_layer2|altsyncram:cuckoo_bank_1_rtl_0|altsyncram_lq91:auto_generated|altsyncram:ram_block1a0|altsyncram_bqa3:auto_generated|ram_block1a766~porta_address_reg0                      ; layer2_cuckoo:u_layer2|altsyncram:cuckoo_bank_1_rtl_0|altsyncram_lq91:auto_generated|altsyncram:ram_block1a0|altsyncram_bqa3:auto_generated|mux_eqb:mux2|result_node[127]~758_OTERM5835_OTERM10023 ; clk          ; clk         ; 8.000        ; -0.091     ; 6.206      ;
; 1.701 ; layer2_cuckoo:u_layer2|altsyncram:cuckoo_bank_1_rtl_0|altsyncram_lq91:auto_generated|altsyncram:ram_block1a0|altsyncram_bqa3:auto_generated|ram_block1a994~porta_address_reg0                      ; layer2_cuckoo:u_layer2|altsyncram:cuckoo_bank_1_rtl_0|altsyncram_lq91:auto_generated|altsyncram:ram_block1a0|altsyncram_bqa3:auto_generated|mux_eqb:mux2|result_node[101]~602_OTERM5911_OTERM10369 ; clk          ; clk         ; 8.000        ; -0.054     ; 6.243      ;
; 1.707 ; layer2_cuckoo:u_layer2|altsyncram:cuckoo_bank_2_rtl_0|altsyncram_mq91:auto_generated|altsyncram:ram_block1a0|altsyncram_cqa3:auto_generated|ram_block1a346~porta_address_reg0                      ; layer2_cuckoo:u_layer2|altsyncram:cuckoo_bank_2_rtl_0|altsyncram_mq91:auto_generated|altsyncram:ram_block1a0|altsyncram_cqa3:auto_generated|mux_eqb:mux2|result_node[92]~562_OTERM8805             ; clk          ; clk         ; 8.000        ; -0.064     ; 6.227      ;
; 1.708 ; layer1_bloom:u_layer1|b4_r_OTERM35_OTERM2391_OTERM6457                                                                                                                                             ; layer1_bloom:u_layer1|hint_verify                                                                                                                                                                  ; clk          ; clk         ; 8.000        ; -0.338     ; 5.952      ;
; 1.711 ; layer2_cuckoo:u_layer2|altsyncram:cuckoo_bank_1_rtl_0|altsyncram_lq91:auto_generated|altsyncram:ram_block1a0|altsyncram_bqa3:auto_generated|ram_block1a382~porta_address_reg0                      ; layer2_cuckoo:u_layer2|altsyncram:cuckoo_bank_1_rtl_0|altsyncram_lq91:auto_generated|altsyncram:ram_block1a0|altsyncram_bqa3:auto_generated|mux_eqb:mux2|result_node[127]~760_OTERM8449            ; clk          ; clk         ; 8.000        ; -0.474     ; 5.813      ;
; 1.715 ; layer2_cuckoo:u_layer2|altsyncram:cuckoo_bank_0_rtl_0|altsyncram_kq91:auto_generated|altsyncram:ram_block1a0|altsyncram_aqa3:auto_generated|ram_block1a0~porta_address_reg0                        ; layer2_cuckoo:u_layer2|altsyncram:cuckoo_bank_0_rtl_0|altsyncram_kq91:auto_generated|altsyncram:ram_block1a0|altsyncram_aqa3:auto_generated|mux_eqb:mux2|result_node[3]~14_OTERM6233_OTERM9433     ; clk          ; clk         ; 8.000        ; 0.000      ; 6.283      ;
; 1.730 ; layer2_cuckoo:u_layer2|altsyncram:cuckoo_bank_1_rtl_0|altsyncram_lq91:auto_generated|altsyncram:ram_block1a0|altsyncram_bqa3:auto_generated|ram_block1a950~porta_address_reg0                      ; layer2_cuckoo:u_layer2|altsyncram:cuckoo_bank_1_rtl_0|altsyncram_lq91:auto_generated|altsyncram:ram_block1a0|altsyncram_bqa3:auto_generated|mux_eqb:mux2|result_node[55]~326_OTERM5769_OTERM10099  ; clk          ; clk         ; 8.000        ; -0.526     ; 5.742      ;
; 1.732 ; layer1_bloom:u_layer1|b1_r_OTERM31_OTERM2423_OTERM6287                                                                                                                                             ; layer1_bloom:u_layer1|hint_verify                                                                                                                                                                  ; clk          ; clk         ; 8.000        ; -0.392     ; 5.874      ;
; 1.744 ; layer2_cuckoo:u_layer2|altsyncram:cuckoo_bank_2_rtl_0|altsyncram_mq91:auto_generated|altsyncram:ram_block1a0|altsyncram_cqa3:auto_generated|ram_block1a776~porta_address_reg0                      ; layer2_cuckoo:u_layer2|altsyncram:cuckoo_bank_2_rtl_0|altsyncram_mq91:auto_generated|altsyncram:ram_block1a0|altsyncram_cqa3:auto_generated|mux_eqb:mux2|result_node[13]~74_OTERM5595_OTERM9745    ; clk          ; clk         ; 8.000        ; -0.044     ; 6.210      ;
; 1.746 ; layer2_cuckoo:u_layer2|altsyncram:cuckoo_bank_1_rtl_0|altsyncram_lq91:auto_generated|altsyncram:ram_block1a0|altsyncram_bqa3:auto_generated|mux_eqb:mux2|result_node[104]~633_OTERM8259_OTERM10963 ; layer2_cuckoo:u_layer2|match1_OTERM5467                                                                                                                                                            ; clk          ; clk         ; 8.000        ; 0.390      ; 6.642      ;
; 1.746 ; layer2_cuckoo:u_layer2|altsyncram:cuckoo_bank_2_rtl_0|altsyncram_mq91:auto_generated|altsyncram:ram_block1a0|altsyncram_cqa3:auto_generated|ram_block1a382~porta_address_reg0                      ; layer2_cuckoo:u_layer2|altsyncram:cuckoo_bank_2_rtl_0|altsyncram_mq91:auto_generated|altsyncram:ram_block1a0|altsyncram_cqa3:auto_generated|mux_eqb:mux2|result_node[127]~760_OTERM8815            ; clk          ; clk         ; 8.000        ; -0.456     ; 5.796      ;
; 1.754 ; layer2_cuckoo:u_layer2|altsyncram:cuckoo_bank_1_rtl_0|altsyncram_lq91:auto_generated|altsyncram:ram_block1a0|altsyncram_bqa3:auto_generated|mux_eqb:mux2|result_node[100]~608_OTERM5929_OTERM10439 ; layer2_cuckoo:u_layer2|match1_OTERM5467                                                                                                                                                            ; clk          ; clk         ; 8.000        ; -0.043     ; 6.201      ;
; 1.761 ; layer2_cuckoo:u_layer2|altsyncram:cuckoo_bank_0_rtl_0|altsyncram_kq91:auto_generated|altsyncram:ram_block1a0|altsyncram_aqa3:auto_generated|ram_block1a894~porta_address_reg0                      ; layer2_cuckoo:u_layer2|altsyncram:cuckoo_bank_0_rtl_0|altsyncram_kq91:auto_generated|altsyncram:ram_block1a0|altsyncram_aqa3:auto_generated|mux_eqb:mux2|result_node[126]~766_OTERM7989            ; clk          ; clk         ; 8.000        ; 0.007      ; 6.244      ;
; 1.764 ; layer2_cuckoo:u_layer2|altsyncram:cuckoo_bank_2_rtl_0|altsyncram_mq91:auto_generated|altsyncram:ram_block1a0|altsyncram_cqa3:auto_generated|mux_eqb:mux2|result_node[88]~536_OTERM5673_OTERM10589  ; layer2_cuckoo:u_layer2|match2_OTERM5473                                                                                                                                                            ; clk          ; clk         ; 8.000        ; 0.355      ; 6.589      ;
; 1.764 ; layer2_cuckoo:u_layer2|altsyncram:cuckoo_bank_0_rtl_0|altsyncram_kq91:auto_generated|altsyncram:ram_block1a0|altsyncram_aqa3:auto_generated|ram_block1a410~porta_address_reg0                      ; layer2_cuckoo:u_layer2|altsyncram:cuckoo_bank_0_rtl_0|altsyncram_kq91:auto_generated|altsyncram:ram_block1a0|altsyncram_aqa3:auto_generated|mux_eqb:mux2|result_node[32]~200_OTERM6231_OTERM9643   ; clk          ; clk         ; 8.000        ; -0.486     ; 5.748      ;
; 1.765 ; layer2_cuckoo:u_layer2|altsyncram:cuckoo_bank_0_rtl_0|altsyncram_kq91:auto_generated|altsyncram:ram_block1a0|altsyncram_aqa3:auto_generated|ram_block1a254~porta_address_reg0                      ; layer2_cuckoo:u_layer2|altsyncram:cuckoo_bank_0_rtl_0|altsyncram_kq91:auto_generated|altsyncram:ram_block1a0|altsyncram_aqa3:auto_generated|mux_eqb:mux2|result_node[126]~764_OTERM6117_OTERM9417  ; clk          ; clk         ; 8.000        ; -0.448     ; 5.785      ;
; 1.767 ; layer2_cuckoo:u_layer2|altsyncram:cuckoo_bank_1_rtl_0|altsyncram_lq91:auto_generated|altsyncram:ram_block1a0|altsyncram_bqa3:auto_generated|ram_block1a566~porta_address_reg0                      ; layer2_cuckoo:u_layer2|altsyncram:cuckoo_bank_1_rtl_0|altsyncram_lq91:auto_generated|altsyncram:ram_block1a0|altsyncram_bqa3:auto_generated|mux_eqb:mux2|result_node[55]~326_OTERM5769_OTERM10101  ; clk          ; clk         ; 8.000        ; -0.117     ; 6.114      ;
; 1.767 ; layer2_cuckoo:u_layer2|altsyncram:cuckoo_bank_2_rtl_0|altsyncram_mq91:auto_generated|altsyncram:ram_block1a0|altsyncram_cqa3:auto_generated|ram_block1a894~porta_address_reg0                      ; layer2_cuckoo:u_layer2|altsyncram:cuckoo_bank_2_rtl_0|altsyncram_mq91:auto_generated|altsyncram:ram_block1a0|altsyncram_cqa3:auto_generated|mux_eqb:mux2|result_node[126]~764_OTERM5573_OTERM10153 ; clk          ; clk         ; 8.000        ; -0.470     ; 5.761      ;
; 1.769 ; layer2_cuckoo:u_layer2|altsyncram:cuckoo_bank_0_rtl_0|altsyncram_kq91:auto_generated|altsyncram:ram_block1a0|altsyncram_aqa3:auto_generated|ram_block1a638~porta_address_reg0                      ; layer2_cuckoo:u_layer2|altsyncram:cuckoo_bank_0_rtl_0|altsyncram_kq91:auto_generated|altsyncram:ram_block1a0|altsyncram_aqa3:auto_generated|mux_eqb:mux2|result_node[126]~766_OTERM7989            ; clk          ; clk         ; 8.000        ; -0.010     ; 6.219      ;
; 1.770 ; layer1_bloom:u_layer1|b1_r_OTERM31_OTERM2425_OTERM6301                                                                                                                                             ; layer1_bloom:u_layer1|hint_verify                                                                                                                                                                  ; clk          ; clk         ; 8.000        ; -0.388     ; 5.840      ;
; 1.771 ; layer2_cuckoo:u_layer2|altsyncram:cuckoo_bank_1_rtl_0|altsyncram_lq91:auto_generated|altsyncram:ram_block1a0|altsyncram_bqa3:auto_generated|ram_block1a126~porta_address_reg0                      ; layer2_cuckoo:u_layer2|altsyncram:cuckoo_bank_1_rtl_0|altsyncram_lq91:auto_generated|altsyncram:ram_block1a0|altsyncram_bqa3:auto_generated|mux_eqb:mux2|result_node[127]~760_OTERM8449            ; clk          ; clk         ; 8.000        ; -0.475     ; 5.752      ;
; 1.773 ; layer2_cuckoo:u_layer2|altsyncram:cuckoo_bank_1_rtl_0|altsyncram_lq91:auto_generated|altsyncram:ram_block1a0|altsyncram_bqa3:auto_generated|ram_block1a98~porta_address_reg0                       ; layer2_cuckoo:u_layer2|altsyncram:cuckoo_bank_1_rtl_0|altsyncram_lq91:auto_generated|altsyncram:ram_block1a0|altsyncram_bqa3:auto_generated|mux_eqb:mux2|result_node[101]~604_OTERM8527            ; clk          ; clk         ; 8.000        ; 0.023      ; 6.248      ;
; 1.773 ; layer2_cuckoo:u_layer2|altsyncram:cuckoo_bank_0_rtl_0|altsyncram_kq91:auto_generated|altsyncram:ram_block1a0|altsyncram_aqa3:auto_generated|mux_eqb:mux2|result_node[90]~548_OTERM6069_OTERM9283   ; layer2_cuckoo:u_layer2|match0_OTERM5457                                                                                                                                                            ; clk          ; clk         ; 8.000        ; 0.298      ; 6.523      ;
; 1.781 ; layer2_cuckoo:u_layer2|altsyncram:cuckoo_bank_2_rtl_0|altsyncram_mq91:auto_generated|altsyncram:ram_block1a0|altsyncram_cqa3:auto_generated|ram_block1a318~porta_address_reg0                      ; layer2_cuckoo:u_layer2|altsyncram:cuckoo_bank_2_rtl_0|altsyncram_mq91:auto_generated|altsyncram:ram_block1a0|altsyncram_cqa3:auto_generated|mux_eqb:mux2|result_node[71]~424_OTERM8913             ; clk          ; clk         ; 8.000        ; -0.465     ; 5.752      ;
; 1.784 ; layer2_cuckoo:u_layer2|altsyncram:cuckoo_bank_0_rtl_0|altsyncram_kq91:auto_generated|altsyncram:ram_block1a0|altsyncram_aqa3:auto_generated|ram_block1a628~porta_address_reg0                      ; layer2_cuckoo:u_layer2|altsyncram:cuckoo_bank_0_rtl_0|altsyncram_kq91:auto_generated|altsyncram:ram_block1a0|altsyncram_aqa3:auto_generated|mux_eqb:mux2|result_node[124]~754_OTERM7973            ; clk          ; clk         ; 8.000        ; -0.471     ; 5.743      ;
; 1.786 ; layer2_cuckoo:u_layer2|r_a0[12]                                                                                                                                                                    ; layer2_cuckoo:u_layer2|altsyncram:cuckoo_bank_0_rtl_0|altsyncram_kq91:auto_generated|altsyncram:ram_block1a0|altsyncram_aqa3:auto_generated|ram_block1a768~porta_address_reg0                      ; clk          ; clk         ; 8.000        ; 0.207      ; 6.459      ;
; 1.792 ; layer2_cuckoo:u_layer2|altsyncram:cuckoo_bank_1_rtl_0|altsyncram_lq91:auto_generated|altsyncram:ram_block1a0|altsyncram_bqa3:auto_generated|ram_block1a628~porta_address_reg0                      ; layer2_cuckoo:u_layer2|altsyncram:cuckoo_bank_1_rtl_0|altsyncram_lq91:auto_generated|altsyncram:ram_block1a0|altsyncram_bqa3:auto_generated|mux_eqb:mux2|result_node[119]~710_OTERM5823_OTERM10049 ; clk          ; clk         ; 8.000        ; -0.456     ; 5.750      ;
; 1.792 ; layer2_cuckoo:u_layer2|altsyncram:cuckoo_bank_1_rtl_0|altsyncram_lq91:auto_generated|altsyncram:ram_block1a0|altsyncram_bqa3:auto_generated|ram_block1a756~porta_address_reg0                      ; layer2_cuckoo:u_layer2|altsyncram:cuckoo_bank_1_rtl_0|altsyncram_lq91:auto_generated|altsyncram:ram_block1a0|altsyncram_bqa3:auto_generated|mux_eqb:mux2|result_node[119]~710_OTERM5823_OTERM10047 ; clk          ; clk         ; 8.000        ; -0.448     ; 5.758      ;
; 1.798 ; layer2_cuckoo:u_layer2|r_a0[2]                                                                                                                                                                     ; layer2_cuckoo:u_layer2|altsyncram:cuckoo_bank_1_rtl_0|altsyncram_lq91:auto_generated|altsyncram:ram_block1a0|altsyncram_bqa3:auto_generated|ram_block1a126~porta_address_reg0                      ; clk          ; clk         ; 8.000        ; 0.290      ; 6.530      ;
; 1.798 ; layer2_cuckoo:u_layer2|altsyncram:cuckoo_bank_0_rtl_0|altsyncram_kq91:auto_generated|altsyncram:ram_block1a0|altsyncram_aqa3:auto_generated|ram_block1a894~porta_address_reg0                      ; layer2_cuckoo:u_layer2|altsyncram:cuckoo_bank_0_rtl_0|altsyncram_kq91:auto_generated|altsyncram:ram_block1a0|altsyncram_aqa3:auto_generated|mux_eqb:mux2|result_node[127]~760_OTERM7981            ; clk          ; clk         ; 8.000        ; -0.056     ; 6.144      ;
; 1.799 ; layer2_cuckoo:u_layer2|altsyncram:cuckoo_bank_2_rtl_0|altsyncram_mq91:auto_generated|altsyncram:ram_block1a0|altsyncram_cqa3:auto_generated|mux_eqb:mux2|result_node[88]~536_OTERM5673_OTERM10587  ; layer2_cuckoo:u_layer2|match2_OTERM5473                                                                                                                                                            ; clk          ; clk         ; 8.000        ; 0.355      ; 6.554      ;
; 1.800 ; layer2_cuckoo:u_layer2|altsyncram:cuckoo_bank_1_rtl_0|altsyncram_lq91:auto_generated|altsyncram:ram_block1a0|altsyncram_bqa3:auto_generated|ram_block1a866~porta_address_reg0                      ; layer2_cuckoo:u_layer2|altsyncram:cuckoo_bank_1_rtl_0|altsyncram_lq91:auto_generated|altsyncram:ram_block1a0|altsyncram_bqa3:auto_generated|mux_eqb:mux2|result_node[98]~596_OTERM5893_OTERM10297  ; clk          ; clk         ; 8.000        ; -0.455     ; 5.743      ;
; 1.802 ; layer1_bloom:u_layer1|b4_r_OTERM35_OTERM2393_OTERM6373                                                                                                                                             ; layer1_bloom:u_layer1|hint_verify                                                                                                                                                                  ; clk          ; clk         ; 8.000        ; -0.328     ; 5.868      ;
; 1.807 ; layer2_cuckoo:u_layer2|altsyncram:cuckoo_bank_1_rtl_0|altsyncram_lq91:auto_generated|altsyncram:ram_block1a0|altsyncram_bqa3:auto_generated|ram_block1a382~porta_address_reg0                      ; layer2_cuckoo:u_layer2|altsyncram:cuckoo_bank_1_rtl_0|altsyncram_lq91:auto_generated|altsyncram:ram_block1a0|altsyncram_bqa3:auto_generated|mux_eqb:mux2|result_node[126]~766_OTERM8451            ; clk          ; clk         ; 8.000        ; -0.474     ; 5.717      ;
+-------+----------------------------------------------------------------------------------------------------------------------------------------------------------------------------------------------------+----------------------------------------------------------------------------------------------------------------------------------------------------------------------------------------------------+--------------+-------------+--------------+------------+------------+


+-----------------------------------------------------------------------------------------------------------------------------------------------------------------------------------------------------------------------------------------------------------------------------------------------------+
; Slow 1200mV 85C Model Hold: 'clk'                                                                                                                                                                                                                                                                   ;
+-------+---------------------------------------+-------------------------------------------------------------------------------------------------------------------------------------------------------------------------------+--------------+-------------+--------------+------------+------------+
; Slack ; From Node                             ; To Node                                                                                                                                                                       ; Launch Clock ; Latch Clock ; Relationship ; Clock Skew ; Data Delay ;
+-------+---------------------------------------+-------------------------------------------------------------------------------------------------------------------------------------------------------------------------------+--------------+-------------+--------------+------------+------------+
; 0.377 ; flow_d4[116]                          ; layer2_cuckoo:u_layer2|r_flow[116]                                                                                                                                            ; clk          ; clk         ; 0.000        ; 0.516      ; 1.079      ;
; 0.383 ; layer2_cuckoo:u_layer2|r_a0[0]        ; layer2_cuckoo:u_layer2|altsyncram:cuckoo_bank_0_rtl_0|altsyncram_kq91:auto_generated|altsyncram:ram_block1a0|altsyncram_aqa3:auto_generated|ram_block1a310~porta_address_reg0 ; clk          ; clk         ; 0.000        ; 0.432      ; 1.037      ;
; 0.410 ; in_flow[121]                          ; flow_d1[121]                                                                                                                                                                  ; clk          ; clk         ; 0.000        ; 0.099      ; 0.695      ;
; 0.411 ; layer2_cuckoo:u_layer2|r_flow[45]     ; layer2_cuckoo:u_layer2|r_flow_d1[45]                                                                                                                                          ; clk          ; clk         ; 0.000        ; 0.099      ; 0.696      ;
; 0.411 ; flow_d2[26]                           ; flow_d3[26]                                                                                                                                                                   ; clk          ; clk         ; 0.000        ; 0.098      ; 0.695      ;
; 0.413 ; layer2_cuckoo:u_layer2|r_flow[103]    ; layer2_cuckoo:u_layer2|r_flow_d1[103]                                                                                                                                         ; clk          ; clk         ; 0.000        ; 0.098      ; 0.697      ;
; 0.413 ; in_flow[85]                           ; flow_d1[85]                                                                                                                                                                   ; clk          ; clk         ; 0.000        ; 0.097      ; 0.696      ;
; 0.416 ; layer2_cuckoo:u_layer2|r_flow[6]      ; layer2_cuckoo:u_layer2|r_flow_d1[6]                                                                                                                                           ; clk          ; clk         ; 0.000        ; 0.096      ; 0.698      ;
; 0.419 ; in_flow[54]                           ; flow_d1[54]                                                                                                                                                                   ; clk          ; clk         ; 0.000        ; 0.096      ; 0.701      ;
; 0.425 ; layer2_cuckoo:u_layer2|r_a0[6]        ; layer2_cuckoo:u_layer2|altsyncram:cuckoo_bank_0_rtl_0|altsyncram_kq91:auto_generated|altsyncram:ram_block1a0|altsyncram_aqa3:auto_generated|ram_block1a310~porta_address_reg0 ; clk          ; clk         ; 0.000        ; 0.434      ; 1.081      ;
; 0.426 ; layer2_cuckoo:u_layer2|r_flow[60]     ; layer2_cuckoo:u_layer2|r_flow_d1[60]                                                                                                                                          ; clk          ; clk         ; 0.000        ; 0.083      ; 0.695      ;
; 0.427 ; flow_d2[10]                           ; flow_d3[10]                                                                                                                                                                   ; clk          ; clk         ; 0.000        ; 0.082      ; 0.695      ;
; 0.427 ; flow_d2[48]                           ; flow_d3[48]                                                                                                                                                                   ; clk          ; clk         ; 0.000        ; 0.082      ; 0.695      ;
; 0.427 ; in_flow[48]                           ; flow_d1[48]                                                                                                                                                                   ; clk          ; clk         ; 0.000        ; 0.082      ; 0.695      ;
; 0.427 ; flow_d2[68]                           ; flow_d3[68]                                                                                                                                                                   ; clk          ; clk         ; 0.000        ; 0.081      ; 0.694      ;
; 0.427 ; layer2_cuckoo:u_layer2|r_flow_d1[60]  ; layer2_cuckoo:u_layer2|flow_r[60]                                                                                                                                             ; clk          ; clk         ; 0.000        ; 0.083      ; 0.696      ;
; 0.427 ; flow_d3[60]                           ; flow_d4[60]                                                                                                                                                                   ; clk          ; clk         ; 0.000        ; 0.083      ; 0.696      ;
; 0.427 ; layer2_cuckoo:u_layer2|r_flow[57]     ; layer2_cuckoo:u_layer2|r_flow_d1[57]                                                                                                                                          ; clk          ; clk         ; 0.000        ; 0.082      ; 0.695      ;
; 0.427 ; flow_d2[57]                           ; flow_d3[57]                                                                                                                                                                   ; clk          ; clk         ; 0.000        ; 0.082      ; 0.695      ;
; 0.427 ; flow_d3[63]                           ; flow_d4[63]                                                                                                                                                                   ; clk          ; clk         ; 0.000        ; 0.082      ; 0.695      ;
; 0.427 ; flow_d2[109]                          ; flow_d3[109]                                                                                                                                                                  ; clk          ; clk         ; 0.000        ; 0.081      ; 0.694      ;
; 0.427 ; flow_d4[14]                           ; layer2_cuckoo:u_layer2|r_flow[14]                                                                                                                                             ; clk          ; clk         ; 0.000        ; 0.082      ; 0.695      ;
; 0.427 ; flow_d2[65]                           ; flow_d3[65]                                                                                                                                                                   ; clk          ; clk         ; 0.000        ; 0.081      ; 0.694      ;
; 0.427 ; flow_d3[8]                            ; flow_d4[8]                                                                                                                                                                    ; clk          ; clk         ; 0.000        ; 0.082      ; 0.695      ;
; 0.427 ; flow_d2[112]                          ; flow_d3[112]                                                                                                                                                                  ; clk          ; clk         ; 0.000        ; 0.082      ; 0.695      ;
; 0.428 ; flow_d1[119]                          ; flow_d2[119]                                                                                                                                                                  ; clk          ; clk         ; 0.000        ; 0.082      ; 0.696      ;
; 0.428 ; in_flow[119]                          ; flow_d1[119]                                                                                                                                                                  ; clk          ; clk         ; 0.000        ; 0.082      ; 0.696      ;
; 0.428 ; layer2_cuckoo:u_layer2|r_flow[50]     ; layer2_cuckoo:u_layer2|r_flow_d1[50]                                                                                                                                          ; clk          ; clk         ; 0.000        ; 0.082      ; 0.696      ;
; 0.428 ; layer2_cuckoo:u_layer2|r_flow[34]     ; layer2_cuckoo:u_layer2|r_flow_d1[34]                                                                                                                                          ; clk          ; clk         ; 0.000        ; 0.082      ; 0.696      ;
; 0.428 ; layer2_cuckoo:u_layer2|r_flow[80]     ; layer2_cuckoo:u_layer2|r_flow_d1[80]                                                                                                                                          ; clk          ; clk         ; 0.000        ; 0.082      ; 0.696      ;
; 0.428 ; flow_d2[80]                           ; flow_d3[80]                                                                                                                                                                   ; clk          ; clk         ; 0.000        ; 0.082      ; 0.696      ;
; 0.428 ; flow_d1[80]                           ; flow_d2[80]                                                                                                                                                                   ; clk          ; clk         ; 0.000        ; 0.082      ; 0.696      ;
; 0.428 ; flow_d2[50]                           ; flow_d3[50]                                                                                                                                                                   ; clk          ; clk         ; 0.000        ; 0.082      ; 0.696      ;
; 0.428 ; flow_d2[39]                           ; flow_d3[39]                                                                                                                                                                   ; clk          ; clk         ; 0.000        ; 0.082      ; 0.696      ;
; 0.428 ; flow_d4[10]                           ; layer2_cuckoo:u_layer2|r_flow[10]                                                                                                                                             ; clk          ; clk         ; 0.000        ; 0.082      ; 0.696      ;
; 0.428 ; flow_d2[21]                           ; flow_d3[21]                                                                                                                                                                   ; clk          ; clk         ; 0.000        ; 0.082      ; 0.696      ;
; 0.428 ; flow_d1[21]                           ; flow_d2[21]                                                                                                                                                                   ; clk          ; clk         ; 0.000        ; 0.082      ; 0.696      ;
; 0.428 ; flow_d3[33]                           ; flow_d4[33]                                                                                                                                                                   ; clk          ; clk         ; 0.000        ; 0.081      ; 0.695      ;
; 0.428 ; flow_d1[4]                            ; flow_d2[4]                                                                                                                                                                    ; clk          ; clk         ; 0.000        ; 0.081      ; 0.695      ;
; 0.428 ; flow_d2[106]                          ; flow_d3[106]                                                                                                                                                                  ; clk          ; clk         ; 0.000        ; 0.082      ; 0.696      ;
; 0.428 ; flow_d1[106]                          ; flow_d2[106]                                                                                                                                                                  ; clk          ; clk         ; 0.000        ; 0.082      ; 0.696      ;
; 0.428 ; flow_d2[37]                           ; flow_d3[37]                                                                                                                                                                   ; clk          ; clk         ; 0.000        ; 0.082      ; 0.696      ;
; 0.428 ; flow_d1[37]                           ; flow_d2[37]                                                                                                                                                                   ; clk          ; clk         ; 0.000        ; 0.082      ; 0.696      ;
; 0.428 ; flow_d2[49]                           ; flow_d3[49]                                                                                                                                                                   ; clk          ; clk         ; 0.000        ; 0.081      ; 0.695      ;
; 0.428 ; flow_d4[113]                          ; layer2_cuckoo:u_layer2|r_flow[113]                                                                                                                                            ; clk          ; clk         ; 0.000        ; 0.081      ; 0.695      ;
; 0.428 ; flow_d4[84]                           ; layer2_cuckoo:u_layer2|r_flow[84]                                                                                                                                             ; clk          ; clk         ; 0.000        ; 0.081      ; 0.695      ;
; 0.428 ; layer2_cuckoo:u_layer2|r_flow_d1[81]  ; layer2_cuckoo:u_layer2|flow_r[81]                                                                                                                                             ; clk          ; clk         ; 0.000        ; 0.082      ; 0.696      ;
; 0.428 ; layer2_cuckoo:u_layer2|r_flow_d1[120] ; layer2_cuckoo:u_layer2|flow_r[120]                                                                                                                                            ; clk          ; clk         ; 0.000        ; 0.082      ; 0.696      ;
; 0.428 ; flow_d1[120]                          ; flow_d2[120]                                                                                                                                                                  ; clk          ; clk         ; 0.000        ; 0.082      ; 0.696      ;
; 0.428 ; layer2_cuckoo:u_layer2|r_flow[43]     ; layer2_cuckoo:u_layer2|r_flow_d1[43]                                                                                                                                          ; clk          ; clk         ; 0.000        ; 0.082      ; 0.696      ;
; 0.428 ; layer2_cuckoo:u_layer2|r_flow_d1[48]  ; layer2_cuckoo:u_layer2|flow_r[48]                                                                                                                                             ; clk          ; clk         ; 0.000        ; 0.082      ; 0.696      ;
; 0.428 ; layer2_cuckoo:u_layer2|r_flow_d1[35]  ; layer2_cuckoo:u_layer2|flow_r[35]                                                                                                                                             ; clk          ; clk         ; 0.000        ; 0.082      ; 0.696      ;
; 0.428 ; layer2_cuckoo:u_layer2|r_flow_d1[37]  ; layer2_cuckoo:u_layer2|flow_r[37]                                                                                                                                             ; clk          ; clk         ; 0.000        ; 0.082      ; 0.696      ;
; 0.428 ; layer2_cuckoo:u_layer2|r_flow_d1[39]  ; layer2_cuckoo:u_layer2|flow_r[39]                                                                                                                                             ; clk          ; clk         ; 0.000        ; 0.082      ; 0.696      ;
; 0.428 ; layer2_cuckoo:u_layer2|r_flow[39]     ; layer2_cuckoo:u_layer2|r_flow_d1[39]                                                                                                                                          ; clk          ; clk         ; 0.000        ; 0.082      ; 0.696      ;
; 0.428 ; flow_d4[60]                           ; layer2_cuckoo:u_layer2|r_flow[60]                                                                                                                                             ; clk          ; clk         ; 0.000        ; 0.083      ; 0.697      ;
; 0.428 ; flow_d4[57]                           ; layer2_cuckoo:u_layer2|r_flow[57]                                                                                                                                             ; clk          ; clk         ; 0.000        ; 0.082      ; 0.696      ;
; 0.428 ; flow_d1[57]                           ; flow_d2[57]                                                                                                                                                                   ; clk          ; clk         ; 0.000        ; 0.082      ; 0.696      ;
; 0.428 ; layer2_cuckoo:u_layer2|r_flow[58]     ; layer2_cuckoo:u_layer2|r_flow_d1[58]                                                                                                                                          ; clk          ; clk         ; 0.000        ; 0.082      ; 0.696      ;
; 0.428 ; flow_d3[58]                           ; flow_d4[58]                                                                                                                                                                   ; clk          ; clk         ; 0.000        ; 0.082      ; 0.696      ;
; 0.428 ; flow_d2[58]                           ; flow_d3[58]                                                                                                                                                                   ; clk          ; clk         ; 0.000        ; 0.082      ; 0.696      ;
; 0.428 ; in_flow[62]                           ; flow_d1[62]                                                                                                                                                                   ; clk          ; clk         ; 0.000        ; 0.081      ; 0.695      ;
; 0.428 ; flow_d2[63]                           ; flow_d3[63]                                                                                                                                                                   ; clk          ; clk         ; 0.000        ; 0.082      ; 0.696      ;
; 0.428 ; flow_d1[63]                           ; flow_d2[63]                                                                                                                                                                   ; clk          ; clk         ; 0.000        ; 0.082      ; 0.696      ;
; 0.428 ; layer2_cuckoo:u_layer2|r_flow[71]     ; layer2_cuckoo:u_layer2|r_flow_d1[71]                                                                                                                                          ; clk          ; clk         ; 0.000        ; 0.081      ; 0.695      ;
; 0.428 ; layer2_cuckoo:u_layer2|r_flow_d1[14]  ; layer2_cuckoo:u_layer2|flow_r[14]                                                                                                                                             ; clk          ; clk         ; 0.000        ; 0.083      ; 0.697      ;
; 0.428 ; layer2_cuckoo:u_layer2|r_flow[12]     ; layer2_cuckoo:u_layer2|r_flow_d1[12]                                                                                                                                          ; clk          ; clk         ; 0.000        ; 0.081      ; 0.695      ;
; 0.428 ; flow_d3[27]                           ; flow_d4[27]                                                                                                                                                                   ; clk          ; clk         ; 0.000        ; 0.081      ; 0.695      ;
; 0.428 ; flow_d2[27]                           ; flow_d3[27]                                                                                                                                                                   ; clk          ; clk         ; 0.000        ; 0.081      ; 0.695      ;
; 0.428 ; flow_d3[22]                           ; flow_d4[22]                                                                                                                                                                   ; clk          ; clk         ; 0.000        ; 0.081      ; 0.695      ;
; 0.428 ; flow_d3[51]                           ; flow_d4[51]                                                                                                                                                                   ; clk          ; clk         ; 0.000        ; 0.081      ; 0.695      ;
; 0.428 ; flow_d2[40]                           ; flow_d3[40]                                                                                                                                                                   ; clk          ; clk         ; 0.000        ; 0.081      ; 0.695      ;
; 0.428 ; flow_d1[40]                           ; flow_d2[40]                                                                                                                                                                   ; clk          ; clk         ; 0.000        ; 0.081      ; 0.695      ;
; 0.428 ; flow_d3[11]                           ; flow_d4[11]                                                                                                                                                                   ; clk          ; clk         ; 0.000        ; 0.081      ; 0.695      ;
; 0.428 ; in_flow[110]                          ; flow_d1[110]                                                                                                                                                                  ; clk          ; clk         ; 0.000        ; 0.081      ; 0.695      ;
; 0.428 ; flow_d4[43]                           ; layer2_cuckoo:u_layer2|r_a0[3]                                                                                                                                                ; clk          ; clk         ; 0.000        ; 0.082      ; 0.696      ;
; 0.428 ; flow_d3[32]                           ; flow_d4[32]                                                                                                                                                                   ; clk          ; clk         ; 0.000        ; 0.082      ; 0.696      ;
; 0.428 ; flow_d2[14]                           ; flow_d3[14]                                                                                                                                                                   ; clk          ; clk         ; 0.000        ; 0.082      ; 0.696      ;
; 0.428 ; flow_d1[14]                           ; flow_d2[14]                                                                                                                                                                   ; clk          ; clk         ; 0.000        ; 0.082      ; 0.696      ;
; 0.428 ; flow_d3[64]                           ; flow_d4[64]                                                                                                                                                                   ; clk          ; clk         ; 0.000        ; 0.081      ; 0.695      ;
; 0.428 ; flow_d2[64]                           ; flow_d3[64]                                                                                                                                                                   ; clk          ; clk         ; 0.000        ; 0.081      ; 0.695      ;
; 0.428 ; flow_d1[99]                           ; flow_d2[99]                                                                                                                                                                   ; clk          ; clk         ; 0.000        ; 0.081      ; 0.695      ;
; 0.428 ; in_flow[99]                           ; flow_d1[99]                                                                                                                                                                   ; clk          ; clk         ; 0.000        ; 0.081      ; 0.695      ;
; 0.428 ; flow_d2[19]                           ; flow_d3[19]                                                                                                                                                                   ; clk          ; clk         ; 0.000        ; 0.082      ; 0.696      ;
; 0.428 ; flow_d1[101]                          ; flow_d2[101]                                                                                                                                                                  ; clk          ; clk         ; 0.000        ; 0.081      ; 0.695      ;
; 0.428 ; layer2_cuckoo:u_layer2|r_flow_d1[112] ; layer2_cuckoo:u_layer2|flow_r[112]                                                                                                                                            ; clk          ; clk         ; 0.000        ; 0.082      ; 0.696      ;
; 0.428 ; flow_d4[112]                          ; layer2_cuckoo:u_layer2|r_flow[112]                                                                                                                                            ; clk          ; clk         ; 0.000        ; 0.082      ; 0.696      ;
; 0.428 ; flow_d3[112]                          ; flow_d4[112]                                                                                                                                                                  ; clk          ; clk         ; 0.000        ; 0.082      ; 0.696      ;
; 0.428 ; flow_d4[25]                           ; layer2_cuckoo:u_layer2|r_flow[25]                                                                                                                                             ; clk          ; clk         ; 0.000        ; 0.080      ; 0.694      ;
; 0.428 ; flow_d1[24]                           ; flow_d2[24]                                                                                                                                                                   ; clk          ; clk         ; 0.000        ; 0.081      ; 0.695      ;
; 0.428 ; in_flow[111]                          ; flow_d1[111]                                                                                                                                                                  ; clk          ; clk         ; 0.000        ; 0.081      ; 0.695      ;
; 0.429 ; flow_d3[119]                          ; flow_d4[119]                                                                                                                                                                  ; clk          ; clk         ; 0.000        ; 0.082      ; 0.697      ;
; 0.429 ; flow_d2[116]                          ; flow_d3[116]                                                                                                                                                                  ; clk          ; clk         ; 0.000        ; 0.082      ; 0.697      ;
; 0.429 ; layer2_cuckoo:u_layer2|r_flow[4]      ; layer2_cuckoo:u_layer2|r_flow_d1[4]                                                                                                                                           ; clk          ; clk         ; 0.000        ; 0.081      ; 0.696      ;
; 0.429 ; flow_d3[50]                           ; flow_d4[50]                                                                                                                                                                   ; clk          ; clk         ; 0.000        ; 0.082      ; 0.697      ;
; 0.429 ; flow_d1[108]                          ; flow_d2[108]                                                                                                                                                                  ; clk          ; clk         ; 0.000        ; 0.080      ; 0.695      ;
; 0.429 ; flow_d1[10]                           ; flow_d2[10]                                                                                                                                                                   ; clk          ; clk         ; 0.000        ; 0.082      ; 0.697      ;
; 0.429 ; flow_d2[33]                           ; flow_d3[33]                                                                                                                                                                   ; clk          ; clk         ; 0.000        ; 0.081      ; 0.696      ;
; 0.429 ; flow_d1[33]                           ; flow_d2[33]                                                                                                                                                                   ; clk          ; clk         ; 0.000        ; 0.081      ; 0.696      ;
; 0.429 ; in_flow[106]                          ; flow_d1[106]                                                                                                                                                                  ; clk          ; clk         ; 0.000        ; 0.082      ; 0.697      ;
+-------+---------------------------------------+-------------------------------------------------------------------------------------------------------------------------------------------------------------------------------+--------------+-------------+--------------+------------+------------+


-----------------------------------------------
; Slow 1200mV 85C Model Metastability Summary ;
-----------------------------------------------
The design MTBF is not calculated because there are no specified synchronizers in the design.
Number of Synchronizer Chains Found: 42
Shortest Synchronizer Chain: 8 Registers
Fraction of Chains for which MTBFs Could Not be Calculated: 1.000
Worst Case Available Settling Time: 48.129 ns




+--------------------------------------------------+
; Slow 1200mV 0C Model Fmax Summary                ;
+------------+-----------------+------------+------+
; Fmax       ; Restricted Fmax ; Clock Name ; Note ;
+------------+-----------------+------------+------+
; 150.44 MHz ; 150.44 MHz      ; clk        ;      ;
+------------+-----------------+------------+------+
This panel reports FMAX for every clock in the design, regardless of the user-specified clock periods.  FMAX is only computed for paths where the source and destination registers or ports are driven by the same clock.  Paths of different clocks, including generated clocks, are ignored.  For paths between a clock and its inversion, FMAX is computed as if the rising and falling edges are scaled along with FMAX, such that the duty cycle (in terms of a percentage) is maintained. Altera recommends that you always use clock constraints and other slack reports for sign-off analysis.


+------------------------------------+
; Slow 1200mV 0C Model Setup Summary ;
+-------+-------+--------------------+
; Clock ; Slack ; End Point TNS      ;
+-------+-------+--------------------+
; clk   ; 1.353 ; 0.000              ;
+-------+-------+--------------------+


+-----------------------------------+
; Slow 1200mV 0C Model Hold Summary ;
+-------+-------+-------------------+
; Clock ; Slack ; End Point TNS     ;
+-------+-------+-------------------+
; clk   ; 0.330 ; 0.000             ;
+-------+-------+-------------------+


-----------------------------------------
; Slow 1200mV 0C Model Recovery Summary ;
-----------------------------------------
No paths to report.


----------------------------------------
; Slow 1200mV 0C Model Removal Summary ;
----------------------------------------
No paths to report.


+--------------------------------------------------+
; Slow 1200mV 0C Model Minimum Pulse Width Summary ;
+-------+-------+----------------------------------+
; Clock ; Slack ; End Point TNS                    ;
+-------+-------+----------------------------------+
; clk   ; 3.643 ; 0.000                            ;
+-------+-------+----------------------------------+


+---------------------------------------------------------------------------------------------------------------------------------------------------------------------------------------------------------------------------------------------------------------------------------------------------------------------------------------------------------------------------------------------------------------------------------------------------------------------------------------+
; Slow 1200mV 0C Model Setup: 'clk'                                                                                                                                                                                                                                                                                                                                                                                                                                                     ;
+-------+----------------------------------------------------------------------------------------------------------------------------------------------------------------------------------------------------+----------------------------------------------------------------------------------------------------------------------------------------------------------------------------------------------------+--------------+-------------+--------------+------------+------------+
; Slack ; From Node                                                                                                                                                                                          ; To Node                                                                                                                                                                                            ; Launch Clock ; Latch Clock ; Relationship ; Clock Skew ; Data Delay ;
+-------+----------------------------------------------------------------------------------------------------------------------------------------------------------------------------------------------------+----------------------------------------------------------------------------------------------------------------------------------------------------------------------------------------------------+--------------+-------------+--------------+------------+------------+
; 1.353 ; layer2_cuckoo:u_layer2|mem2_r[60]_OTERM795_OTERM2881                                                                                                                                               ; layer2_cuckoo:u_layer2|match2_OTERM5473                                                                                                                                                            ; clk          ; clk         ; 8.000        ; 0.329      ; 6.975      ;
; 1.533 ; layer2_cuckoo:u_layer2|mem0_r[6]_OTERM2105_OTERM3815                                                                                                                                               ; layer2_cuckoo:u_layer2|match0_OTERM5453                                                                                                                                                            ; clk          ; clk         ; 8.000        ; 0.300      ; 6.766      ;
; 1.578 ; layer2_cuckoo:u_layer2|altsyncram:cuckoo_bank_0_rtl_0|altsyncram_kq91:auto_generated|altsyncram:ram_block1a0|altsyncram_aqa3:auto_generated|mux_eqb:mux2|result_node[126]~764_OTERM6117_OTERM9415  ; layer2_cuckoo:u_layer2|match0_OTERM5459                                                                                                                                                            ; clk          ; clk         ; 8.000        ; 0.304      ; 6.725      ;
; 1.583 ; layer2_cuckoo:u_layer2|mem2_r[43]_OTERM803_OTERM3977                                                                                                                                               ; layer2_cuckoo:u_layer2|match2_OTERM5473                                                                                                                                                            ; clk          ; clk         ; 8.000        ; 0.321      ; 6.737      ;
; 1.600 ; layer2_cuckoo:u_layer2|mem0_r[43]_OTERM41                                                                                                                                                          ; layer2_cuckoo:u_layer2|match0_OTERM5453                                                                                                                                                            ; clk          ; clk         ; 8.000        ; 0.293      ; 6.692      ;
; 1.621 ; layer2_cuckoo:u_layer2|mem2_r[60]_OTERM793                                                                                                                                                         ; layer2_cuckoo:u_layer2|match2_OTERM5473                                                                                                                                                            ; clk          ; clk         ; 8.000        ; 0.330      ; 6.708      ;
; 1.623 ; layer2_cuckoo:u_layer2|mem0_r[42]_OTERM51_OTERM4031                                                                                                                                                ; layer2_cuckoo:u_layer2|match0_OTERM5453                                                                                                                                                            ; clk          ; clk         ; 8.000        ; 0.301      ; 6.677      ;
; 1.626 ; layer2_cuckoo:u_layer2|mem0_r[6]_OTERM2105_OTERM3815                                                                                                                                               ; layer2_cuckoo:u_layer2|match0_OTERM5457                                                                                                                                                            ; clk          ; clk         ; 8.000        ; 0.300      ; 6.673      ;
; 1.644 ; layer2_cuckoo:u_layer2|mem0_r[43]_OTERM41                                                                                                                                                          ; layer2_cuckoo:u_layer2|match0_OTERM5459                                                                                                                                                            ; clk          ; clk         ; 8.000        ; 0.304      ; 6.659      ;
; 1.651 ; layer2_cuckoo:u_layer2|mem1_r[43]_OTERM811_OTERM3969                                                                                                                                               ; layer2_cuckoo:u_layer2|match1_OTERM5465                                                                                                                                                            ; clk          ; clk         ; 8.000        ; 0.360      ; 6.708      ;
; 1.702 ; layer2_cuckoo:u_layer2|mem1_r[43]_OTERM811_OTERM3969                                                                                                                                               ; layer2_cuckoo:u_layer2|match1_OTERM5467                                                                                                                                                            ; clk          ; clk         ; 8.000        ; 0.360      ; 6.657      ;
; 1.716 ; layer2_cuckoo:u_layer2|mem0_r[42]_OTERM51_OTERM4031                                                                                                                                                ; layer2_cuckoo:u_layer2|match0_OTERM5459                                                                                                                                                            ; clk          ; clk         ; 8.000        ; 0.312      ; 6.595      ;
; 1.725 ; layer2_cuckoo:u_layer2|mem0_r[6]_OTERM2105_OTERM3815                                                                                                                                               ; layer2_cuckoo:u_layer2|match0_OTERM5459                                                                                                                                                            ; clk          ; clk         ; 8.000        ; 0.311      ; 6.585      ;
; 1.738 ; layer2_cuckoo:u_layer2|mem0_r[42]_OTERM51_OTERM4031                                                                                                                                                ; layer2_cuckoo:u_layer2|match0_OTERM5457                                                                                                                                                            ; clk          ; clk         ; 8.000        ; 0.301      ; 6.562      ;
; 1.738 ; layer2_cuckoo:u_layer2|mem2_r[60]_OTERM795_OTERM2881                                                                                                                                               ; layer2_cuckoo:u_layer2|match2_OTERM5471                                                                                                                                                            ; clk          ; clk         ; 8.000        ; 0.343      ; 6.604      ;
; 1.742 ; layer2_cuckoo:u_layer2|mem1_r[43]_OTERM811_OTERM3971                                                                                                                                               ; layer2_cuckoo:u_layer2|match1_OTERM5467                                                                                                                                                            ; clk          ; clk         ; 8.000        ; 0.360      ; 6.617      ;
; 1.750 ; layer2_cuckoo:u_layer2|mem2_r[43]_OTERM803_OTERM3977                                                                                                                                               ; layer2_cuckoo:u_layer2|match2_OTERM5471                                                                                                                                                            ; clk          ; clk         ; 8.000        ; 0.335      ; 6.584      ;
; 1.794 ; layer2_cuckoo:u_layer2|mem2_r[60]_OTERM793                                                                                                                                                         ; layer2_cuckoo:u_layer2|match2_OTERM5475                                                                                                                                                            ; clk          ; clk         ; 8.000        ; 0.330      ; 6.535      ;
; 1.818 ; layer2_cuckoo:u_layer2|mem1_r[43]_OTERM811_OTERM3969                                                                                                                                               ; layer2_cuckoo:u_layer2|match1_OTERM5463                                                                                                                                                            ; clk          ; clk         ; 8.000        ; 0.370      ; 6.551      ;
; 1.822 ; layer2_cuckoo:u_layer2|mem1_r[43]_OTERM811_OTERM3969                                                                                                                                               ; layer2_cuckoo:u_layer2|match1_OTERM5461                                                                                                                                                            ; clk          ; clk         ; 8.000        ; 0.344      ; 6.521      ;
; 1.832 ; layer2_cuckoo:u_layer2|mem1_r[43]_OTERM811_OTERM3971                                                                                                                                               ; layer2_cuckoo:u_layer2|match1_OTERM5465                                                                                                                                                            ; clk          ; clk         ; 8.000        ; 0.360      ; 6.527      ;
; 1.849 ; layer2_cuckoo:u_layer2|altsyncram:cuckoo_bank_0_rtl_0|altsyncram_kq91:auto_generated|altsyncram:ram_block1a0|altsyncram_aqa3:auto_generated|mux_eqb:mux2|result_node[126]~764_OTERM6117_OTERM9417  ; layer2_cuckoo:u_layer2|match0_OTERM5459                                                                                                                                                            ; clk          ; clk         ; 8.000        ; 0.304      ; 6.454      ;
; 1.861 ; layer2_cuckoo:u_layer2|mem2_r[43]_OTERM803_OTERM3977                                                                                                                                               ; layer2_cuckoo:u_layer2|match2_OTERM5469                                                                                                                                                            ; clk          ; clk         ; 8.000        ; 0.321      ; 6.459      ;
; 1.876 ; layer2_cuckoo:u_layer2|mem1_r[43]_OTERM811_OTERM3971                                                                                                                                               ; layer2_cuckoo:u_layer2|match1_OTERM5463                                                                                                                                                            ; clk          ; clk         ; 8.000        ; 0.370      ; 6.493      ;
; 1.879 ; layer2_cuckoo:u_layer2|mem1_r[43]_OTERM811_OTERM3971                                                                                                                                               ; layer2_cuckoo:u_layer2|match1_OTERM5461                                                                                                                                                            ; clk          ; clk         ; 8.000        ; 0.344      ; 6.464      ;
; 1.888 ; layer2_cuckoo:u_layer2|mem0_r[43]_OTERM41                                                                                                                                                          ; layer2_cuckoo:u_layer2|match0_OTERM5457                                                                                                                                                            ; clk          ; clk         ; 8.000        ; 0.293      ; 6.404      ;
; 1.892 ; layer2_cuckoo:u_layer2|mem2_r[60]_OTERM795_OTERM2881                                                                                                                                               ; layer2_cuckoo:u_layer2|match2_OTERM5469                                                                                                                                                            ; clk          ; clk         ; 8.000        ; 0.329      ; 6.436      ;
; 1.911 ; layer2_cuckoo:u_layer2|mem1_r[43]_OTERM807                                                                                                                                                         ; layer2_cuckoo:u_layer2|match1_OTERM5463                                                                                                                                                            ; clk          ; clk         ; 8.000        ; 0.373      ; 6.461      ;
; 1.950 ; layer2_cuckoo:u_layer2|mem2_r[60]_OTERM793                                                                                                                                                         ; layer2_cuckoo:u_layer2|match2_OTERM5471                                                                                                                                                            ; clk          ; clk         ; 8.000        ; 0.344      ; 6.393      ;
; 1.971 ; layer2_cuckoo:u_layer2|mem2_r[43]_OTERM803_OTERM3977                                                                                                                                               ; layer2_cuckoo:u_layer2|match2_OTERM5475                                                                                                                                                            ; clk          ; clk         ; 8.000        ; 0.321      ; 6.349      ;
; 1.981 ; layer2_cuckoo:u_layer2|flow_r[10]                                                                                                                                                                  ; layer2_cuckoo:u_layer2|match0_OTERM5453                                                                                                                                                            ; clk          ; clk         ; 8.000        ; 0.317      ; 6.335      ;
; 1.995 ; layer2_cuckoo:u_layer2|altsyncram:cuckoo_bank_1_rtl_0|altsyncram_lq91:auto_generated|altsyncram:ram_block1a0|altsyncram_bqa3:auto_generated|ram_block1a354~porta_address_reg0                      ; layer2_cuckoo:u_layer2|altsyncram:cuckoo_bank_1_rtl_0|altsyncram_lq91:auto_generated|altsyncram:ram_block1a0|altsyncram_bqa3:auto_generated|mux_eqb:mux2|result_node[103]~616_OTERM8551            ; clk          ; clk         ; 8.000        ; -0.374     ; 5.630      ;
; 1.997 ; layer2_cuckoo:u_layer2|mem1_r[43]_OTERM807                                                                                                                                                         ; layer2_cuckoo:u_layer2|match1_OTERM5467                                                                                                                                                            ; clk          ; clk         ; 8.000        ; 0.363      ; 6.365      ;
; 1.997 ; layer2_cuckoo:u_layer2|mem1_r[43]_OTERM807                                                                                                                                                         ; layer2_cuckoo:u_layer2|match1_OTERM5461                                                                                                                                                            ; clk          ; clk         ; 8.000        ; 0.347      ; 6.349      ;
; 2.038 ; layer2_cuckoo:u_layer2|mem2_r[60]_OTERM793                                                                                                                                                         ; layer2_cuckoo:u_layer2|match2_OTERM5469                                                                                                                                                            ; clk          ; clk         ; 8.000        ; 0.330      ; 6.291      ;
; 2.051 ; layer2_cuckoo:u_layer2|mem2_r[60]_OTERM795_OTERM2881                                                                                                                                               ; layer2_cuckoo:u_layer2|match2_OTERM5475                                                                                                                                                            ; clk          ; clk         ; 8.000        ; 0.329      ; 6.277      ;
; 2.061 ; layer2_cuckoo:u_layer2|mem0_r[42]_OTERM51_OTERM4031                                                                                                                                                ; layer2_cuckoo:u_layer2|match0_OTERM5455                                                                                                                                                            ; clk          ; clk         ; 8.000        ; 0.329      ; 6.267      ;
; 2.066 ; layer2_cuckoo:u_layer2|altsyncram:cuckoo_bank_0_rtl_0|altsyncram_kq91:auto_generated|altsyncram:ram_block1a0|altsyncram_aqa3:auto_generated|ram_block1a510~porta_address_reg0                      ; layer2_cuckoo:u_layer2|altsyncram:cuckoo_bank_0_rtl_0|altsyncram_kq91:auto_generated|altsyncram:ram_block1a0|altsyncram_aqa3:auto_generated|mux_eqb:mux2|result_node[126]~764_OTERM6117_OTERM9417  ; clk          ; clk         ; 8.000        ; -0.386     ; 5.547      ;
; 2.079 ; layer2_cuckoo:u_layer2|mem0_r[43]_OTERM41                                                                                                                                                          ; layer2_cuckoo:u_layer2|match0_OTERM5455                                                                                                                                                            ; clk          ; clk         ; 8.000        ; 0.321      ; 6.241      ;
; 2.082 ; layer2_cuckoo:u_layer2|mem1_r[43]_OTERM807                                                                                                                                                         ; layer2_cuckoo:u_layer2|match1_OTERM5465                                                                                                                                                            ; clk          ; clk         ; 8.000        ; 0.363      ; 6.280      ;
; 2.092 ; layer2_cuckoo:u_layer2|altsyncram:cuckoo_bank_1_rtl_0|altsyncram_lq91:auto_generated|altsyncram:ram_block1a0|altsyncram_bqa3:auto_generated|ram_block1a354~porta_address_reg0                      ; layer2_cuckoo:u_layer2|altsyncram:cuckoo_bank_1_rtl_0|altsyncram_lq91:auto_generated|altsyncram:ram_block1a0|altsyncram_bqa3:auto_generated|mux_eqb:mux2|result_node[104]~634_OTERM8511            ; clk          ; clk         ; 8.000        ; -0.040     ; 5.867      ;
; 2.106 ; layer2_cuckoo:u_layer2|altsyncram:cuckoo_bank_2_rtl_0|altsyncram_mq91:auto_generated|altsyncram:ram_block1a0|altsyncram_cqa3:auto_generated|ram_block1a90~porta_address_reg0                       ; layer2_cuckoo:u_layer2|altsyncram:cuckoo_bank_2_rtl_0|altsyncram_mq91:auto_generated|altsyncram:ram_block1a0|altsyncram_cqa3:auto_generated|mux_eqb:mux2|result_node[93]~556_OTERM8793             ; clk          ; clk         ; 8.000        ; -0.045     ; 5.848      ;
; 2.112 ; layer2_cuckoo:u_layer2|mem1_r[95]_OTERM1363_OTERM4401                                                                                                                                              ; layer2_cuckoo:u_layer2|match1_OTERM5465                                                                                                                                                            ; clk          ; clk         ; 8.000        ; 0.360      ; 6.247      ;
; 2.114 ; layer2_cuckoo:u_layer2|altsyncram:cuckoo_bank_2_rtl_0|altsyncram_mq91:auto_generated|altsyncram:ram_block1a0|altsyncram_cqa3:auto_generated|ram_block1a346~porta_address_reg0                      ; layer2_cuckoo:u_layer2|altsyncram:cuckoo_bank_2_rtl_0|altsyncram_mq91:auto_generated|altsyncram:ram_block1a0|altsyncram_cqa3:auto_generated|mux_eqb:mux2|result_node[93]~556_OTERM8793             ; clk          ; clk         ; 8.000        ; -0.047     ; 5.838      ;
; 2.125 ; layer2_cuckoo:u_layer2|altsyncram:cuckoo_bank_1_rtl_0|altsyncram_lq91:auto_generated|altsyncram:ram_block1a0|altsyncram_bqa3:auto_generated|ram_block1a354~porta_address_reg0                      ; layer2_cuckoo:u_layer2|altsyncram:cuckoo_bank_1_rtl_0|altsyncram_lq91:auto_generated|altsyncram:ram_block1a0|altsyncram_bqa3:auto_generated|mux_eqb:mux2|result_node[101]~604_OTERM8527            ; clk          ; clk         ; 8.000        ; 0.016      ; 5.890      ;
; 2.133 ; layer2_cuckoo:u_layer2|altsyncram:cuckoo_bank_0_rtl_0|altsyncram_kq91:auto_generated|altsyncram:ram_block1a0|altsyncram_aqa3:auto_generated|mux_eqb:mux2|result_node[6]~44_OTERM6265_OTERM10215    ; layer2_cuckoo:u_layer2|match0_OTERM5453                                                                                                                                                            ; clk          ; clk         ; 8.000        ; 0.289      ; 6.155      ;
; 2.138 ; layer2_cuckoo:u_layer2|altsyncram:cuckoo_bank_0_rtl_0|altsyncram_kq91:auto_generated|altsyncram:ram_block1a0|altsyncram_aqa3:auto_generated|ram_block1a638~porta_address_reg0                      ; layer2_cuckoo:u_layer2|altsyncram:cuckoo_bank_0_rtl_0|altsyncram_kq91:auto_generated|altsyncram:ram_block1a0|altsyncram_aqa3:auto_generated|mux_eqb:mux2|result_node[127]~760_OTERM7981            ; clk          ; clk         ; 8.000        ; -0.059     ; 5.802      ;
; 2.143 ; layer2_cuckoo:u_layer2|altsyncram:cuckoo_bank_1_rtl_0|altsyncram_lq91:auto_generated|altsyncram:ram_block1a0|altsyncram_bqa3:auto_generated|mux_eqb:mux2|result_node[53]~316_OTERM8373             ; layer2_cuckoo:u_layer2|match1_OTERM5463                                                                                                                                                            ; clk          ; clk         ; 8.000        ; 0.320      ; 6.176      ;
; 2.146 ; layer2_cuckoo:u_layer2|altsyncram:cuckoo_bank_2_rtl_0|altsyncram_mq91:auto_generated|altsyncram:ram_block1a0|altsyncram_cqa3:auto_generated|ram_block1a54~porta_address_reg0                       ; layer2_cuckoo:u_layer2|altsyncram:cuckoo_bank_2_rtl_0|altsyncram_mq91:auto_generated|altsyncram:ram_block1a0|altsyncram_cqa3:auto_generated|mux_eqb:mux2|result_node[60]~370_OTERM8785             ; clk          ; clk         ; 8.000        ; -0.406     ; 5.447      ;
; 2.149 ; layer2_cuckoo:u_layer2|altsyncram:cuckoo_bank_0_rtl_0|altsyncram_kq91:auto_generated|altsyncram:ram_block1a0|altsyncram_aqa3:auto_generated|ram_block1a126~porta_address_reg0                      ; layer2_cuckoo:u_layer2|altsyncram:cuckoo_bank_0_rtl_0|altsyncram_kq91:auto_generated|altsyncram:ram_block1a0|altsyncram_aqa3:auto_generated|mux_eqb:mux2|result_node[126]~764_OTERM6117_OTERM9415  ; clk          ; clk         ; 8.000        ; -0.414     ; 5.436      ;
; 2.158 ; layer2_cuckoo:u_layer2|altsyncram:cuckoo_bank_1_rtl_0|altsyncram_lq91:auto_generated|altsyncram:ram_block1a0|altsyncram_bqa3:auto_generated|ram_block1a822~porta_address_reg0                      ; layer2_cuckoo:u_layer2|altsyncram:cuckoo_bank_1_rtl_0|altsyncram_lq91:auto_generated|altsyncram:ram_block1a0|altsyncram_bqa3:auto_generated|mux_eqb:mux2|result_node[63]~374_OTERM5799_OTERM10081  ; clk          ; clk         ; 8.000        ; -0.066     ; 5.775      ;
; 2.167 ; layer2_cuckoo:u_layer2|mem2_r[92]_OTERM1303_OTERM4441                                                                                                                                              ; layer2_cuckoo:u_layer2|match2_OTERM5473                                                                                                                                                            ; clk          ; clk         ; 8.000        ; 0.324      ; 6.156      ;
; 2.169 ; layer2_cuckoo:u_layer2|altsyncram:cuckoo_bank_1_rtl_0|altsyncram_lq91:auto_generated|altsyncram:ram_block1a0|altsyncram_bqa3:auto_generated|ram_block1a994~porta_address_reg0                      ; layer2_cuckoo:u_layer2|altsyncram:cuckoo_bank_1_rtl_0|altsyncram_lq91:auto_generated|altsyncram:ram_block1a0|altsyncram_bqa3:auto_generated|mux_eqb:mux2|result_node[102]~620_OTERM5941_OTERM10553 ; clk          ; clk         ; 8.000        ; -0.417     ; 5.413      ;
; 2.176 ; layer1_bloom:u_layer1|b1_r_OTERM25_OTERM2417_OTERM6561                                                                                                                                             ; layer1_bloom:u_layer1|hint_verify                                                                                                                                                                  ; clk          ; clk         ; 8.000        ; -0.345     ; 5.478      ;
; 2.178 ; layer2_cuckoo:u_layer2|altsyncram:cuckoo_bank_1_rtl_0|altsyncram_lq91:auto_generated|altsyncram:ram_block1a0|altsyncram_bqa3:auto_generated|ram_block1a738~porta_address_reg0                      ; layer2_cuckoo:u_layer2|altsyncram:cuckoo_bank_1_rtl_0|altsyncram_lq91:auto_generated|altsyncram:ram_block1a0|altsyncram_bqa3:auto_generated|mux_eqb:mux2|result_node[100]~608_OTERM5929_OTERM10441 ; clk          ; clk         ; 8.000        ; -0.069     ; 5.752      ;
; 2.189 ; layer2_cuckoo:u_layer2|altsyncram:cuckoo_bank_1_rtl_0|altsyncram_lq91:auto_generated|altsyncram:ram_block1a0|altsyncram_bqa3:auto_generated|ram_block1a264~porta_address_reg0                      ; layer2_cuckoo:u_layer2|altsyncram:cuckoo_bank_1_rtl_0|altsyncram_lq91:auto_generated|altsyncram:ram_block1a0|altsyncram_bqa3:auto_generated|mux_eqb:mux2|result_node[15]~88_OTERM8489              ; clk          ; clk         ; 8.000        ; -0.411     ; 5.399      ;
; 2.199 ; layer2_cuckoo:u_layer2|altsyncram:cuckoo_bank_0_rtl_0|altsyncram_kq91:auto_generated|altsyncram:ram_block1a0|altsyncram_aqa3:auto_generated|ram_block1a226~porta_address_reg0                      ; layer2_cuckoo:u_layer2|altsyncram:cuckoo_bank_0_rtl_0|altsyncram_kq91:auto_generated|altsyncram:ram_block1a0|altsyncram_aqa3:auto_generated|mux_eqb:mux2|result_node[98]~596_OTERM6175_OTERM9447   ; clk          ; clk         ; 8.000        ; -0.381     ; 5.419      ;
; 2.202 ; layer2_cuckoo:u_layer2|altsyncram:cuckoo_bank_0_rtl_0|altsyncram_kq91:auto_generated|altsyncram:ram_block1a0|altsyncram_aqa3:auto_generated|mux_eqb:mux2|result_node[90]~548_OTERM6069_OTERM9285   ; layer2_cuckoo:u_layer2|match0_OTERM5457                                                                                                                                                            ; clk          ; clk         ; 8.000        ; 0.275      ; 6.072      ;
; 2.207 ; layer2_cuckoo:u_layer2|altsyncram:cuckoo_bank_1_rtl_0|altsyncram_lq91:auto_generated|altsyncram:ram_block1a0|altsyncram_bqa3:auto_generated|mux_eqb:mux2|result_node[100]~608_OTERM5929_OTERM10439 ; layer2_cuckoo:u_layer2|match1_OTERM5467                                                                                                                                                            ; clk          ; clk         ; 8.000        ; -0.031     ; 5.761      ;
; 2.210 ; layer2_cuckoo:u_layer2|altsyncram:cuckoo_bank_0_rtl_0|altsyncram_kq91:auto_generated|altsyncram:ram_block1a0|altsyncram_aqa3:auto_generated|ram_block1a410~porta_address_reg0                      ; layer2_cuckoo:u_layer2|altsyncram:cuckoo_bank_0_rtl_0|altsyncram_kq91:auto_generated|altsyncram:ram_block1a0|altsyncram_aqa3:auto_generated|mux_eqb:mux2|result_node[26]~164_OTERM6169_OTERM9267   ; clk          ; clk         ; 8.000        ; -0.432     ; 5.357      ;
; 2.212 ; layer2_cuckoo:u_layer2|altsyncram:cuckoo_bank_1_rtl_0|altsyncram_lq91:auto_generated|altsyncram:ram_block1a0|altsyncram_bqa3:auto_generated|ram_block1a994~porta_address_reg0                      ; layer2_cuckoo:u_layer2|altsyncram:cuckoo_bank_1_rtl_0|altsyncram_lq91:auto_generated|altsyncram:ram_block1a0|altsyncram_bqa3:auto_generated|mux_eqb:mux2|result_node[101]~602_OTERM5911_OTERM10369 ; clk          ; clk         ; 8.000        ; -0.040     ; 5.747      ;
; 2.221 ; layer2_cuckoo:u_layer2|altsyncram:cuckoo_bank_0_rtl_0|altsyncram_kq91:auto_generated|altsyncram:ram_block1a0|altsyncram_aqa3:auto_generated|ram_block1a226~porta_address_reg0                      ; layer2_cuckoo:u_layer2|altsyncram:cuckoo_bank_0_rtl_0|altsyncram_kq91:auto_generated|altsyncram:ram_block1a0|altsyncram_aqa3:auto_generated|mux_eqb:mux2|result_node[103]~614_OTERM6199_OTERM9555  ; clk          ; clk         ; 8.000        ; -0.384     ; 5.394      ;
; 2.223 ; layer2_cuckoo:u_layer2|mem2_r[93]_OTERM1309_OTERM4437                                                                                                                                              ; layer2_cuckoo:u_layer2|match2_OTERM5473                                                                                                                                                            ; clk          ; clk         ; 8.000        ; 0.324      ; 6.100      ;
; 2.230 ; layer2_cuckoo:u_layer2|altsyncram:cuckoo_bank_0_rtl_0|altsyncram_kq91:auto_generated|altsyncram:ram_block1a0|altsyncram_aqa3:auto_generated|ram_block1a0~porta_address_reg0                        ; layer2_cuckoo:u_layer2|altsyncram:cuckoo_bank_0_rtl_0|altsyncram_kq91:auto_generated|altsyncram:ram_block1a0|altsyncram_aqa3:auto_generated|mux_eqb:mux2|result_node[3]~14_OTERM6233_OTERM9433     ; clk          ; clk         ; 8.000        ; 0.015      ; 5.784      ;
; 2.242 ; layer2_cuckoo:u_layer2|altsyncram:cuckoo_bank_2_rtl_0|altsyncram_mq91:auto_generated|altsyncram:ram_block1a0|altsyncram_cqa3:auto_generated|ram_block1a346~porta_address_reg0                      ; layer2_cuckoo:u_layer2|altsyncram:cuckoo_bank_2_rtl_0|altsyncram_mq91:auto_generated|altsyncram:ram_block1a0|altsyncram_cqa3:auto_generated|mux_eqb:mux2|result_node[92]~562_OTERM8805             ; clk          ; clk         ; 8.000        ; -0.047     ; 5.710      ;
; 2.247 ; layer1_bloom:u_layer1|b4_r_OTERM39_OTERM2437_OTERM6353                                                                                                                                             ; layer1_bloom:u_layer1|hint_verify                                                                                                                                                                  ; clk          ; clk         ; 8.000        ; -0.245     ; 5.507      ;
; 2.250 ; layer2_cuckoo:u_layer2|altsyncram:cuckoo_bank_1_rtl_0|altsyncram_lq91:auto_generated|altsyncram:ram_block1a0|altsyncram_bqa3:auto_generated|mux_eqb:mux2|result_node[104]~633_OTERM8259_OTERM10963 ; layer2_cuckoo:u_layer2|match1_OTERM5467                                                                                                                                                            ; clk          ; clk         ; 8.000        ; 0.368      ; 6.117      ;
; 2.261 ; layer2_cuckoo:u_layer2|altsyncram:cuckoo_bank_1_rtl_0|altsyncram_lq91:auto_generated|altsyncram:ram_block1a0|altsyncram_bqa3:auto_generated|ram_block1a766~porta_address_reg0                      ; layer2_cuckoo:u_layer2|altsyncram:cuckoo_bank_1_rtl_0|altsyncram_lq91:auto_generated|altsyncram:ram_block1a0|altsyncram_bqa3:auto_generated|mux_eqb:mux2|result_node[127]~758_OTERM5835_OTERM10023 ; clk          ; clk         ; 8.000        ; -0.076     ; 5.662      ;
; 2.263 ; layer2_cuckoo:u_layer2|altsyncram:cuckoo_bank_2_rtl_0|altsyncram_mq91:auto_generated|altsyncram:ram_block1a0|altsyncram_cqa3:auto_generated|ram_block1a776~porta_address_reg0                      ; layer2_cuckoo:u_layer2|altsyncram:cuckoo_bank_2_rtl_0|altsyncram_mq91:auto_generated|altsyncram:ram_block1a0|altsyncram_cqa3:auto_generated|mux_eqb:mux2|result_node[13]~74_OTERM5595_OTERM9745    ; clk          ; clk         ; 8.000        ; -0.033     ; 5.703      ;
; 2.274 ; layer2_cuckoo:u_layer2|altsyncram:cuckoo_bank_0_rtl_0|altsyncram_kq91:auto_generated|altsyncram:ram_block1a0|altsyncram_aqa3:auto_generated|ram_block1a482~porta_address_reg0                      ; layer2_cuckoo:u_layer2|altsyncram:cuckoo_bank_0_rtl_0|altsyncram_kq91:auto_generated|altsyncram:ram_block1a0|altsyncram_aqa3:auto_generated|mux_eqb:mux2|result_node[103]~614_OTERM6199_OTERM9555  ; clk          ; clk         ; 8.000        ; -0.388     ; 5.337      ;
; 2.274 ; layer2_cuckoo:u_layer2|altsyncram:cuckoo_bank_0_rtl_0|altsyncram_kq91:auto_generated|altsyncram:ram_block1a0|altsyncram_aqa3:auto_generated|ram_block1a410~porta_address_reg0                      ; layer2_cuckoo:u_layer2|altsyncram:cuckoo_bank_0_rtl_0|altsyncram_kq91:auto_generated|altsyncram:ram_block1a0|altsyncram_aqa3:auto_generated|mux_eqb:mux2|result_node[32]~200_OTERM6231_OTERM9643   ; clk          ; clk         ; 8.000        ; -0.438     ; 5.287      ;
; 2.281 ; layer2_cuckoo:u_layer2|altsyncram:cuckoo_bank_2_rtl_0|altsyncram_mq91:auto_generated|altsyncram:ram_block1a0|altsyncram_cqa3:auto_generated|ram_block1a382~porta_address_reg0                      ; layer2_cuckoo:u_layer2|altsyncram:cuckoo_bank_2_rtl_0|altsyncram_mq91:auto_generated|altsyncram:ram_block1a0|altsyncram_cqa3:auto_generated|mux_eqb:mux2|result_node[127]~760_OTERM8815            ; clk          ; clk         ; 8.000        ; -0.404     ; 5.314      ;
; 2.281 ; layer2_cuckoo:u_layer2|altsyncram:cuckoo_bank_0_rtl_0|altsyncram_kq91:auto_generated|altsyncram:ram_block1a0|altsyncram_aqa3:auto_generated|ram_block1a894~porta_address_reg0                      ; layer2_cuckoo:u_layer2|altsyncram:cuckoo_bank_0_rtl_0|altsyncram_kq91:auto_generated|altsyncram:ram_block1a0|altsyncram_aqa3:auto_generated|mux_eqb:mux2|result_node[127]~760_OTERM7981            ; clk          ; clk         ; 8.000        ; -0.040     ; 5.678      ;
; 2.289 ; layer2_cuckoo:u_layer2|altsyncram:cuckoo_bank_2_rtl_0|altsyncram_mq91:auto_generated|altsyncram:ram_block1a0|altsyncram_cqa3:auto_generated|ram_block1a894~porta_address_reg0                      ; layer2_cuckoo:u_layer2|altsyncram:cuckoo_bank_2_rtl_0|altsyncram_mq91:auto_generated|altsyncram:ram_block1a0|altsyncram_cqa3:auto_generated|mux_eqb:mux2|result_node[126]~764_OTERM5573_OTERM10153 ; clk          ; clk         ; 8.000        ; -0.418     ; 5.292      ;
; 2.289 ; layer2_cuckoo:u_layer2|altsyncram:cuckoo_bank_2_rtl_0|altsyncram_mq91:auto_generated|altsyncram:ram_block1a0|altsyncram_cqa3:auto_generated|ram_block1a884~porta_address_reg0                      ; layer2_cuckoo:u_layer2|altsyncram:cuckoo_bank_2_rtl_0|altsyncram_mq91:auto_generated|altsyncram:ram_block1a0|altsyncram_cqa3:auto_generated|mux_eqb:mux2|result_node[125]~746_OTERM5571_OTERM10157 ; clk          ; clk         ; 8.000        ; -0.386     ; 5.324      ;
; 2.289 ; layer2_cuckoo:u_layer2|altsyncram:cuckoo_bank_0_rtl_0|altsyncram_kq91:auto_generated|altsyncram:ram_block1a0|altsyncram_aqa3:auto_generated|ram_block1a894~porta_address_reg0                      ; layer2_cuckoo:u_layer2|altsyncram:cuckoo_bank_0_rtl_0|altsyncram_kq91:auto_generated|altsyncram:ram_block1a0|altsyncram_aqa3:auto_generated|mux_eqb:mux2|result_node[126]~766_OTERM7989            ; clk          ; clk         ; 8.000        ; 0.018      ; 5.728      ;
; 2.291 ; layer1_bloom:u_layer1|b4_r_OTERM35_OTERM2393_OTERM6373                                                                                                                                             ; layer1_bloom:u_layer1|hint_verify                                                                                                                                                                  ; clk          ; clk         ; 8.000        ; -0.282     ; 5.426      ;
; 2.295 ; layer2_cuckoo:u_layer2|r_a0[2]                                                                                                                                                                     ; layer2_cuckoo:u_layer2|altsyncram:cuckoo_bank_1_rtl_0|altsyncram_lq91:auto_generated|altsyncram:ram_block1a0|altsyncram_bqa3:auto_generated|ram_block1a126~porta_address_reg0                      ; clk          ; clk         ; 8.000        ; 0.259      ; 5.994      ;
; 2.299 ; layer2_cuckoo:u_layer2|altsyncram:cuckoo_bank_1_rtl_0|altsyncram_lq91:auto_generated|altsyncram:ram_block1a0|altsyncram_bqa3:auto_generated|ram_block1a756~porta_address_reg0                      ; layer2_cuckoo:u_layer2|altsyncram:cuckoo_bank_1_rtl_0|altsyncram_lq91:auto_generated|altsyncram:ram_block1a0|altsyncram_bqa3:auto_generated|mux_eqb:mux2|result_node[119]~710_OTERM5823_OTERM10047 ; clk          ; clk         ; 8.000        ; -0.401     ; 5.299      ;
; 2.299 ; layer1_bloom:u_layer1|b1_r_OTERM31_OTERM2423_OTERM6287                                                                                                                                             ; layer1_bloom:u_layer1|hint_verify                                                                                                                                                                  ; clk          ; clk         ; 8.000        ; -0.344     ; 5.356      ;
; 2.299 ; layer2_cuckoo:u_layer2|altsyncram:cuckoo_bank_1_rtl_0|altsyncram_lq91:auto_generated|altsyncram:ram_block1a0|altsyncram_bqa3:auto_generated|ram_block1a126~porta_address_reg0                      ; layer2_cuckoo:u_layer2|altsyncram:cuckoo_bank_1_rtl_0|altsyncram_lq91:auto_generated|altsyncram:ram_block1a0|altsyncram_bqa3:auto_generated|mux_eqb:mux2|result_node[127]~760_OTERM8449            ; clk          ; clk         ; 8.000        ; -0.430     ; 5.270      ;
; 2.301 ; layer2_cuckoo:u_layer2|altsyncram:cuckoo_bank_0_rtl_0|altsyncram_kq91:auto_generated|altsyncram:ram_block1a0|altsyncram_aqa3:auto_generated|mux_eqb:mux2|result_node[90]~548_OTERM6069_OTERM9283   ; layer2_cuckoo:u_layer2|match0_OTERM5457                                                                                                                                                            ; clk          ; clk         ; 8.000        ; 0.275      ; 5.973      ;
; 2.301 ; layer2_cuckoo:u_layer2|mem0_r[6]_OTERM2105_OTERM3815                                                                                                                                               ; layer2_cuckoo:u_layer2|match0_OTERM5455                                                                                                                                                            ; clk          ; clk         ; 8.000        ; 0.328      ; 6.026      ;
; 2.301 ; layer2_cuckoo:u_layer2|altsyncram:cuckoo_bank_1_rtl_0|altsyncram_lq91:auto_generated|altsyncram:ram_block1a0|altsyncram_bqa3:auto_generated|ram_block1a566~porta_address_reg0                      ; layer2_cuckoo:u_layer2|altsyncram:cuckoo_bank_1_rtl_0|altsyncram_lq91:auto_generated|altsyncram:ram_block1a0|altsyncram_bqa3:auto_generated|mux_eqb:mux2|result_node[55]~326_OTERM5769_OTERM10101  ; clk          ; clk         ; 8.000        ; -0.102     ; 5.596      ;
; 2.302 ; layer2_cuckoo:u_layer2|altsyncram:cuckoo_bank_2_rtl_0|altsyncram_mq91:auto_generated|altsyncram:ram_block1a0|altsyncram_cqa3:auto_generated|ram_block1a318~porta_address_reg0                      ; layer2_cuckoo:u_layer2|altsyncram:cuckoo_bank_2_rtl_0|altsyncram_mq91:auto_generated|altsyncram:ram_block1a0|altsyncram_cqa3:auto_generated|mux_eqb:mux2|result_node[69]~412_OTERM8881             ; clk          ; clk         ; 8.000        ; -0.421     ; 5.276      ;
; 2.303 ; layer2_cuckoo:u_layer2|altsyncram:cuckoo_bank_0_rtl_0|altsyncram_kq91:auto_generated|altsyncram:ram_block1a0|altsyncram_aqa3:auto_generated|ram_block1a382~porta_address_reg0                      ; layer2_cuckoo:u_layer2|altsyncram:cuckoo_bank_0_rtl_0|altsyncram_kq91:auto_generated|altsyncram:ram_block1a0|altsyncram_aqa3:auto_generated|mux_eqb:mux2|result_node[126]~764_OTERM6117_OTERM9415  ; clk          ; clk         ; 8.000        ; -0.417     ; 5.279      ;
; 2.304 ; layer2_cuckoo:u_layer2|altsyncram:cuckoo_bank_1_rtl_0|altsyncram_lq91:auto_generated|altsyncram:ram_block1a0|altsyncram_bqa3:auto_generated|ram_block1a628~porta_address_reg0                      ; layer2_cuckoo:u_layer2|altsyncram:cuckoo_bank_1_rtl_0|altsyncram_lq91:auto_generated|altsyncram:ram_block1a0|altsyncram_bqa3:auto_generated|mux_eqb:mux2|result_node[119]~710_OTERM5823_OTERM10049 ; clk          ; clk         ; 8.000        ; -0.407     ; 5.288      ;
; 2.304 ; layer1_bloom:u_layer1|b4_r_OTERM35_OTERM2391_OTERM6457                                                                                                                                             ; layer1_bloom:u_layer1|hint_verify                                                                                                                                                                  ; clk          ; clk         ; 8.000        ; -0.293     ; 5.402      ;
; 2.306 ; layer2_cuckoo:u_layer2|altsyncram:cuckoo_bank_1_rtl_0|altsyncram_lq91:auto_generated|altsyncram:ram_block1a0|altsyncram_bqa3:auto_generated|mux_eqb:mux2|result_node[101]~602_OTERM5911_OTERM10367 ; layer2_cuckoo:u_layer2|match1_OTERM5467                                                                                                                                                            ; clk          ; clk         ; 8.000        ; -0.047     ; 5.646      ;
; 2.308 ; layer2_cuckoo:u_layer2|altsyncram:cuckoo_bank_1_rtl_0|altsyncram_lq91:auto_generated|altsyncram:ram_block1a0|altsyncram_bqa3:auto_generated|mux_eqb:mux2|result_node[101]~602_OTERM5911_OTERM10369 ; layer2_cuckoo:u_layer2|match1_OTERM5467                                                                                                                                                            ; clk          ; clk         ; 8.000        ; -0.047     ; 5.644      ;
; 2.310 ; layer2_cuckoo:u_layer2|altsyncram:cuckoo_bank_1_rtl_0|altsyncram_lq91:auto_generated|altsyncram:ram_block1a0|altsyncram_bqa3:auto_generated|ram_block1a950~porta_address_reg0                      ; layer2_cuckoo:u_layer2|altsyncram:cuckoo_bank_1_rtl_0|altsyncram_lq91:auto_generated|altsyncram:ram_block1a0|altsyncram_bqa3:auto_generated|mux_eqb:mux2|result_node[55]~326_OTERM5769_OTERM10099  ; clk          ; clk         ; 8.000        ; -0.477     ; 5.212      ;
; 2.315 ; layer2_cuckoo:u_layer2|altsyncram:cuckoo_bank_1_rtl_0|altsyncram_lq91:auto_generated|altsyncram:ram_block1a0|altsyncram_bqa3:auto_generated|ram_block1a822~porta_address_reg0                      ; layer2_cuckoo:u_layer2|altsyncram:cuckoo_bank_1_rtl_0|altsyncram_lq91:auto_generated|altsyncram:ram_block1a0|altsyncram_bqa3:auto_generated|mux_eqb:mux2|result_node[55]~326_OTERM5769_OTERM10101  ; clk          ; clk         ; 8.000        ; -0.103     ; 5.581      ;
; 2.317 ; layer2_cuckoo:u_layer2|altsyncram:cuckoo_bank_2_rtl_0|altsyncram_mq91:auto_generated|altsyncram:ram_block1a0|altsyncram_cqa3:auto_generated|ram_block1a1012~porta_address_reg0                     ; layer2_cuckoo:u_layer2|altsyncram:cuckoo_bank_2_rtl_0|altsyncram_mq91:auto_generated|altsyncram:ram_block1a0|altsyncram_cqa3:auto_generated|mux_eqb:mux2|result_node[118]~716_OTERM5577_OTERM10143 ; clk          ; clk         ; 8.000        ; -0.389     ; 5.293      ;
; 2.319 ; layer2_cuckoo:u_layer2|altsyncram:cuckoo_bank_0_rtl_0|altsyncram_kq91:auto_generated|altsyncram:ram_block1a0|altsyncram_aqa3:auto_generated|ram_block1a256~porta_address_reg0                      ; layer2_cuckoo:u_layer2|altsyncram:cuckoo_bank_0_rtl_0|altsyncram_kq91:auto_generated|altsyncram:ram_block1a0|altsyncram_aqa3:auto_generated|mux_eqb:mux2|result_node[6]~44_OTERM6265_OTERM10217    ; clk          ; clk         ; 8.000        ; -0.426     ; 5.254      ;
; 2.321 ; layer2_cuckoo:u_layer2|altsyncram:cuckoo_bank_1_rtl_0|altsyncram_lq91:auto_generated|altsyncram:ram_block1a0|altsyncram_bqa3:auto_generated|ram_block1a98~porta_address_reg0                       ; layer2_cuckoo:u_layer2|altsyncram:cuckoo_bank_1_rtl_0|altsyncram_lq91:auto_generated|altsyncram:ram_block1a0|altsyncram_bqa3:auto_generated|mux_eqb:mux2|result_node[101]~604_OTERM8527            ; clk          ; clk         ; 8.000        ; 0.036      ; 5.714      ;
; 2.321 ; layer1_bloom:u_layer1|b1_r_OTERM31_OTERM2425_OTERM6301                                                                                                                                             ; layer1_bloom:u_layer1|hint_verify                                                                                                                                                                  ; clk          ; clk         ; 8.000        ; -0.339     ; 5.339      ;
; 2.322 ; layer2_cuckoo:u_layer2|altsyncram:cuckoo_bank_1_rtl_0|altsyncram_lq91:auto_generated|altsyncram:ram_block1a0|altsyncram_bqa3:auto_generated|ram_block1a382~porta_address_reg0                      ; layer2_cuckoo:u_layer2|altsyncram:cuckoo_bank_1_rtl_0|altsyncram_lq91:auto_generated|altsyncram:ram_block1a0|altsyncram_bqa3:auto_generated|mux_eqb:mux2|result_node[127]~760_OTERM8449            ; clk          ; clk         ; 8.000        ; -0.429     ; 5.248      ;
; 2.323 ; layer2_cuckoo:u_layer2|mem1_r[95]_OTERM1363_OTERM4403                                                                                                                                              ; layer2_cuckoo:u_layer2|match1_OTERM5465                                                                                                                                                            ; clk          ; clk         ; 8.000        ; 0.360      ; 6.036      ;
; 2.323 ; layer2_cuckoo:u_layer2|altsyncram:cuckoo_bank_2_rtl_0|altsyncram_mq91:auto_generated|altsyncram:ram_block1a0|altsyncram_cqa3:auto_generated|ram_block1a1022~porta_address_reg0                     ; layer2_cuckoo:u_layer2|altsyncram:cuckoo_bank_2_rtl_0|altsyncram_mq91:auto_generated|altsyncram:ram_block1a0|altsyncram_cqa3:auto_generated|mux_eqb:mux2|result_node[126]~764_OTERM5573_OTERM10151 ; clk          ; clk         ; 8.000        ; -0.387     ; 5.289      ;
; 2.324 ; layer2_cuckoo:u_layer2|altsyncram:cuckoo_bank_1_rtl_0|altsyncram_lq91:auto_generated|altsyncram:ram_block1a0|altsyncram_bqa3:auto_generated|ram_block1a866~porta_address_reg0                      ; layer2_cuckoo:u_layer2|altsyncram:cuckoo_bank_1_rtl_0|altsyncram_lq91:auto_generated|altsyncram:ram_block1a0|altsyncram_bqa3:auto_generated|mux_eqb:mux2|result_node[98]~596_OTERM5893_OTERM10297  ; clk          ; clk         ; 8.000        ; -0.409     ; 5.266      ;
+-------+----------------------------------------------------------------------------------------------------------------------------------------------------------------------------------------------------+----------------------------------------------------------------------------------------------------------------------------------------------------------------------------------------------------+--------------+-------------+--------------+------------+------------+


+-----------------------------------------------------------------------------------------------------------------------------------------------------------------------------------------------------------------------------------------------------------------------------------------------------+
; Slow 1200mV 0C Model Hold: 'clk'                                                                                                                                                                                                                                                                    ;
+-------+---------------------------------------+-------------------------------------------------------------------------------------------------------------------------------------------------------------------------------+--------------+-------------+--------------+------------+------------+
; Slack ; From Node                             ; To Node                                                                                                                                                                       ; Launch Clock ; Latch Clock ; Relationship ; Clock Skew ; Data Delay ;
+-------+---------------------------------------+-------------------------------------------------------------------------------------------------------------------------------------------------------------------------------+--------------+-------------+--------------+------------+------------+
; 0.330 ; flow_d4[116]                          ; layer2_cuckoo:u_layer2|r_flow[116]                                                                                                                                            ; clk          ; clk         ; 0.000        ; 0.472      ; 0.973      ;
; 0.378 ; layer2_cuckoo:u_layer2|r_flow[45]     ; layer2_cuckoo:u_layer2|r_flow_d1[45]                                                                                                                                          ; clk          ; clk         ; 0.000        ; 0.090      ; 0.639      ;
; 0.380 ; in_flow[121]                          ; flow_d1[121]                                                                                                                                                                  ; clk          ; clk         ; 0.000        ; 0.088      ; 0.639      ;
; 0.380 ; flow_d2[26]                           ; flow_d3[26]                                                                                                                                                                   ; clk          ; clk         ; 0.000        ; 0.088      ; 0.639      ;
; 0.381 ; layer2_cuckoo:u_layer2|r_a0[0]        ; layer2_cuckoo:u_layer2|altsyncram:cuckoo_bank_0_rtl_0|altsyncram_kq91:auto_generated|altsyncram:ram_block1a0|altsyncram_aqa3:auto_generated|ram_block1a310~porta_address_reg0 ; clk          ; clk         ; 0.000        ; 0.385      ; 0.967      ;
; 0.382 ; layer2_cuckoo:u_layer2|r_flow[103]    ; layer2_cuckoo:u_layer2|r_flow_d1[103]                                                                                                                                         ; clk          ; clk         ; 0.000        ; 0.088      ; 0.641      ;
; 0.382 ; in_flow[85]                           ; flow_d1[85]                                                                                                                                                                   ; clk          ; clk         ; 0.000        ; 0.086      ; 0.639      ;
; 0.384 ; layer2_cuckoo:u_layer2|r_flow[6]      ; layer2_cuckoo:u_layer2|r_flow_d1[6]                                                                                                                                           ; clk          ; clk         ; 0.000        ; 0.086      ; 0.641      ;
; 0.387 ; in_flow[54]                           ; flow_d1[54]                                                                                                                                                                   ; clk          ; clk         ; 0.000        ; 0.087      ; 0.645      ;
; 0.388 ; flow_d4[43]                           ; layer2_cuckoo:u_layer2|r_a0[3]                                                                                                                                                ; clk          ; clk         ; 0.000        ; 0.073      ; 0.632      ;
; 0.393 ; in_flow[68]                           ; layer1_bloom:u_layer1|r_h0[9]                                                                                                                                                 ; clk          ; clk         ; 0.000        ; 0.073      ; 0.637      ;
; 0.393 ; flow_d4[14]                           ; layer2_cuckoo:u_layer2|r_flow[14]                                                                                                                                             ; clk          ; clk         ; 0.000        ; 0.074      ; 0.638      ;
; 0.394 ; flow_d2[48]                           ; flow_d3[48]                                                                                                                                                                   ; clk          ; clk         ; 0.000        ; 0.073      ; 0.638      ;
; 0.394 ; flow_d2[68]                           ; flow_d3[68]                                                                                                                                                                   ; clk          ; clk         ; 0.000        ; 0.073      ; 0.638      ;
; 0.394 ; flow_d2[57]                           ; flow_d3[57]                                                                                                                                                                   ; clk          ; clk         ; 0.000        ; 0.073      ; 0.638      ;
; 0.394 ; flow_d3[63]                           ; flow_d4[63]                                                                                                                                                                   ; clk          ; clk         ; 0.000        ; 0.073      ; 0.638      ;
; 0.394 ; flow_d2[40]                           ; flow_d3[40]                                                                                                                                                                   ; clk          ; clk         ; 0.000        ; 0.073      ; 0.638      ;
; 0.394 ; flow_d1[40]                           ; flow_d2[40]                                                                                                                                                                   ; clk          ; clk         ; 0.000        ; 0.073      ; 0.638      ;
; 0.394 ; flow_d3[8]                            ; flow_d4[8]                                                                                                                                                                    ; clk          ; clk         ; 0.000        ; 0.074      ; 0.639      ;
; 0.395 ; flow_d4[113]                          ; layer2_cuckoo:u_layer2|r_flow[113]                                                                                                                                            ; clk          ; clk         ; 0.000        ; 0.073      ; 0.639      ;
; 0.395 ; flow_d2[118]                          ; flow_d3[118]                                                                                                                                                                  ; clk          ; clk         ; 0.000        ; 0.073      ; 0.639      ;
; 0.395 ; layer2_cuckoo:u_layer2|r_flow_d1[81]  ; layer2_cuckoo:u_layer2|flow_r[81]                                                                                                                                             ; clk          ; clk         ; 0.000        ; 0.073      ; 0.639      ;
; 0.395 ; flow_d1[119]                          ; flow_d2[119]                                                                                                                                                                  ; clk          ; clk         ; 0.000        ; 0.073      ; 0.639      ;
; 0.395 ; in_flow[119]                          ; flow_d1[119]                                                                                                                                                                  ; clk          ; clk         ; 0.000        ; 0.073      ; 0.639      ;
; 0.395 ; layer2_cuckoo:u_layer2|r_flow[34]     ; layer2_cuckoo:u_layer2|r_flow_d1[34]                                                                                                                                          ; clk          ; clk         ; 0.000        ; 0.073      ; 0.639      ;
; 0.395 ; layer2_cuckoo:u_layer2|r_flow[80]     ; layer2_cuckoo:u_layer2|r_flow_d1[80]                                                                                                                                          ; clk          ; clk         ; 0.000        ; 0.073      ; 0.639      ;
; 0.395 ; flow_d2[80]                           ; flow_d3[80]                                                                                                                                                                   ; clk          ; clk         ; 0.000        ; 0.073      ; 0.639      ;
; 0.395 ; flow_d1[80]                           ; flow_d2[80]                                                                                                                                                                   ; clk          ; clk         ; 0.000        ; 0.073      ; 0.639      ;
; 0.395 ; flow_d1[108]                          ; flow_d2[108]                                                                                                                                                                  ; clk          ; clk         ; 0.000        ; 0.072      ; 0.638      ;
; 0.395 ; flow_d2[10]                           ; flow_d3[10]                                                                                                                                                                   ; clk          ; clk         ; 0.000        ; 0.073      ; 0.639      ;
; 0.395 ; flow_d2[21]                           ; flow_d3[21]                                                                                                                                                                   ; clk          ; clk         ; 0.000        ; 0.073      ; 0.639      ;
; 0.395 ; in_flow[48]                           ; flow_d1[48]                                                                                                                                                                   ; clk          ; clk         ; 0.000        ; 0.073      ; 0.639      ;
; 0.395 ; flow_d1[37]                           ; flow_d2[37]                                                                                                                                                                   ; clk          ; clk         ; 0.000        ; 0.073      ; 0.639      ;
; 0.395 ; layer2_cuckoo:u_layer2|r_flow_d1[120] ; layer2_cuckoo:u_layer2|flow_r[120]                                                                                                                                            ; clk          ; clk         ; 0.000        ; 0.074      ; 0.640      ;
; 0.395 ; flow_d1[120]                          ; flow_d2[120]                                                                                                                                                                  ; clk          ; clk         ; 0.000        ; 0.074      ; 0.640      ;
; 0.395 ; layer2_cuckoo:u_layer2|r_flow[43]     ; layer2_cuckoo:u_layer2|r_flow_d1[43]                                                                                                                                          ; clk          ; clk         ; 0.000        ; 0.073      ; 0.639      ;
; 0.395 ; layer2_cuckoo:u_layer2|r_flow_d1[51]  ; layer2_cuckoo:u_layer2|flow_r[51]                                                                                                                                             ; clk          ; clk         ; 0.000        ; 0.074      ; 0.640      ;
; 0.395 ; layer2_cuckoo:u_layer2|r_flow_d1[35]  ; layer2_cuckoo:u_layer2|flow_r[35]                                                                                                                                             ; clk          ; clk         ; 0.000        ; 0.074      ; 0.640      ;
; 0.395 ; layer2_cuckoo:u_layer2|r_flow_d1[39]  ; layer2_cuckoo:u_layer2|flow_r[39]                                                                                                                                             ; clk          ; clk         ; 0.000        ; 0.073      ; 0.639      ;
; 0.395 ; layer2_cuckoo:u_layer2|r_flow[60]     ; layer2_cuckoo:u_layer2|r_flow_d1[60]                                                                                                                                          ; clk          ; clk         ; 0.000        ; 0.073      ; 0.639      ;
; 0.395 ; layer2_cuckoo:u_layer2|r_flow[57]     ; layer2_cuckoo:u_layer2|r_flow_d1[57]                                                                                                                                          ; clk          ; clk         ; 0.000        ; 0.073      ; 0.639      ;
; 0.395 ; flow_d4[57]                           ; layer2_cuckoo:u_layer2|r_flow[57]                                                                                                                                             ; clk          ; clk         ; 0.000        ; 0.073      ; 0.639      ;
; 0.395 ; flow_d1[57]                           ; flow_d2[57]                                                                                                                                                                   ; clk          ; clk         ; 0.000        ; 0.073      ; 0.639      ;
; 0.395 ; flow_d3[56]                           ; flow_d4[56]                                                                                                                                                                   ; clk          ; clk         ; 0.000        ; 0.073      ; 0.639      ;
; 0.395 ; flow_d1[56]                           ; flow_d2[56]                                                                                                                                                                   ; clk          ; clk         ; 0.000        ; 0.073      ; 0.639      ;
; 0.395 ; flow_d3[59]                           ; flow_d4[59]                                                                                                                                                                   ; clk          ; clk         ; 0.000        ; 0.073      ; 0.639      ;
; 0.395 ; in_flow[59]                           ; flow_d1[59]                                                                                                                                                                   ; clk          ; clk         ; 0.000        ; 0.073      ; 0.639      ;
; 0.395 ; layer2_cuckoo:u_layer2|r_flow[58]     ; layer2_cuckoo:u_layer2|r_flow_d1[58]                                                                                                                                          ; clk          ; clk         ; 0.000        ; 0.073      ; 0.639      ;
; 0.395 ; flow_d3[58]                           ; flow_d4[58]                                                                                                                                                                   ; clk          ; clk         ; 0.000        ; 0.073      ; 0.639      ;
; 0.395 ; flow_d2[58]                           ; flow_d3[58]                                                                                                                                                                   ; clk          ; clk         ; 0.000        ; 0.073      ; 0.639      ;
; 0.395 ; layer2_cuckoo:u_layer2|r_flow_d1[62]  ; layer2_cuckoo:u_layer2|flow_r[62]                                                                                                                                             ; clk          ; clk         ; 0.000        ; 0.073      ; 0.639      ;
; 0.395 ; in_flow[62]                           ; flow_d1[62]                                                                                                                                                                   ; clk          ; clk         ; 0.000        ; 0.073      ; 0.639      ;
; 0.395 ; flow_d2[63]                           ; flow_d3[63]                                                                                                                                                                   ; clk          ; clk         ; 0.000        ; 0.073      ; 0.639      ;
; 0.395 ; layer2_cuckoo:u_layer2|r_flow[12]     ; layer2_cuckoo:u_layer2|r_flow_d1[12]                                                                                                                                          ; clk          ; clk         ; 0.000        ; 0.072      ; 0.638      ;
; 0.395 ; flow_d3[27]                           ; flow_d4[27]                                                                                                                                                                   ; clk          ; clk         ; 0.000        ; 0.073      ; 0.639      ;
; 0.395 ; flow_d2[27]                           ; flow_d3[27]                                                                                                                                                                   ; clk          ; clk         ; 0.000        ; 0.073      ; 0.639      ;
; 0.395 ; in_flow[75]                           ; layer1_bloom:u_layer1|r_h4[16]                                                                                                                                                ; clk          ; clk         ; 0.000        ; 0.072      ; 0.638      ;
; 0.395 ; flow_d2[109]                          ; flow_d3[109]                                                                                                                                                                  ; clk          ; clk         ; 0.000        ; 0.072      ; 0.638      ;
; 0.395 ; flow_d3[11]                           ; flow_d4[11]                                                                                                                                                                   ; clk          ; clk         ; 0.000        ; 0.073      ; 0.639      ;
; 0.395 ; flow_d1[76]                           ; flow_d2[76]                                                                                                                                                                   ; clk          ; clk         ; 0.000        ; 0.073      ; 0.639      ;
; 0.395 ; flow_d1[52]                           ; flow_d2[52]                                                                                                                                                                   ; clk          ; clk         ; 0.000        ; 0.073      ; 0.639      ;
; 0.395 ; flow_d1[110]                          ; flow_d2[110]                                                                                                                                                                  ; clk          ; clk         ; 0.000        ; 0.073      ; 0.639      ;
; 0.395 ; in_flow[110]                          ; flow_d1[110]                                                                                                                                                                  ; clk          ; clk         ; 0.000        ; 0.073      ; 0.639      ;
; 0.395 ; flow_d2[13]                           ; flow_d3[13]                                                                                                                                                                   ; clk          ; clk         ; 0.000        ; 0.072      ; 0.638      ;
; 0.395 ; flow_d3[32]                           ; flow_d4[32]                                                                                                                                                                   ; clk          ; clk         ; 0.000        ; 0.073      ; 0.639      ;
; 0.395 ; flow_d2[14]                           ; flow_d3[14]                                                                                                                                                                   ; clk          ; clk         ; 0.000        ; 0.074      ; 0.640      ;
; 0.395 ; flow_d1[14]                           ; flow_d2[14]                                                                                                                                                                   ; clk          ; clk         ; 0.000        ; 0.074      ; 0.640      ;
; 0.395 ; flow_d2[64]                           ; flow_d3[64]                                                                                                                                                                   ; clk          ; clk         ; 0.000        ; 0.072      ; 0.638      ;
; 0.395 ; flow_d2[65]                           ; flow_d3[65]                                                                                                                                                                   ; clk          ; clk         ; 0.000        ; 0.072      ; 0.638      ;
; 0.395 ; flow_d1[99]                           ; flow_d2[99]                                                                                                                                                                   ; clk          ; clk         ; 0.000        ; 0.072      ; 0.638      ;
; 0.395 ; flow_d1[6]                            ; flow_d2[6]                                                                                                                                                                    ; clk          ; clk         ; 0.000        ; 0.072      ; 0.638      ;
; 0.395 ; flow_d2[100]                          ; flow_d3[100]                                                                                                                                                                  ; clk          ; clk         ; 0.000        ; 0.072      ; 0.638      ;
; 0.395 ; flow_d2[19]                           ; flow_d3[19]                                                                                                                                                                   ; clk          ; clk         ; 0.000        ; 0.074      ; 0.640      ;
; 0.395 ; layer2_cuckoo:u_layer2|r_flow_d1[112] ; layer2_cuckoo:u_layer2|flow_r[112]                                                                                                                                            ; clk          ; clk         ; 0.000        ; 0.073      ; 0.639      ;
; 0.395 ; flow_d4[112]                          ; layer2_cuckoo:u_layer2|r_flow[112]                                                                                                                                            ; clk          ; clk         ; 0.000        ; 0.073      ; 0.639      ;
; 0.395 ; flow_d3[112]                          ; flow_d4[112]                                                                                                                                                                  ; clk          ; clk         ; 0.000        ; 0.073      ; 0.639      ;
; 0.395 ; flow_d2[112]                          ; flow_d3[112]                                                                                                                                                                  ; clk          ; clk         ; 0.000        ; 0.073      ; 0.639      ;
; 0.395 ; flow_d2[77]                           ; flow_d3[77]                                                                                                                                                                   ; clk          ; clk         ; 0.000        ; 0.073      ; 0.639      ;
; 0.395 ; flow_d1[77]                           ; flow_d2[77]                                                                                                                                                                   ; clk          ; clk         ; 0.000        ; 0.073      ; 0.639      ;
; 0.395 ; flow_d4[25]                           ; layer2_cuckoo:u_layer2|r_flow[25]                                                                                                                                             ; clk          ; clk         ; 0.000        ; 0.072      ; 0.638      ;
; 0.395 ; flow_d1[24]                           ; flow_d2[24]                                                                                                                                                                   ; clk          ; clk         ; 0.000        ; 0.073      ; 0.639      ;
; 0.395 ; layer2_cuckoo:u_layer2|r_flow[29]     ; layer2_cuckoo:u_layer2|r_flow_d1[29]                                                                                                                                          ; clk          ; clk         ; 0.000        ; 0.073      ; 0.639      ;
; 0.395 ; in_flow[111]                          ; flow_d1[111]                                                                                                                                                                  ; clk          ; clk         ; 0.000        ; 0.073      ; 0.639      ;
; 0.396 ; flow_d1[97]                           ; flow_d2[97]                                                                                                                                                                   ; clk          ; clk         ; 0.000        ; 0.071      ; 0.638      ;
; 0.396 ; layer2_cuckoo:u_layer2|r_flow_d1[101] ; layer2_cuckoo:u_layer2|flow_r[101]                                                                                                                                            ; clk          ; clk         ; 0.000        ; 0.072      ; 0.639      ;
; 0.396 ; flow_d1[118]                          ; flow_d2[118]                                                                                                                                                                  ; clk          ; clk         ; 0.000        ; 0.073      ; 0.640      ;
; 0.396 ; layer2_cuckoo:u_layer2|r_flow[92]     ; layer2_cuckoo:u_layer2|r_flow_d1[92]                                                                                                                                          ; clk          ; clk         ; 0.000        ; 0.072      ; 0.639      ;
; 0.396 ; flow_d3[92]                           ; flow_d4[92]                                                                                                                                                                   ; clk          ; clk         ; 0.000        ; 0.072      ; 0.639      ;
; 0.396 ; flow_d4[95]                           ; layer2_cuckoo:u_layer2|r_flow[95]                                                                                                                                             ; clk          ; clk         ; 0.000        ; 0.072      ; 0.639      ;
; 0.396 ; flow_d4[94]                           ; layer2_cuckoo:u_layer2|r_flow[94]                                                                                                                                             ; clk          ; clk         ; 0.000        ; 0.072      ; 0.639      ;
; 0.396 ; flow_d4[84]                           ; layer2_cuckoo:u_layer2|r_flow[84]                                                                                                                                             ; clk          ; clk         ; 0.000        ; 0.072      ; 0.639      ;
; 0.396 ; layer2_cuckoo:u_layer2|r_flow_d1[16]  ; layer2_cuckoo:u_layer2|flow_r[16]                                                                                                                                             ; clk          ; clk         ; 0.000        ; 0.072      ; 0.639      ;
; 0.396 ; layer2_cuckoo:u_layer2|r_flow_d1[30]  ; layer2_cuckoo:u_layer2|flow_r[30]                                                                                                                                             ; clk          ; clk         ; 0.000        ; 0.072      ; 0.639      ;
; 0.396 ; flow_d3[30]                           ; flow_d4[30]                                                                                                                                                                   ; clk          ; clk         ; 0.000        ; 0.072      ; 0.639      ;
; 0.396 ; flow_d2[74]                           ; flow_d3[74]                                                                                                                                                                   ; clk          ; clk         ; 0.000        ; 0.072      ; 0.639      ;
; 0.396 ; flow_d2[39]                           ; flow_d3[39]                                                                                                                                                                   ; clk          ; clk         ; 0.000        ; 0.072      ; 0.639      ;
; 0.396 ; flow_d4[10]                           ; layer2_cuckoo:u_layer2|r_flow[10]                                                                                                                                             ; clk          ; clk         ; 0.000        ; 0.073      ; 0.640      ;
; 0.396 ; flow_d1[10]                           ; flow_d2[10]                                                                                                                                                                   ; clk          ; clk         ; 0.000        ; 0.073      ; 0.640      ;
; 0.396 ; flow_d1[21]                           ; flow_d2[21]                                                                                                                                                                   ; clk          ; clk         ; 0.000        ; 0.073      ; 0.640      ;
; 0.396 ; flow_d3[33]                           ; flow_d4[33]                                                                                                                                                                   ; clk          ; clk         ; 0.000        ; 0.072      ; 0.639      ;
+-------+---------------------------------------+-------------------------------------------------------------------------------------------------------------------------------------------------------------------------------+--------------+-------------+--------------+------------+------------+


----------------------------------------------
; Slow 1200mV 0C Model Metastability Summary ;
----------------------------------------------
The design MTBF is not calculated because there are no specified synchronizers in the design.
Number of Synchronizer Chains Found: 42
Shortest Synchronizer Chain: 8 Registers
Fraction of Chains for which MTBFs Could Not be Calculated: 1.000
Worst Case Available Settling Time: 49.395 ns




+------------------------------------+
; Fast 1200mV 0C Model Setup Summary ;
+-------+-------+--------------------+
; Clock ; Slack ; End Point TNS      ;
+-------+-------+--------------------+
; clk   ; 4.125 ; 0.000              ;
+-------+-------+--------------------+


+-----------------------------------+
; Fast 1200mV 0C Model Hold Summary ;
+-------+-------+-------------------+
; Clock ; Slack ; End Point TNS     ;
+-------+-------+-------------------+
; clk   ; 0.151 ; 0.000             ;
+-------+-------+-------------------+


-----------------------------------------
; Fast 1200mV 0C Model Recovery Summary ;
-----------------------------------------
No paths to report.


----------------------------------------
; Fast 1200mV 0C Model Removal Summary ;
----------------------------------------
No paths to report.


+--------------------------------------------------+
; Fast 1200mV 0C Model Minimum Pulse Width Summary ;
+-------+-------+----------------------------------+
; Clock ; Slack ; End Point TNS                    ;
+-------+-------+----------------------------------+
; clk   ; 3.370 ; 0.000                            ;
+-------+-------+----------------------------------+


+-------------------------------------------------------------------------------------------------------------------------------------------------------------------------------------------------------------------------------------------------------------------------------------------------------------------------------------------------------------------------------------------------------------------------------------------------------------------+
; Fast 1200mV 0C Model Setup: 'clk'                                                                                                                                                                                                                                                                                                                                                                                                                                 ;
+-------+----------------------------------------------------------------------------------------------------------------------------------------------------------------------------------------------------+--------------------------------------------------------------------------------------------------------------------------------------------------------------------------------+--------------+-------------+--------------+------------+------------+
; Slack ; From Node                                                                                                                                                                                          ; To Node                                                                                                                                                                        ; Launch Clock ; Latch Clock ; Relationship ; Clock Skew ; Data Delay ;
+-------+----------------------------------------------------------------------------------------------------------------------------------------------------------------------------------------------------+--------------------------------------------------------------------------------------------------------------------------------------------------------------------------------+--------------+-------------+--------------+------------+------------+
; 4.125 ; layer2_cuckoo:u_layer2|mem2_r[60]_OTERM795_OTERM2881                                                                                                                                               ; layer2_cuckoo:u_layer2|match2_OTERM5473                                                                                                                                        ; clk          ; clk         ; 8.000        ; 0.178      ; 4.040      ;
; 4.211 ; layer2_cuckoo:u_layer2|mem0_r[6]_OTERM2105_OTERM3815                                                                                                                                               ; layer2_cuckoo:u_layer2|match0_OTERM5453                                                                                                                                        ; clk          ; clk         ; 8.000        ; 0.158      ; 3.934      ;
; 4.218 ; layer2_cuckoo:u_layer2|mem2_r[60]_OTERM793                                                                                                                                                         ; layer2_cuckoo:u_layer2|match2_OTERM5473                                                                                                                                        ; clk          ; clk         ; 8.000        ; 0.179      ; 3.948      ;
; 4.227 ; layer2_cuckoo:u_layer2|mem0_r[42]_OTERM51_OTERM4031                                                                                                                                                ; layer2_cuckoo:u_layer2|match0_OTERM5453                                                                                                                                        ; clk          ; clk         ; 8.000        ; 0.160      ; 3.920      ;
; 4.239 ; layer2_cuckoo:u_layer2|mem0_r[6]_OTERM2105_OTERM3815                                                                                                                                               ; layer2_cuckoo:u_layer2|match0_OTERM5457                                                                                                                                        ; clk          ; clk         ; 8.000        ; 0.158      ; 3.906      ;
; 4.243 ; layer2_cuckoo:u_layer2|altsyncram:cuckoo_bank_0_rtl_0|altsyncram_kq91:auto_generated|altsyncram:ram_block1a0|altsyncram_aqa3:auto_generated|mux_eqb:mux2|result_node[126]~764_OTERM6117_OTERM9415  ; layer2_cuckoo:u_layer2|match0_OTERM5459                                                                                                                                        ; clk          ; clk         ; 8.000        ; 0.158      ; 3.902      ;
; 4.247 ; layer2_cuckoo:u_layer2|mem2_r[43]_OTERM803_OTERM3977                                                                                                                                               ; layer2_cuckoo:u_layer2|match2_OTERM5473                                                                                                                                        ; clk          ; clk         ; 8.000        ; 0.169      ; 3.909      ;
; 4.303 ; layer2_cuckoo:u_layer2|mem2_r[43]_OTERM803_OTERM3977                                                                                                                                               ; layer2_cuckoo:u_layer2|match2_OTERM5471                                                                                                                                        ; clk          ; clk         ; 8.000        ; 0.183      ; 3.867      ;
; 4.306 ; layer2_cuckoo:u_layer2|mem0_r[6]_OTERM2105_OTERM3815                                                                                                                                               ; layer2_cuckoo:u_layer2|match0_OTERM5459                                                                                                                                        ; clk          ; clk         ; 8.000        ; 0.166      ; 3.847      ;
; 4.315 ; layer2_cuckoo:u_layer2|mem1_r[43]_OTERM811_OTERM3969                                                                                                                                               ; layer2_cuckoo:u_layer2|match1_OTERM5465                                                                                                                                        ; clk          ; clk         ; 8.000        ; 0.206      ; 3.878      ;
; 4.315 ; layer2_cuckoo:u_layer2|mem2_r[60]_OTERM795_OTERM2881                                                                                                                                               ; layer2_cuckoo:u_layer2|match2_OTERM5471                                                                                                                                        ; clk          ; clk         ; 8.000        ; 0.192      ; 3.864      ;
; 4.317 ; layer2_cuckoo:u_layer2|mem0_r[42]_OTERM51_OTERM4031                                                                                                                                                ; layer2_cuckoo:u_layer2|match0_OTERM5459                                                                                                                                        ; clk          ; clk         ; 8.000        ; 0.168      ; 3.838      ;
; 4.319 ; layer2_cuckoo:u_layer2|mem0_r[42]_OTERM51_OTERM4031                                                                                                                                                ; layer2_cuckoo:u_layer2|match0_OTERM5457                                                                                                                                        ; clk          ; clk         ; 8.000        ; 0.160      ; 3.828      ;
; 4.327 ; layer2_cuckoo:u_layer2|mem1_r[43]_OTERM811_OTERM3971                                                                                                                                               ; layer2_cuckoo:u_layer2|match1_OTERM5467                                                                                                                                        ; clk          ; clk         ; 8.000        ; 0.206      ; 3.866      ;
; 4.353 ; layer2_cuckoo:u_layer2|mem1_r[43]_OTERM811_OTERM3969                                                                                                                                               ; layer2_cuckoo:u_layer2|match1_OTERM5467                                                                                                                                        ; clk          ; clk         ; 8.000        ; 0.206      ; 3.840      ;
; 4.365 ; layer2_cuckoo:u_layer2|mem0_r[43]_OTERM41                                                                                                                                                          ; layer2_cuckoo:u_layer2|match0_OTERM5459                                                                                                                                        ; clk          ; clk         ; 8.000        ; 0.158      ; 3.780      ;
; 4.370 ; layer2_cuckoo:u_layer2|flow_r[10]                                                                                                                                                                  ; layer2_cuckoo:u_layer2|match0_OTERM5453                                                                                                                                        ; clk          ; clk         ; 8.000        ; 0.169      ; 3.786      ;
; 4.371 ; layer2_cuckoo:u_layer2|mem1_r[43]_OTERM811_OTERM3969                                                                                                                                               ; layer2_cuckoo:u_layer2|match1_OTERM5463                                                                                                                                        ; clk          ; clk         ; 8.000        ; 0.215      ; 3.831      ;
; 4.388 ; layer2_cuckoo:u_layer2|mem2_r[60]_OTERM793                                                                                                                                                         ; layer2_cuckoo:u_layer2|match2_OTERM5475                                                                                                                                        ; clk          ; clk         ; 8.000        ; 0.179      ; 3.778      ;
; 4.393 ; layer2_cuckoo:u_layer2|mem1_r[43]_OTERM811_OTERM3971                                                                                                                                               ; layer2_cuckoo:u_layer2|match1_OTERM5465                                                                                                                                        ; clk          ; clk         ; 8.000        ; 0.206      ; 3.800      ;
; 4.409 ; layer2_cuckoo:u_layer2|mem2_r[43]_OTERM803_OTERM3977                                                                                                                                               ; layer2_cuckoo:u_layer2|match2_OTERM5469                                                                                                                                        ; clk          ; clk         ; 8.000        ; 0.169      ; 3.747      ;
; 4.412 ; layer2_cuckoo:u_layer2|mem1_r[43]_OTERM811_OTERM3971                                                                                                                                               ; layer2_cuckoo:u_layer2|match1_OTERM5461                                                                                                                                        ; clk          ; clk         ; 8.000        ; 0.193      ; 3.768      ;
; 4.415 ; layer2_cuckoo:u_layer2|altsyncram:cuckoo_bank_0_rtl_0|altsyncram_kq91:auto_generated|altsyncram:ram_block1a0|altsyncram_aqa3:auto_generated|mux_eqb:mux2|result_node[126]~764_OTERM6117_OTERM9417  ; layer2_cuckoo:u_layer2|match0_OTERM5459                                                                                                                                        ; clk          ; clk         ; 8.000        ; 0.158      ; 3.730      ;
; 4.418 ; layer2_cuckoo:u_layer2|mem1_r[43]_OTERM807                                                                                                                                                         ; layer2_cuckoo:u_layer2|match1_OTERM5463                                                                                                                                        ; clk          ; clk         ; 8.000        ; 0.219      ; 3.788      ;
; 4.423 ; layer2_cuckoo:u_layer2|mem0_r[43]_OTERM41                                                                                                                                                          ; layer2_cuckoo:u_layer2|match0_OTERM5453                                                                                                                                        ; clk          ; clk         ; 8.000        ; 0.150      ; 3.714      ;
; 4.425 ; layer2_cuckoo:u_layer2|mem2_r[60]_OTERM795_OTERM2881                                                                                                                                               ; layer2_cuckoo:u_layer2|match2_OTERM5469                                                                                                                                        ; clk          ; clk         ; 8.000        ; 0.178      ; 3.740      ;
; 4.443 ; layer2_cuckoo:u_layer2|mem1_r[43]_OTERM811_OTERM3969                                                                                                                                               ; layer2_cuckoo:u_layer2|match1_OTERM5461                                                                                                                                        ; clk          ; clk         ; 8.000        ; 0.193      ; 3.737      ;
; 4.446 ; layer2_cuckoo:u_layer2|mem1_r[43]_OTERM811_OTERM3971                                                                                                                                               ; layer2_cuckoo:u_layer2|match1_OTERM5463                                                                                                                                        ; clk          ; clk         ; 8.000        ; 0.215      ; 3.756      ;
; 4.480 ; layer2_cuckoo:u_layer2|mem2_r[43]_OTERM803_OTERM3977                                                                                                                                               ; layer2_cuckoo:u_layer2|match2_OTERM5475                                                                                                                                        ; clk          ; clk         ; 8.000        ; 0.169      ; 3.676      ;
; 4.487 ; layer2_cuckoo:u_layer2|mem2_r[60]_OTERM793                                                                                                                                                         ; layer2_cuckoo:u_layer2|match2_OTERM5471                                                                                                                                        ; clk          ; clk         ; 8.000        ; 0.193      ; 3.693      ;
; 4.496 ; layer2_cuckoo:u_layer2|mem1_r[43]_OTERM807                                                                                                                                                         ; layer2_cuckoo:u_layer2|match1_OTERM5467                                                                                                                                        ; clk          ; clk         ; 8.000        ; 0.210      ; 3.701      ;
; 4.511 ; layer2_cuckoo:u_layer2|mem0_r[43]_OTERM41                                                                                                                                                          ; layer2_cuckoo:u_layer2|match0_OTERM5457                                                                                                                                        ; clk          ; clk         ; 8.000        ; 0.150      ; 3.626      ;
; 4.523 ; layer2_cuckoo:u_layer2|mem1_r[43]_OTERM807                                                                                                                                                         ; layer2_cuckoo:u_layer2|match1_OTERM5461                                                                                                                                        ; clk          ; clk         ; 8.000        ; 0.197      ; 3.661      ;
; 4.523 ; layer2_cuckoo:u_layer2|mem0_r[42]_OTERM51_OTERM4031                                                                                                                                                ; layer2_cuckoo:u_layer2|match0_OTERM5455                                                                                                                                        ; clk          ; clk         ; 8.000        ; 0.182      ; 3.646      ;
; 4.549 ; layer2_cuckoo:u_layer2|mem2_r[60]_OTERM793                                                                                                                                                         ; layer2_cuckoo:u_layer2|match2_OTERM5469                                                                                                                                        ; clk          ; clk         ; 8.000        ; 0.179      ; 3.617      ;
; 4.553 ; layer2_cuckoo:u_layer2|mem2_r[60]_OTERM795_OTERM2881                                                                                                                                               ; layer2_cuckoo:u_layer2|match2_OTERM5475                                                                                                                                        ; clk          ; clk         ; 8.000        ; 0.178      ; 3.612      ;
; 4.564 ; layer2_cuckoo:u_layer2|altsyncram:cuckoo_bank_0_rtl_0|altsyncram_kq91:auto_generated|altsyncram:ram_block1a0|altsyncram_aqa3:auto_generated|mux_eqb:mux2|result_node[6]~44_OTERM6265_OTERM10215    ; layer2_cuckoo:u_layer2|match0_OTERM5453                                                                                                                                        ; clk          ; clk         ; 8.000        ; 0.147      ; 3.570      ;
; 4.583 ; layer2_cuckoo:u_layer2|mem1_r[95]_OTERM1363_OTERM4401                                                                                                                                              ; layer2_cuckoo:u_layer2|match1_OTERM5465                                                                                                                                        ; clk          ; clk         ; 8.000        ; 0.206      ; 3.610      ;
; 4.596 ; layer2_cuckoo:u_layer2|mem0_r[43]_OTERM41                                                                                                                                                          ; layer2_cuckoo:u_layer2|match0_OTERM5455                                                                                                                                        ; clk          ; clk         ; 8.000        ; 0.172      ; 3.563      ;
; 4.603 ; layer2_cuckoo:u_layer2|mem2_r[92]_OTERM1303_OTERM4441                                                                                                                                              ; layer2_cuckoo:u_layer2|match2_OTERM5473                                                                                                                                        ; clk          ; clk         ; 8.000        ; 0.172      ; 3.556      ;
; 4.607 ; layer2_cuckoo:u_layer2|r_a0[12]                                                                                                                                                                    ; layer2_cuckoo:u_layer2|altsyncram:cuckoo_bank_0_rtl_0|altsyncram_kq91:auto_generated|altsyncram:ram_block1a0|altsyncram_aqa3:auto_generated|ram_block1a768~porta_address_reg0  ; clk          ; clk         ; 8.000        ; 0.070      ; 3.472      ;
; 4.622 ; layer2_cuckoo:u_layer2|mem1_r[43]_OTERM807                                                                                                                                                         ; layer2_cuckoo:u_layer2|match1_OTERM5465                                                                                                                                        ; clk          ; clk         ; 8.000        ; 0.210      ; 3.575      ;
; 4.627 ; layer2_cuckoo:u_layer2|altsyncram:cuckoo_bank_0_rtl_0|altsyncram_kq91:auto_generated|altsyncram:ram_block1a0|altsyncram_aqa3:auto_generated|mux_eqb:mux2|result_node[90]~548_OTERM6069_OTERM9285   ; layer2_cuckoo:u_layer2|match0_OTERM5457                                                                                                                                        ; clk          ; clk         ; 8.000        ; 0.133      ; 3.493      ;
; 4.630 ; layer2_cuckoo:u_layer2|altsyncram:cuckoo_bank_1_rtl_0|altsyncram_lq91:auto_generated|altsyncram:ram_block1a0|altsyncram_bqa3:auto_generated|mux_eqb:mux2|result_node[53]~316_OTERM8373             ; layer2_cuckoo:u_layer2|match1_OTERM5463                                                                                                                                        ; clk          ; clk         ; 8.000        ; 0.167      ; 3.524      ;
; 4.640 ; layer1_bloom:u_layer1|b1_r_OTERM25_OTERM2417_OTERM6561                                                                                                                                             ; layer1_bloom:u_layer1|hint_verify                                                                                                                                              ; clk          ; clk         ; 8.000        ; -0.208     ; 3.139      ;
; 4.648 ; layer2_cuckoo:u_layer2|mem2_r[93]_OTERM1309_OTERM4437                                                                                                                                              ; layer2_cuckoo:u_layer2|match2_OTERM5473                                                                                                                                        ; clk          ; clk         ; 8.000        ; 0.172      ; 3.511      ;
; 4.659 ; layer2_cuckoo:u_layer2|altsyncram:cuckoo_bank_2_rtl_0|altsyncram_mq91:auto_generated|altsyncram:ram_block1a0|altsyncram_cqa3:auto_generated|mux_eqb:mux2|result_node[88]~536_OTERM5673_OTERM10589  ; layer2_cuckoo:u_layer2|match2_OTERM5473                                                                                                                                        ; clk          ; clk         ; 8.000        ; 0.178      ; 3.506      ;
; 4.659 ; layer2_cuckoo:u_layer2|r_a0[12]                                                                                                                                                                    ; layer2_cuckoo:u_layer2|altsyncram:cuckoo_bank_2_rtl_0|altsyncram_mq91:auto_generated|altsyncram:ram_block1a0|altsyncram_cqa3:auto_generated|ram_block1a62~porta_address_reg0   ; clk          ; clk         ; 8.000        ; 0.113      ; 3.463      ;
; 4.670 ; layer1_bloom:u_layer1|b1_r_OTERM31_OTERM2423_OTERM6287                                                                                                                                             ; layer1_bloom:u_layer1|hint_verify                                                                                                                                              ; clk          ; clk         ; 8.000        ; -0.207     ; 3.110      ;
; 4.670 ; layer2_cuckoo:u_layer2|r_a0[12]                                                                                                                                                                    ; layer2_cuckoo:u_layer2|altsyncram:cuckoo_bank_0_rtl_0|altsyncram_kq91:auto_generated|altsyncram:ram_block1a0|altsyncram_aqa3:auto_generated|ram_block1a640~porta_address_reg0  ; clk          ; clk         ; 8.000        ; 0.091      ; 3.430      ;
; 4.672 ; layer1_bloom:u_layer1|b4_r_OTERM39_OTERM2437_OTERM6353                                                                                                                                             ; layer1_bloom:u_layer1|hint_verify                                                                                                                                              ; clk          ; clk         ; 8.000        ; -0.120     ; 3.195      ;
; 4.675 ; layer2_cuckoo:u_layer2|altsyncram:cuckoo_bank_2_rtl_0|altsyncram_mq91:auto_generated|altsyncram:ram_block1a0|altsyncram_cqa3:auto_generated|mux_eqb:mux2|result_node[88]~536_OTERM5673_OTERM10587  ; layer2_cuckoo:u_layer2|match2_OTERM5473                                                                                                                                        ; clk          ; clk         ; 8.000        ; 0.178      ; 3.490      ;
; 4.677 ; layer2_cuckoo:u_layer2|mem0_r[6]_OTERM2105_OTERM3815                                                                                                                                               ; layer2_cuckoo:u_layer2|match0_OTERM5455                                                                                                                                        ; clk          ; clk         ; 8.000        ; 0.180      ; 3.490      ;
; 4.679 ; layer2_cuckoo:u_layer2|r_a0[3]                                                                                                                                                                     ; layer2_cuckoo:u_layer2|altsyncram:cuckoo_bank_0_rtl_0|altsyncram_kq91:auto_generated|altsyncram:ram_block1a0|altsyncram_aqa3:auto_generated|ram_block1a638~porta_address_reg0  ; clk          ; clk         ; 8.000        ; 0.112      ; 3.442      ;
; 4.681 ; layer2_cuckoo:u_layer2|altsyncram:cuckoo_bank_0_rtl_0|altsyncram_kq91:auto_generated|altsyncram:ram_block1a0|altsyncram_aqa3:auto_generated|mux_eqb:mux2|result_node[90]~548_OTERM6069_OTERM9283   ; layer2_cuckoo:u_layer2|match0_OTERM5457                                                                                                                                        ; clk          ; clk         ; 8.000        ; 0.133      ; 3.439      ;
; 4.702 ; layer2_cuckoo:u_layer2|r_a0[3]                                                                                                                                                                     ; layer2_cuckoo:u_layer2|altsyncram:cuckoo_bank_0_rtl_0|altsyncram_kq91:auto_generated|altsyncram:ram_block1a0|altsyncram_aqa3:auto_generated|ram_block1a392~porta_address_reg0  ; clk          ; clk         ; 8.000        ; 0.112      ; 3.419      ;
; 4.710 ; layer1_bloom:u_layer1|b1_r_OTERM31_OTERM2425_OTERM6301                                                                                                                                             ; layer1_bloom:u_layer1|hint_verify                                                                                                                                              ; clk          ; clk         ; 8.000        ; -0.204     ; 3.073      ;
; 4.712 ; layer2_cuckoo:u_layer2|r_a0[12]                                                                                                                                                                    ; layer2_cuckoo:u_layer2|altsyncram:cuckoo_bank_0_rtl_0|altsyncram_kq91:auto_generated|altsyncram:ram_block1a0|altsyncram_aqa3:auto_generated|ram_block1a548~porta_address_reg0  ; clk          ; clk         ; 8.000        ; 0.053      ; 3.350      ;
; 4.720 ; layer2_cuckoo:u_layer2|r_a0[3]                                                                                                                                                                     ; layer2_cuckoo:u_layer2|altsyncram:cuckoo_bank_0_rtl_0|altsyncram_kq91:auto_generated|altsyncram:ram_block1a0|altsyncram_aqa3:auto_generated|ram_block1a136~porta_address_reg0  ; clk          ; clk         ; 8.000        ; 0.114      ; 3.403      ;
; 4.727 ; layer2_cuckoo:u_layer2|altsyncram:cuckoo_bank_0_rtl_0|altsyncram_kq91:auto_generated|altsyncram:ram_block1a0|altsyncram_aqa3:auto_generated|mux_eqb:mux2|result_node[8]~56_OTERM6229_OTERM9435     ; layer2_cuckoo:u_layer2|match0_OTERM5453                                                                                                                                        ; clk          ; clk         ; 8.000        ; 0.129      ; 3.389      ;
; 4.728 ; layer2_cuckoo:u_layer2|altsyncram:cuckoo_bank_0_rtl_0|altsyncram_kq91:auto_generated|altsyncram:ram_block1a0|altsyncram_aqa3:auto_generated|mux_eqb:mux2|result_node[8]~56_OTERM6229_OTERM9437     ; layer2_cuckoo:u_layer2|match0_OTERM5453                                                                                                                                        ; clk          ; clk         ; 8.000        ; 0.138      ; 3.397      ;
; 4.732 ; layer1_bloom:u_layer1|b4_r_OTERM35_OTERM2391_OTERM6457                                                                                                                                             ; layer1_bloom:u_layer1|hint_verify                                                                                                                                              ; clk          ; clk         ; 8.000        ; -0.164     ; 3.091      ;
; 4.734 ; layer2_cuckoo:u_layer2|flow_r[17]                                                                                                                                                                  ; layer2_cuckoo:u_layer2|match0_OTERM5453                                                                                                                                        ; clk          ; clk         ; 8.000        ; 0.176      ; 3.429      ;
; 4.734 ; layer2_cuckoo:u_layer2|r_a0[12]                                                                                                                                                                    ; layer2_cuckoo:u_layer2|altsyncram:cuckoo_bank_2_rtl_0|altsyncram_mq91:auto_generated|altsyncram:ram_block1a0|altsyncram_cqa3:auto_generated|ram_block1a510~porta_address_reg0  ; clk          ; clk         ; 8.000        ; 0.118      ; 3.393      ;
; 4.734 ; layer2_cuckoo:u_layer2|r_a0[12]                                                                                                                                                                    ; layer2_cuckoo:u_layer2|altsyncram:cuckoo_bank_0_rtl_0|altsyncram_kq91:auto_generated|altsyncram:ram_block1a0|altsyncram_aqa3:auto_generated|ram_block1a1022~porta_address_reg0 ; clk          ; clk         ; 8.000        ; 0.118      ; 3.393      ;
; 4.738 ; layer2_cuckoo:u_layer2|altsyncram:cuckoo_bank_2_rtl_0|altsyncram_mq91:auto_generated|altsyncram:ram_block1a0|altsyncram_cqa3:auto_generated|mux_eqb:mux2|result_node[88]~537_OTERM8663_OTERM11251  ; layer2_cuckoo:u_layer2|match2_OTERM5473                                                                                                                                        ; clk          ; clk         ; 8.000        ; 0.178      ; 3.427      ;
; 4.743 ; layer2_cuckoo:u_layer2|r_a0[12]                                                                                                                                                                    ; layer2_cuckoo:u_layer2|altsyncram:cuckoo_bank_1_rtl_0|altsyncram_lq91:auto_generated|altsyncram:ram_block1a0|altsyncram_bqa3:auto_generated|ram_block1a382~porta_address_reg0  ; clk          ; clk         ; 8.000        ; 0.121      ; 3.387      ;
; 4.744 ; layer2_cuckoo:u_layer2|mem1_r[95]_OTERM1363_OTERM4403                                                                                                                                              ; layer2_cuckoo:u_layer2|match1_OTERM5465                                                                                                                                        ; clk          ; clk         ; 8.000        ; 0.206      ; 3.449      ;
; 4.745 ; layer2_cuckoo:u_layer2|altsyncram:cuckoo_bank_1_rtl_0|altsyncram_lq91:auto_generated|altsyncram:ram_block1a0|altsyncram_bqa3:auto_generated|mux_eqb:mux2|result_node[104]~633_OTERM8259_OTERM10963 ; layer2_cuckoo:u_layer2|match1_OTERM5467                                                                                                                                        ; clk          ; clk         ; 8.000        ; 0.216      ; 3.458      ;
; 4.747 ; layer2_cuckoo:u_layer2|r_a0[12]                                                                                                                                                                    ; layer2_cuckoo:u_layer2|altsyncram:cuckoo_bank_1_rtl_0|altsyncram_lq91:auto_generated|altsyncram:ram_block1a0|altsyncram_bqa3:auto_generated|ram_block1a510~porta_address_reg0  ; clk          ; clk         ; 8.000        ; 0.122      ; 3.384      ;
; 4.749 ; layer2_cuckoo:u_layer2|r_a0[12]                                                                                                                                                                    ; layer2_cuckoo:u_layer2|altsyncram:cuckoo_bank_2_rtl_0|altsyncram_mq91:auto_generated|altsyncram:ram_block1a0|altsyncram_cqa3:auto_generated|ram_block1a318~porta_address_reg0  ; clk          ; clk         ; 8.000        ; 0.108      ; 3.368      ;
; 4.749 ; layer2_cuckoo:u_layer2|r_a0[2]                                                                                                                                                                     ; layer2_cuckoo:u_layer2|altsyncram:cuckoo_bank_1_rtl_0|altsyncram_lq91:auto_generated|altsyncram:ram_block1a0|altsyncram_bqa3:auto_generated|ram_block1a126~porta_address_reg0  ; clk          ; clk         ; 8.000        ; 0.162      ; 3.422      ;
; 4.756 ; layer2_cuckoo:u_layer2|r_a0[12]                                                                                                                                                                    ; layer2_cuckoo:u_layer2|altsyncram:cuckoo_bank_1_rtl_0|altsyncram_lq91:auto_generated|altsyncram:ram_block1a0|altsyncram_bqa3:auto_generated|ram_block1a492~porta_address_reg0  ; clk          ; clk         ; 8.000        ; 0.118      ; 3.371      ;
; 4.756 ; layer2_cuckoo:u_layer2|r_a0[3]                                                                                                                                                                     ; layer2_cuckoo:u_layer2|altsyncram:cuckoo_bank_0_rtl_0|altsyncram_kq91:auto_generated|altsyncram:ram_block1a0|altsyncram_aqa3:auto_generated|ram_block1a684~porta_address_reg0  ; clk          ; clk         ; 8.000        ; 0.044      ; 3.297      ;
; 4.760 ; layer2_cuckoo:u_layer2|altsyncram:cuckoo_bank_2_rtl_0|altsyncram_mq91:auto_generated|altsyncram:ram_block1a0|altsyncram_cqa3:auto_generated|mux_eqb:mux2|result_node[88]~537_OTERM8663_OTERM11253  ; layer2_cuckoo:u_layer2|match2_OTERM5473                                                                                                                                        ; clk          ; clk         ; 8.000        ; 0.178      ; 3.405      ;
; 4.762 ; layer1_bloom:u_layer1|b1_r_OTERM25_OTERM2413_OTERM7051                                                                                                                                             ; layer1_bloom:u_layer1|hint_verify                                                                                                                                              ; clk          ; clk         ; 8.000        ; -0.191     ; 3.034      ;
; 4.763 ; layer2_cuckoo:u_layer2|altsyncram:cuckoo_bank_1_rtl_0|altsyncram_lq91:auto_generated|altsyncram:ram_block1a0|altsyncram_bqa3:auto_generated|mux_eqb:mux2|result_node[100]~608_OTERM5929_OTERM10439 ; layer2_cuckoo:u_layer2|match1_OTERM5467                                                                                                                                        ; clk          ; clk         ; 8.000        ; 0.010      ; 3.234      ;
; 4.764 ; layer2_cuckoo:u_layer2|mem2_r[92]_OTERM1303_OTERM4443                                                                                                                                              ; layer2_cuckoo:u_layer2|match2_OTERM5473                                                                                                                                        ; clk          ; clk         ; 8.000        ; 0.172      ; 3.395      ;
; 4.764 ; layer2_cuckoo:u_layer2|altsyncram:cuckoo_bank_2_rtl_0|altsyncram_mq91:auto_generated|altsyncram:ram_block1a0|altsyncram_cqa3:auto_generated|mux_eqb:mux2|result_node[93]~554_OTERM5557_OTERM10179  ; layer2_cuckoo:u_layer2|match2_OTERM5473                                                                                                                                        ; clk          ; clk         ; 8.000        ; 0.173      ; 3.396      ;
; 4.765 ; layer2_cuckoo:u_layer2|altsyncram:cuckoo_bank_0_rtl_0|altsyncram_kq91:auto_generated|altsyncram:ram_block1a0|altsyncram_aqa3:auto_generated|mux_eqb:mux2|result_node[6]~44_OTERM6265_OTERM10217    ; layer2_cuckoo:u_layer2|match0_OTERM5453                                                                                                                                        ; clk          ; clk         ; 8.000        ; 0.177      ; 3.399      ;
; 4.769 ; layer2_cuckoo:u_layer2|flow_r[99]                                                                                                                                                                  ; layer2_cuckoo:u_layer2|match1_OTERM5467                                                                                                                                        ; clk          ; clk         ; 8.000        ; -0.031     ; 3.187      ;
; 4.770 ; layer2_cuckoo:u_layer2|r_a0[3]                                                                                                                                                                     ; layer2_cuckoo:u_layer2|altsyncram:cuckoo_bank_0_rtl_0|altsyncram_kq91:auto_generated|altsyncram:ram_block1a0|altsyncram_aqa3:auto_generated|ram_block1a226~porta_address_reg0  ; clk          ; clk         ; 8.000        ; 0.058      ; 3.297      ;
; 4.770 ; layer2_cuckoo:u_layer2|r_a0[12]                                                                                                                                                                    ; layer2_cuckoo:u_layer2|altsyncram:cuckoo_bank_0_rtl_0|altsyncram_kq91:auto_generated|altsyncram:ram_block1a0|altsyncram_aqa3:auto_generated|ram_block1a274~porta_address_reg0  ; clk          ; clk         ; 8.000        ; 0.074      ; 3.313      ;
; 4.772 ; layer2_cuckoo:u_layer2|flow_r[102]                                                                                                                                                                 ; layer2_cuckoo:u_layer2|match2_OTERM5475                                                                                                                                        ; clk          ; clk         ; 8.000        ; 0.145      ; 3.360      ;
; 4.772 ; layer1_bloom:u_layer1|b2_r_OTERM19_OTERM2377_OTERM6323                                                                                                                                             ; layer1_bloom:u_layer1|hint_verify                                                                                                                                              ; clk          ; clk         ; 8.000        ; -0.190     ; 3.025      ;
; 4.775 ; layer2_cuckoo:u_layer2|altsyncram:cuckoo_bank_2_rtl_0|altsyncram_mq91:auto_generated|altsyncram:ram_block1a0|altsyncram_cqa3:auto_generated|mux_eqb:mux2|result_node[89]~530_OTERM5655_OTERM10507  ; layer2_cuckoo:u_layer2|match2_OTERM5473                                                                                                                                        ; clk          ; clk         ; 8.000        ; 0.189      ; 3.401      ;
; 4.780 ; layer1_bloom:u_layer1|b1_r_OTERM25_OTERM2413_OTERM7053                                                                                                                                             ; layer1_bloom:u_layer1|hint_verify                                                                                                                                              ; clk          ; clk         ; 8.000        ; -0.206     ; 3.001      ;
; 4.788 ; layer2_cuckoo:u_layer2|r_a0[12]                                                                                                                                                                    ; layer2_cuckoo:u_layer2|altsyncram:cuckoo_bank_2_rtl_0|altsyncram_mq91:auto_generated|altsyncram:ram_block1a0|altsyncram_cqa3:auto_generated|ram_block1a446~porta_address_reg0  ; clk          ; clk         ; 8.000        ; 0.095      ; 3.316      ;
; 4.788 ; layer1_bloom:u_layer1|b4_r_OTERM35_OTERM2393_OTERM6373                                                                                                                                             ; layer1_bloom:u_layer1|hint_verify                                                                                                                                              ; clk          ; clk         ; 8.000        ; -0.155     ; 3.044      ;
; 4.797 ; layer1_bloom:u_layer1|b1_r_OTERM27_OTERM2383_OTERM6339                                                                                                                                             ; layer1_bloom:u_layer1|hint_verify                                                                                                                                              ; clk          ; clk         ; 8.000        ; -0.202     ; 2.988      ;
; 4.803 ; layer2_cuckoo:u_layer2|r_a0[3]                                                                                                                                                                     ; layer2_cuckoo:u_layer2|altsyncram:cuckoo_bank_0_rtl_0|altsyncram_kq91:auto_generated|altsyncram:ram_block1a0|altsyncram_aqa3:auto_generated|ram_block1a208~porta_address_reg0  ; clk          ; clk         ; 8.000        ; 0.097      ; 3.303      ;
; 4.804 ; layer2_cuckoo:u_layer2|altsyncram:cuckoo_bank_1_rtl_0|altsyncram_lq91:auto_generated|altsyncram:ram_block1a0|altsyncram_bqa3:auto_generated|mux_eqb:mux2|result_node[101]~602_OTERM5911_OTERM10369 ; layer2_cuckoo:u_layer2|match1_OTERM5467                                                                                                                                        ; clk          ; clk         ; 8.000        ; -0.005     ; 3.178      ;
; 4.805 ; layer2_cuckoo:u_layer2|mem2_r[93]_OTERM1309_OTERM4439                                                                                                                                              ; layer2_cuckoo:u_layer2|match2_OTERM5473                                                                                                                                        ; clk          ; clk         ; 8.000        ; 0.172      ; 3.354      ;
; 4.806 ; layer2_cuckoo:u_layer2|altsyncram:cuckoo_bank_0_rtl_0|altsyncram_kq91:auto_generated|altsyncram:ram_block1a0|altsyncram_aqa3:auto_generated|mux_eqb:mux2|result_node[102]~620_OTERM6223_OTERM9523  ; layer2_cuckoo:u_layer2|match0_OTERM5459                                                                                                                                        ; clk          ; clk         ; 8.000        ; -0.069     ; 3.112      ;
; 4.810 ; layer2_cuckoo:u_layer2|altsyncram:cuckoo_bank_1_rtl_0|altsyncram_lq91:auto_generated|altsyncram:ram_block1a0|altsyncram_bqa3:auto_generated|mux_eqb:mux2|result_node[101]~602_OTERM5911_OTERM10367 ; layer2_cuckoo:u_layer2|match1_OTERM5467                                                                                                                                        ; clk          ; clk         ; 8.000        ; -0.005     ; 3.172      ;
; 4.813 ; layer2_cuckoo:u_layer2|r_a0[3]                                                                                                                                                                     ; layer2_cuckoo:u_layer2|altsyncram:cuckoo_bank_0_rtl_0|altsyncram_kq91:auto_generated|altsyncram:ram_block1a0|altsyncram_aqa3:auto_generated|ram_block1a80~porta_address_reg0   ; clk          ; clk         ; 8.000        ; 0.096      ; 3.292      ;
; 4.815 ; layer2_cuckoo:u_layer2|r_a0[3]                                                                                                                                                                     ; layer2_cuckoo:u_layer2|altsyncram:cuckoo_bank_0_rtl_0|altsyncram_kq91:auto_generated|altsyncram:ram_block1a0|altsyncram_aqa3:auto_generated|ram_block1a730~porta_address_reg0  ; clk          ; clk         ; 8.000        ; 0.097      ; 3.291      ;
; 4.820 ; layer2_cuckoo:u_layer2|mem2_r[86]_OTERM1315_OTERM4433                                                                                                                                              ; layer2_cuckoo:u_layer2|match2_OTERM5473                                                                                                                                        ; clk          ; clk         ; 8.000        ; 0.172      ; 3.339      ;
; 4.821 ; layer1_bloom:u_layer1|b4_r_OTERM33_OTERM2435_OTERM7119                                                                                                                                             ; layer1_bloom:u_layer1|hint_verify                                                                                                                                              ; clk          ; clk         ; 8.000        ; -0.127     ; 3.039      ;
; 4.822 ; layer2_cuckoo:u_layer2|r_a0[12]                                                                                                                                                                    ; layer2_cuckoo:u_layer2|altsyncram:cuckoo_bank_0_rtl_0|altsyncram_kq91:auto_generated|altsyncram:ram_block1a0|altsyncram_aqa3:auto_generated|ram_block1a684~porta_address_reg0  ; clk          ; clk         ; 8.000        ; 0.063      ; 3.250      ;
+-------+----------------------------------------------------------------------------------------------------------------------------------------------------------------------------------------------------+--------------------------------------------------------------------------------------------------------------------------------------------------------------------------------+--------------+-------------+--------------+------------+------------+


+-----------------------------------------------------------------------------------------------------------------------------------------------------------------------------------------------------------------------------------------------------------------------------------------------------+
; Fast 1200mV 0C Model Hold: 'clk'                                                                                                                                                                                                                                                                    ;
+-------+---------------------------------------+-------------------------------------------------------------------------------------------------------------------------------------------------------------------------------+--------------+-------------+--------------+------------+------------+
; Slack ; From Node                             ; To Node                                                                                                                                                                       ; Launch Clock ; Latch Clock ; Relationship ; Clock Skew ; Data Delay ;
+-------+---------------------------------------+-------------------------------------------------------------------------------------------------------------------------------------------------------------------------------+--------------+-------------+--------------+------------+------------+
; 0.151 ; flow_d4[116]                          ; layer2_cuckoo:u_layer2|r_flow[116]                                                                                                                                            ; clk          ; clk         ; 0.000        ; 0.251      ; 0.486      ;
; 0.155 ; layer2_cuckoo:u_layer2|r_a0[0]        ; layer2_cuckoo:u_layer2|altsyncram:cuckoo_bank_0_rtl_0|altsyncram_kq91:auto_generated|altsyncram:ram_block1a0|altsyncram_aqa3:auto_generated|ram_block1a310~porta_address_reg0 ; clk          ; clk         ; 0.000        ; 0.222      ; 0.481      ;
; 0.180 ; flow_d2[26]                           ; flow_d3[26]                                                                                                                                                                   ; clk          ; clk         ; 0.000        ; 0.050      ; 0.314      ;
; 0.180 ; in_flow[121]                          ; flow_d1[121]                                                                                                                                                                  ; clk          ; clk         ; 0.000        ; 0.050      ; 0.314      ;
; 0.180 ; layer2_cuckoo:u_layer2|r_flow[45]     ; layer2_cuckoo:u_layer2|r_flow_d1[45]                                                                                                                                          ; clk          ; clk         ; 0.000        ; 0.051      ; 0.315      ;
; 0.182 ; layer2_cuckoo:u_layer2|r_flow[103]    ; layer2_cuckoo:u_layer2|r_flow_d1[103]                                                                                                                                         ; clk          ; clk         ; 0.000        ; 0.049      ; 0.315      ;
; 0.182 ; in_flow[85]                           ; flow_d1[85]                                                                                                                                                                   ; clk          ; clk         ; 0.000        ; 0.048      ; 0.314      ;
; 0.183 ; layer2_cuckoo:u_layer2|r_a0[6]        ; layer2_cuckoo:u_layer2|altsyncram:cuckoo_bank_0_rtl_0|altsyncram_kq91:auto_generated|altsyncram:ram_block1a0|altsyncram_aqa3:auto_generated|ram_block1a310~porta_address_reg0 ; clk          ; clk         ; 0.000        ; 0.223      ; 0.510      ;
; 0.184 ; layer2_cuckoo:u_layer2|r_flow[6]      ; layer2_cuckoo:u_layer2|r_flow_d1[6]                                                                                                                                           ; clk          ; clk         ; 0.000        ; 0.048      ; 0.316      ;
; 0.185 ; in_flow[54]                           ; flow_d1[54]                                                                                                                                                                   ; clk          ; clk         ; 0.000        ; 0.048      ; 0.317      ;
; 0.186 ; flow_d2[57]                           ; flow_d3[57]                                                                                                                                                                   ; clk          ; clk         ; 0.000        ; 0.043      ; 0.313      ;
; 0.186 ; flow_d2[27]                           ; flow_d3[27]                                                                                                                                                                   ; clk          ; clk         ; 0.000        ; 0.043      ; 0.313      ;
; 0.186 ; flow_d4[14]                           ; layer2_cuckoo:u_layer2|r_flow[14]                                                                                                                                             ; clk          ; clk         ; 0.000        ; 0.043      ; 0.313      ;
; 0.187 ; in_flow[48]                           ; flow_d1[48]                                                                                                                                                                   ; clk          ; clk         ; 0.000        ; 0.042      ; 0.313      ;
; 0.187 ; layer2_cuckoo:u_layer2|r_flow_d1[120] ; layer2_cuckoo:u_layer2|flow_r[120]                                                                                                                                            ; clk          ; clk         ; 0.000        ; 0.043      ; 0.314      ;
; 0.187 ; layer2_cuckoo:u_layer2|r_flow[43]     ; layer2_cuckoo:u_layer2|r_flow_d1[43]                                                                                                                                          ; clk          ; clk         ; 0.000        ; 0.043      ; 0.314      ;
; 0.187 ; layer2_cuckoo:u_layer2|r_flow_d1[48]  ; layer2_cuckoo:u_layer2|flow_r[48]                                                                                                                                             ; clk          ; clk         ; 0.000        ; 0.043      ; 0.314      ;
; 0.187 ; layer2_cuckoo:u_layer2|r_flow_d1[39]  ; layer2_cuckoo:u_layer2|flow_r[39]                                                                                                                                             ; clk          ; clk         ; 0.000        ; 0.043      ; 0.314      ;
; 0.187 ; layer2_cuckoo:u_layer2|r_flow[39]     ; layer2_cuckoo:u_layer2|r_flow_d1[39]                                                                                                                                          ; clk          ; clk         ; 0.000        ; 0.043      ; 0.314      ;
; 0.187 ; layer2_cuckoo:u_layer2|r_flow[57]     ; layer2_cuckoo:u_layer2|r_flow_d1[57]                                                                                                                                          ; clk          ; clk         ; 0.000        ; 0.043      ; 0.314      ;
; 0.187 ; flow_d4[57]                           ; layer2_cuckoo:u_layer2|r_flow[57]                                                                                                                                             ; clk          ; clk         ; 0.000        ; 0.043      ; 0.314      ;
; 0.187 ; flow_d1[57]                           ; flow_d2[57]                                                                                                                                                                   ; clk          ; clk         ; 0.000        ; 0.043      ; 0.314      ;
; 0.187 ; flow_d3[56]                           ; flow_d4[56]                                                                                                                                                                   ; clk          ; clk         ; 0.000        ; 0.043      ; 0.314      ;
; 0.187 ; flow_d2[56]                           ; flow_d3[56]                                                                                                                                                                   ; clk          ; clk         ; 0.000        ; 0.043      ; 0.314      ;
; 0.187 ; flow_d1[56]                           ; flow_d2[56]                                                                                                                                                                   ; clk          ; clk         ; 0.000        ; 0.043      ; 0.314      ;
; 0.187 ; in_flow[62]                           ; flow_d1[62]                                                                                                                                                                   ; clk          ; clk         ; 0.000        ; 0.042      ; 0.313      ;
; 0.187 ; flow_d3[27]                           ; flow_d4[27]                                                                                                                                                                   ; clk          ; clk         ; 0.000        ; 0.043      ; 0.314      ;
; 0.187 ; flow_d2[109]                          ; flow_d3[109]                                                                                                                                                                  ; clk          ; clk         ; 0.000        ; 0.042      ; 0.313      ;
; 0.187 ; flow_d3[32]                           ; flow_d4[32]                                                                                                                                                                   ; clk          ; clk         ; 0.000        ; 0.043      ; 0.314      ;
; 0.187 ; flow_d2[19]                           ; flow_d3[19]                                                                                                                                                                   ; clk          ; clk         ; 0.000        ; 0.043      ; 0.314      ;
; 0.187 ; flow_d3[8]                            ; flow_d4[8]                                                                                                                                                                    ; clk          ; clk         ; 0.000        ; 0.043      ; 0.314      ;
; 0.188 ; layer2_cuckoo:u_layer2|r_flow_d1[124] ; layer2_cuckoo:u_layer2|flow_r[124]                                                                                                                                            ; clk          ; clk         ; 0.000        ; 0.042      ; 0.314      ;
; 0.188 ; flow_d1[97]                           ; flow_d2[97]                                                                                                                                                                   ; clk          ; clk         ; 0.000        ; 0.041      ; 0.313      ;
; 0.188 ; in_flow[97]                           ; flow_d1[97]                                                                                                                                                                   ; clk          ; clk         ; 0.000        ; 0.041      ; 0.313      ;
; 0.188 ; layer2_cuckoo:u_layer2|r_flow_d1[101] ; layer2_cuckoo:u_layer2|flow_r[101]                                                                                                                                            ; clk          ; clk         ; 0.000        ; 0.042      ; 0.314      ;
; 0.188 ; flow_d4[113]                          ; layer2_cuckoo:u_layer2|r_flow[113]                                                                                                                                            ; clk          ; clk         ; 0.000        ; 0.042      ; 0.314      ;
; 0.188 ; flow_d2[118]                          ; flow_d3[118]                                                                                                                                                                  ; clk          ; clk         ; 0.000        ; 0.042      ; 0.314      ;
; 0.188 ; flow_d1[118]                          ; flow_d2[118]                                                                                                                                                                  ; clk          ; clk         ; 0.000        ; 0.042      ; 0.314      ;
; 0.188 ; layer2_cuckoo:u_layer2|r_flow[92]     ; layer2_cuckoo:u_layer2|r_flow_d1[92]                                                                                                                                          ; clk          ; clk         ; 0.000        ; 0.042      ; 0.314      ;
; 0.188 ; flow_d4[92]                           ; layer2_cuckoo:u_layer2|r_flow[92]                                                                                                                                             ; clk          ; clk         ; 0.000        ; 0.042      ; 0.314      ;
; 0.188 ; flow_d3[92]                           ; flow_d4[92]                                                                                                                                                                   ; clk          ; clk         ; 0.000        ; 0.042      ; 0.314      ;
; 0.188 ; layer2_cuckoo:u_layer2|r_flow[95]     ; layer2_cuckoo:u_layer2|r_flow_d1[95]                                                                                                                                          ; clk          ; clk         ; 0.000        ; 0.042      ; 0.314      ;
; 0.188 ; flow_d4[95]                           ; layer2_cuckoo:u_layer2|r_flow[95]                                                                                                                                             ; clk          ; clk         ; 0.000        ; 0.042      ; 0.314      ;
; 0.188 ; flow_d4[84]                           ; layer2_cuckoo:u_layer2|r_flow[84]                                                                                                                                             ; clk          ; clk         ; 0.000        ; 0.042      ; 0.314      ;
; 0.188 ; layer2_cuckoo:u_layer2|r_flow_d1[81]  ; layer2_cuckoo:u_layer2|flow_r[81]                                                                                                                                             ; clk          ; clk         ; 0.000        ; 0.042      ; 0.314      ;
; 0.188 ; layer2_cuckoo:u_layer2|r_flow_d1[30]  ; layer2_cuckoo:u_layer2|flow_r[30]                                                                                                                                             ; clk          ; clk         ; 0.000        ; 0.042      ; 0.314      ;
; 0.188 ; flow_d3[30]                           ; flow_d4[30]                                                                                                                                                                   ; clk          ; clk         ; 0.000        ; 0.042      ; 0.314      ;
; 0.188 ; flow_d1[119]                          ; flow_d2[119]                                                                                                                                                                  ; clk          ; clk         ; 0.000        ; 0.042      ; 0.314      ;
; 0.188 ; in_flow[119]                          ; flow_d1[119]                                                                                                                                                                  ; clk          ; clk         ; 0.000        ; 0.042      ; 0.314      ;
; 0.188 ; layer2_cuckoo:u_layer2|r_flow[50]     ; layer2_cuckoo:u_layer2|r_flow_d1[50]                                                                                                                                          ; clk          ; clk         ; 0.000        ; 0.042      ; 0.314      ;
; 0.188 ; layer2_cuckoo:u_layer2|r_flow[34]     ; layer2_cuckoo:u_layer2|r_flow_d1[34]                                                                                                                                          ; clk          ; clk         ; 0.000        ; 0.042      ; 0.314      ;
; 0.188 ; layer2_cuckoo:u_layer2|r_flow[80]     ; layer2_cuckoo:u_layer2|r_flow_d1[80]                                                                                                                                          ; clk          ; clk         ; 0.000        ; 0.042      ; 0.314      ;
; 0.188 ; flow_d2[80]                           ; flow_d3[80]                                                                                                                                                                   ; clk          ; clk         ; 0.000        ; 0.042      ; 0.314      ;
; 0.188 ; flow_d1[80]                           ; flow_d2[80]                                                                                                                                                                   ; clk          ; clk         ; 0.000        ; 0.042      ; 0.314      ;
; 0.188 ; layer2_cuckoo:u_layer2|r_flow[4]      ; layer2_cuckoo:u_layer2|r_flow_d1[4]                                                                                                                                           ; clk          ; clk         ; 0.000        ; 0.042      ; 0.314      ;
; 0.188 ; flow_d2[74]                           ; flow_d3[74]                                                                                                                                                                   ; clk          ; clk         ; 0.000        ; 0.042      ; 0.314      ;
; 0.188 ; flow_d1[74]                           ; flow_d2[74]                                                                                                                                                                   ; clk          ; clk         ; 0.000        ; 0.042      ; 0.314      ;
; 0.188 ; flow_d2[50]                           ; flow_d3[50]                                                                                                                                                                   ; clk          ; clk         ; 0.000        ; 0.042      ; 0.314      ;
; 0.188 ; flow_d1[108]                          ; flow_d2[108]                                                                                                                                                                  ; clk          ; clk         ; 0.000        ; 0.042      ; 0.314      ;
; 0.188 ; flow_d2[39]                           ; flow_d3[39]                                                                                                                                                                   ; clk          ; clk         ; 0.000        ; 0.042      ; 0.314      ;
; 0.188 ; flow_d4[10]                           ; layer2_cuckoo:u_layer2|r_flow[10]                                                                                                                                             ; clk          ; clk         ; 0.000        ; 0.042      ; 0.314      ;
; 0.188 ; flow_d2[10]                           ; flow_d3[10]                                                                                                                                                                   ; clk          ; clk         ; 0.000        ; 0.042      ; 0.314      ;
; 0.188 ; flow_d2[21]                           ; flow_d3[21]                                                                                                                                                                   ; clk          ; clk         ; 0.000        ; 0.042      ; 0.314      ;
; 0.188 ; flow_d1[21]                           ; flow_d2[21]                                                                                                                                                                   ; clk          ; clk         ; 0.000        ; 0.042      ; 0.314      ;
; 0.188 ; flow_d3[33]                           ; flow_d4[33]                                                                                                                                                                   ; clk          ; clk         ; 0.000        ; 0.042      ; 0.314      ;
; 0.188 ; flow_d2[33]                           ; flow_d3[33]                                                                                                                                                                   ; clk          ; clk         ; 0.000        ; 0.042      ; 0.314      ;
; 0.188 ; flow_d1[4]                            ; flow_d2[4]                                                                                                                                                                    ; clk          ; clk         ; 0.000        ; 0.042      ; 0.314      ;
; 0.188 ; flow_d2[48]                           ; flow_d3[48]                                                                                                                                                                   ; clk          ; clk         ; 0.000        ; 0.042      ; 0.314      ;
; 0.188 ; flow_d2[106]                          ; flow_d3[106]                                                                                                                                                                  ; clk          ; clk         ; 0.000        ; 0.042      ; 0.314      ;
; 0.188 ; flow_d1[106]                          ; flow_d2[106]                                                                                                                                                                  ; clk          ; clk         ; 0.000        ; 0.042      ; 0.314      ;
; 0.188 ; flow_d2[37]                           ; flow_d3[37]                                                                                                                                                                   ; clk          ; clk         ; 0.000        ; 0.042      ; 0.314      ;
; 0.188 ; flow_d1[37]                           ; flow_d2[37]                                                                                                                                                                   ; clk          ; clk         ; 0.000        ; 0.042      ; 0.314      ;
; 0.188 ; flow_d2[102]                          ; flow_d3[102]                                                                                                                                                                  ; clk          ; clk         ; 0.000        ; 0.041      ; 0.313      ;
; 0.188 ; flow_d2[68]                           ; flow_d3[68]                                                                                                                                                                   ; clk          ; clk         ; 0.000        ; 0.041      ; 0.313      ;
; 0.188 ; flow_d2[38]                           ; flow_d3[38]                                                                                                                                                                   ; clk          ; clk         ; 0.000        ; 0.042      ; 0.314      ;
; 0.188 ; flow_d3[126]                          ; flow_d4[126]                                                                                                                                                                  ; clk          ; clk         ; 0.000        ; 0.042      ; 0.314      ;
; 0.188 ; flow_d2[126]                          ; flow_d3[126]                                                                                                                                                                  ; clk          ; clk         ; 0.000        ; 0.042      ; 0.314      ;
; 0.188 ; in_flow[126]                          ; flow_d1[126]                                                                                                                                                                  ; clk          ; clk         ; 0.000        ; 0.042      ; 0.314      ;
; 0.188 ; layer2_cuckoo:u_layer2|r_flow_d1[112] ; layer2_cuckoo:u_layer2|flow_r[112]                                                                                                                                            ; clk          ; clk         ; 0.000        ; 0.042      ; 0.314      ;
; 0.188 ; flow_d4[112]                          ; layer2_cuckoo:u_layer2|r_flow[112]                                                                                                                                            ; clk          ; clk         ; 0.000        ; 0.042      ; 0.314      ;
; 0.188 ; flow_d3[112]                          ; flow_d4[112]                                                                                                                                                                  ; clk          ; clk         ; 0.000        ; 0.042      ; 0.314      ;
; 0.188 ; flow_d2[112]                          ; flow_d3[112]                                                                                                                                                                  ; clk          ; clk         ; 0.000        ; 0.042      ; 0.314      ;
; 0.188 ; in_flow[61]                           ; flow_d1[61]                                                                                                                                                                   ; clk          ; clk         ; 0.000        ; 0.042      ; 0.314      ;
; 0.188 ; flow_d2[77]                           ; flow_d3[77]                                                                                                                                                                   ; clk          ; clk         ; 0.000        ; 0.042      ; 0.314      ;
; 0.188 ; flow_d1[77]                           ; flow_d2[77]                                                                                                                                                                   ; clk          ; clk         ; 0.000        ; 0.042      ; 0.314      ;
; 0.188 ; flow_d2[83]                           ; flow_d3[83]                                                                                                                                                                   ; clk          ; clk         ; 0.000        ; 0.041      ; 0.313      ;
; 0.188 ; flow_d4[25]                           ; layer2_cuckoo:u_layer2|r_flow[25]                                                                                                                                             ; clk          ; clk         ; 0.000        ; 0.041      ; 0.313      ;
; 0.188 ; flow_d1[24]                           ; flow_d2[24]                                                                                                                                                                   ; clk          ; clk         ; 0.000        ; 0.042      ; 0.314      ;
; 0.188 ; layer2_cuckoo:u_layer2|r_flow[29]     ; layer2_cuckoo:u_layer2|r_flow_d1[29]                                                                                                                                          ; clk          ; clk         ; 0.000        ; 0.042      ; 0.314      ;
; 0.188 ; flow_d2[29]                           ; flow_d3[29]                                                                                                                                                                   ; clk          ; clk         ; 0.000        ; 0.042      ; 0.314      ;
; 0.188 ; in_flow[29]                           ; flow_d1[29]                                                                                                                                                                   ; clk          ; clk         ; 0.000        ; 0.042      ; 0.314      ;
; 0.188 ; in_flow[111]                          ; flow_d1[111]                                                                                                                                                                  ; clk          ; clk         ; 0.000        ; 0.042      ; 0.314      ;
; 0.188 ; flow_d1[120]                          ; flow_d2[120]                                                                                                                                                                  ; clk          ; clk         ; 0.000        ; 0.043      ; 0.315      ;
; 0.188 ; layer2_cuckoo:u_layer2|r_flow[121]    ; layer2_cuckoo:u_layer2|r_flow_d1[121]                                                                                                                                         ; clk          ; clk         ; 0.000        ; 0.043      ; 0.315      ;
; 0.188 ; layer2_cuckoo:u_layer2|r_flow_d1[43]  ; layer2_cuckoo:u_layer2|flow_r[43]                                                                                                                                             ; clk          ; clk         ; 0.000        ; 0.043      ; 0.315      ;
; 0.188 ; layer2_cuckoo:u_layer2|r_flow_d1[51]  ; layer2_cuckoo:u_layer2|flow_r[51]                                                                                                                                             ; clk          ; clk         ; 0.000        ; 0.043      ; 0.315      ;
; 0.188 ; layer2_cuckoo:u_layer2|r_flow_d1[35]  ; layer2_cuckoo:u_layer2|flow_r[35]                                                                                                                                             ; clk          ; clk         ; 0.000        ; 0.043      ; 0.315      ;
; 0.188 ; layer2_cuckoo:u_layer2|r_flow_d1[37]  ; layer2_cuckoo:u_layer2|flow_r[37]                                                                                                                                             ; clk          ; clk         ; 0.000        ; 0.042      ; 0.314      ;
; 0.188 ; layer2_cuckoo:u_layer2|r_flow_d1[60]  ; layer2_cuckoo:u_layer2|flow_r[60]                                                                                                                                             ; clk          ; clk         ; 0.000        ; 0.042      ; 0.314      ;
; 0.188 ; layer2_cuckoo:u_layer2|r_flow[60]     ; layer2_cuckoo:u_layer2|r_flow_d1[60]                                                                                                                                          ; clk          ; clk         ; 0.000        ; 0.042      ; 0.314      ;
+-------+---------------------------------------+-------------------------------------------------------------------------------------------------------------------------------------------------------------------------------+--------------+-------------+--------------+------------+------------+


----------------------------------------------
; Fast 1200mV 0C Model Metastability Summary ;
----------------------------------------------
The design MTBF is not calculated because there are no specified synchronizers in the design.
Number of Synchronizer Chains Found: 42
Shortest Synchronizer Chain: 8 Registers
Fraction of Chains for which MTBFs Could Not be Calculated: 1.000
Worst Case Available Settling Time: 55.847 ns




+-----------------------------------------------------------------------------+
; Multicorner Timing Analysis Summary                                         ;
+------------------+-------+-------+----------+---------+---------------------+
; Clock            ; Setup ; Hold  ; Recovery ; Removal ; Minimum Pulse Width ;
+------------------+-------+-------+----------+---------+---------------------+
; Worst-case Slack ; 0.780 ; 0.151 ; N/A      ; N/A     ; 3.370               ;
;  clk             ; 0.780 ; 0.151 ; N/A      ; N/A     ; 3.370               ;
; Design-wide TNS  ; 0.0   ; 0.0   ; 0.0      ; 0.0     ; 0.0                 ;
;  clk             ; 0.000 ; 0.000 ; N/A      ; N/A     ; 0.000               ;
+------------------+-------+-------+----------+---------+---------------------+


+----------------------------------------------------------------------------------------------------------------------------------------------------------------------------------------------------------------------------------------------------------------------------------------------------------------------------------------------------------------------------------------------------------------------+
; Board Trace Model Assignments                                                                                                                                                                                                                                                                                                                                                                                        ;
+-------------------+--------------+-------------------+-------------------------+-------------------------+---------------+---------------------+----------------+------------------+--------+------------------+------------------------+------------------------+--------------+---------------+-----------------+-------+---------------------+--------------------+---------------+-----------------+-------------+
; Pin               ; I/O Standard ; Near Tline Length ; Near Tline L per Length ; Near Tline C per Length ; Near Series R ; Near Differential R ; Near Pull-up R ; Near Pull-down R ; Near C ; Far Tline Length ; Far Tline L per Length ; Far Tline C per Length ; Far Series R ; Far Pull-up R ; Far Pull-down R ; Far C ; Termination Voltage ; Far Differential R ; EBD File Name ; EBD Signal Name ; EBD Far-end ;
+-------------------+--------------+-------------------+-------------------------+-------------------------+---------------+---------------------+----------------+------------------+--------+------------------+------------------------+------------------------+--------------+---------------+-----------------+-------+---------------------+--------------------+---------------+-----------------+-------------+
; firewall_decision ; 2.5 V        ; 0 in              ; 0 H/in                  ; 0 F/in                  ; short         ; -                   ; open           ; open             ; open   ; 0 in             ; 0 H/in                 ; 0 F/in                 ; short        ; open          ; open            ; open  ; 0 V                 ; -                  ; n/a           ; n/a             ; n/a         ;
; decision_valid    ; 2.5 V        ; 0 in              ; 0 H/in                  ; 0 F/in                  ; short         ; -                   ; open           ; open             ; open   ; 0 in             ; 0 H/in                 ; 0 F/in                 ; short        ; open          ; open            ; open  ; 0 V                 ; -                  ; n/a           ; n/a             ; n/a         ;
; ~ALTERA_DCLK~     ; 2.5 V        ; 0 in              ; 0 H/in                  ; 0 F/in                  ; short         ; -                   ; open           ; open             ; open   ; 0 in             ; 0 H/in                 ; 0 F/in                 ; short        ; open          ; open            ; open  ; 0 V                 ; -                  ; n/a           ; n/a             ; n/a         ;
; ~ALTERA_nCEO~     ; 2.5 V        ; 0 in              ; 0 H/in                  ; 0 F/in                  ; short         ; -                   ; open           ; open             ; open   ; 0 in             ; 0 H/in                 ; 0 F/in                 ; short        ; open          ; open            ; open  ; 0 V                 ; -                  ; n/a           ; n/a             ; n/a         ;
+-------------------+--------------+-------------------+-------------------------+-------------------------+---------------+---------------------+----------------+------------------+--------+------------------+------------------------+------------------------+--------------+---------------+-----------------+-------+---------------------+--------------------+---------------+-----------------+-------------+


+----------------------------------------------------------------------------+
; Input Transition Times                                                     ;
+-------------------------+--------------+-----------------+-----------------+
; Pin                     ; I/O Standard ; 10-90 Rise Time ; 90-10 Fall Time ;
+-------------------------+--------------+-----------------+-----------------+
; rst                     ; 2.5 V        ; 2000 ps         ; 2000 ps         ;
; clk                     ; 2.5 V        ; 2000 ps         ; 2000 ps         ;
; valid_in                ; 2.5 V        ; 2000 ps         ; 2000 ps         ;
; incoming_flow_id[73]    ; 2.5 V        ; 2000 ps         ; 2000 ps         ;
; incoming_flow_id[107]   ; 2.5 V        ; 2000 ps         ; 2000 ps         ;
; incoming_flow_id[14]    ; 2.5 V        ; 2000 ps         ; 2000 ps         ;
; incoming_flow_id[43]    ; 2.5 V        ; 2000 ps         ; 2000 ps         ;
; incoming_flow_id[25]    ; 2.5 V        ; 2000 ps         ; 2000 ps         ;
; incoming_flow_id[54]    ; 2.5 V        ; 2000 ps         ; 2000 ps         ;
; incoming_flow_id[78]    ; 2.5 V        ; 2000 ps         ; 2000 ps         ;
; incoming_flow_id[112]   ; 2.5 V        ; 2000 ps         ; 2000 ps         ;
; incoming_flow_id[75]    ; 2.5 V        ; 2000 ps         ; 2000 ps         ;
; incoming_flow_id[109]   ; 2.5 V        ; 2000 ps         ; 2000 ps         ;
; incoming_flow_id[16]    ; 2.5 V        ; 2000 ps         ; 2000 ps         ;
; incoming_flow_id[45]    ; 2.5 V        ; 2000 ps         ; 2000 ps         ;
; incoming_flow_id[27]    ; 2.5 V        ; 2000 ps         ; 2000 ps         ;
; incoming_flow_id[56]    ; 2.5 V        ; 2000 ps         ; 2000 ps         ;
; incoming_flow_id[80]    ; 2.5 V        ; 2000 ps         ; 2000 ps         ;
; incoming_flow_id[114]   ; 2.5 V        ; 2000 ps         ; 2000 ps         ;
; incoming_flow_id[72]    ; 2.5 V        ; 2000 ps         ; 2000 ps         ;
; incoming_flow_id[106]   ; 2.5 V        ; 2000 ps         ; 2000 ps         ;
; incoming_flow_id[13]    ; 2.5 V        ; 2000 ps         ; 2000 ps         ;
; incoming_flow_id[42]    ; 2.5 V        ; 2000 ps         ; 2000 ps         ;
; incoming_flow_id[24]    ; 2.5 V        ; 2000 ps         ; 2000 ps         ;
; incoming_flow_id[53]    ; 2.5 V        ; 2000 ps         ; 2000 ps         ;
; incoming_flow_id[77]    ; 2.5 V        ; 2000 ps         ; 2000 ps         ;
; incoming_flow_id[111]   ; 2.5 V        ; 2000 ps         ; 2000 ps         ;
; incoming_flow_id[15]    ; 2.5 V        ; 2000 ps         ; 2000 ps         ;
; incoming_flow_id[44]    ; 2.5 V        ; 2000 ps         ; 2000 ps         ;
; incoming_flow_id[74]    ; 2.5 V        ; 2000 ps         ; 2000 ps         ;
; incoming_flow_id[108]   ; 2.5 V        ; 2000 ps         ; 2000 ps         ;
; incoming_flow_id[26]    ; 2.5 V        ; 2000 ps         ; 2000 ps         ;
; incoming_flow_id[55]    ; 2.5 V        ; 2000 ps         ; 2000 ps         ;
; incoming_flow_id[79]    ; 2.5 V        ; 2000 ps         ; 2000 ps         ;
; incoming_flow_id[113]   ; 2.5 V        ; 2000 ps         ; 2000 ps         ;
; incoming_flow_id[0]     ; 2.5 V        ; 2000 ps         ; 2000 ps         ;
; incoming_flow_id[64]    ; 2.5 V        ; 2000 ps         ; 2000 ps         ;
; incoming_flow_id[98]    ; 2.5 V        ; 2000 ps         ; 2000 ps         ;
; incoming_flow_id[11]    ; 2.5 V        ; 2000 ps         ; 2000 ps         ;
; incoming_flow_id[40]    ; 2.5 V        ; 2000 ps         ; 2000 ps         ;
; incoming_flow_id[1]     ; 2.5 V        ; 2000 ps         ; 2000 ps         ;
; incoming_flow_id[65]    ; 2.5 V        ; 2000 ps         ; 2000 ps         ;
; incoming_flow_id[99]    ; 2.5 V        ; 2000 ps         ; 2000 ps         ;
; incoming_flow_id[12]    ; 2.5 V        ; 2000 ps         ; 2000 ps         ;
; incoming_flow_id[41]    ; 2.5 V        ; 2000 ps         ; 2000 ps         ;
; incoming_flow_id[2]     ; 2.5 V        ; 2000 ps         ; 2000 ps         ;
; incoming_flow_id[66]    ; 2.5 V        ; 2000 ps         ; 2000 ps         ;
; incoming_flow_id[100]   ; 2.5 V        ; 2000 ps         ; 2000 ps         ;
; incoming_flow_id[67]    ; 2.5 V        ; 2000 ps         ; 2000 ps         ;
; incoming_flow_id[101]   ; 2.5 V        ; 2000 ps         ; 2000 ps         ;
; incoming_flow_id[3]     ; 2.5 V        ; 2000 ps         ; 2000 ps         ;
; incoming_flow_id[32]    ; 2.5 V        ; 2000 ps         ; 2000 ps         ;
; incoming_flow_id[68]    ; 2.5 V        ; 2000 ps         ; 2000 ps         ;
; incoming_flow_id[102]   ; 2.5 V        ; 2000 ps         ; 2000 ps         ;
; incoming_flow_id[4]     ; 2.5 V        ; 2000 ps         ; 2000 ps         ;
; incoming_flow_id[33]    ; 2.5 V        ; 2000 ps         ; 2000 ps         ;
; incoming_flow_id[69]    ; 2.5 V        ; 2000 ps         ; 2000 ps         ;
; incoming_flow_id[103]   ; 2.5 V        ; 2000 ps         ; 2000 ps         ;
; incoming_flow_id[5]     ; 2.5 V        ; 2000 ps         ; 2000 ps         ;
; incoming_flow_id[34]    ; 2.5 V        ; 2000 ps         ; 2000 ps         ;
; incoming_flow_id[70]    ; 2.5 V        ; 2000 ps         ; 2000 ps         ;
; incoming_flow_id[104]   ; 2.5 V        ; 2000 ps         ; 2000 ps         ;
; incoming_flow_id[6]     ; 2.5 V        ; 2000 ps         ; 2000 ps         ;
; incoming_flow_id[17]    ; 2.5 V        ; 2000 ps         ; 2000 ps         ;
; incoming_flow_id[35]    ; 2.5 V        ; 2000 ps         ; 2000 ps         ;
; incoming_flow_id[46]    ; 2.5 V        ; 2000 ps         ; 2000 ps         ;
; incoming_flow_id[71]    ; 2.5 V        ; 2000 ps         ; 2000 ps         ;
; incoming_flow_id[105]   ; 2.5 V        ; 2000 ps         ; 2000 ps         ;
; incoming_flow_id[7]     ; 2.5 V        ; 2000 ps         ; 2000 ps         ;
; incoming_flow_id[18]    ; 2.5 V        ; 2000 ps         ; 2000 ps         ;
; incoming_flow_id[36]    ; 2.5 V        ; 2000 ps         ; 2000 ps         ;
; incoming_flow_id[47]    ; 2.5 V        ; 2000 ps         ; 2000 ps         ;
; incoming_flow_id[8]     ; 2.5 V        ; 2000 ps         ; 2000 ps         ;
; incoming_flow_id[19]    ; 2.5 V        ; 2000 ps         ; 2000 ps         ;
; incoming_flow_id[37]    ; 2.5 V        ; 2000 ps         ; 2000 ps         ;
; incoming_flow_id[48]    ; 2.5 V        ; 2000 ps         ; 2000 ps         ;
; incoming_flow_id[9]     ; 2.5 V        ; 2000 ps         ; 2000 ps         ;
; incoming_flow_id[20]    ; 2.5 V        ; 2000 ps         ; 2000 ps         ;
; incoming_flow_id[38]    ; 2.5 V        ; 2000 ps         ; 2000 ps         ;
; incoming_flow_id[49]    ; 2.5 V        ; 2000 ps         ; 2000 ps         ;
; incoming_flow_id[10]    ; 2.5 V        ; 2000 ps         ; 2000 ps         ;
; incoming_flow_id[21]    ; 2.5 V        ; 2000 ps         ; 2000 ps         ;
; incoming_flow_id[39]    ; 2.5 V        ; 2000 ps         ; 2000 ps         ;
; incoming_flow_id[50]    ; 2.5 V        ; 2000 ps         ; 2000 ps         ;
; incoming_flow_id[22]    ; 2.5 V        ; 2000 ps         ; 2000 ps         ;
; incoming_flow_id[51]    ; 2.5 V        ; 2000 ps         ; 2000 ps         ;
; incoming_flow_id[23]    ; 2.5 V        ; 2000 ps         ; 2000 ps         ;
; incoming_flow_id[52]    ; 2.5 V        ; 2000 ps         ; 2000 ps         ;
; incoming_flow_id[76]    ; 2.5 V        ; 2000 ps         ; 2000 ps         ;
; incoming_flow_id[110]   ; 2.5 V        ; 2000 ps         ; 2000 ps         ;
; incoming_flow_id[28]    ; 2.5 V        ; 2000 ps         ; 2000 ps         ;
; incoming_flow_id[29]    ; 2.5 V        ; 2000 ps         ; 2000 ps         ;
; incoming_flow_id[30]    ; 2.5 V        ; 2000 ps         ; 2000 ps         ;
; incoming_flow_id[31]    ; 2.5 V        ; 2000 ps         ; 2000 ps         ;
; incoming_flow_id[57]    ; 2.5 V        ; 2000 ps         ; 2000 ps         ;
; incoming_flow_id[58]    ; 2.5 V        ; 2000 ps         ; 2000 ps         ;
; incoming_flow_id[59]    ; 2.5 V        ; 2000 ps         ; 2000 ps         ;
; incoming_flow_id[60]    ; 2.5 V        ; 2000 ps         ; 2000 ps         ;
; incoming_flow_id[61]    ; 2.5 V        ; 2000 ps         ; 2000 ps         ;
; incoming_flow_id[62]    ; 2.5 V        ; 2000 ps         ; 2000 ps         ;
; incoming_flow_id[63]    ; 2.5 V        ; 2000 ps         ; 2000 ps         ;
; incoming_flow_id[81]    ; 2.5 V        ; 2000 ps         ; 2000 ps         ;
; incoming_flow_id[82]    ; 2.5 V        ; 2000 ps         ; 2000 ps         ;
; incoming_flow_id[83]    ; 2.5 V        ; 2000 ps         ; 2000 ps         ;
; incoming_flow_id[84]    ; 2.5 V        ; 2000 ps         ; 2000 ps         ;
; incoming_flow_id[85]    ; 2.5 V        ; 2000 ps         ; 2000 ps         ;
; incoming_flow_id[86]    ; 2.5 V        ; 2000 ps         ; 2000 ps         ;
; incoming_flow_id[87]    ; 2.5 V        ; 2000 ps         ; 2000 ps         ;
; incoming_flow_id[88]    ; 2.5 V        ; 2000 ps         ; 2000 ps         ;
; incoming_flow_id[89]    ; 2.5 V        ; 2000 ps         ; 2000 ps         ;
; incoming_flow_id[90]    ; 2.5 V        ; 2000 ps         ; 2000 ps         ;
; incoming_flow_id[91]    ; 2.5 V        ; 2000 ps         ; 2000 ps         ;
; incoming_flow_id[92]    ; 2.5 V        ; 2000 ps         ; 2000 ps         ;
; incoming_flow_id[93]    ; 2.5 V        ; 2000 ps         ; 2000 ps         ;
; incoming_flow_id[94]    ; 2.5 V        ; 2000 ps         ; 2000 ps         ;
; incoming_flow_id[95]    ; 2.5 V        ; 2000 ps         ; 2000 ps         ;
; incoming_flow_id[96]    ; 2.5 V        ; 2000 ps         ; 2000 ps         ;
; incoming_flow_id[97]    ; 2.5 V        ; 2000 ps         ; 2000 ps         ;
; incoming_flow_id[115]   ; 2.5 V        ; 2000 ps         ; 2000 ps         ;
; incoming_flow_id[116]   ; 2.5 V        ; 2000 ps         ; 2000 ps         ;
; incoming_flow_id[117]   ; 2.5 V        ; 2000 ps         ; 2000 ps         ;
; incoming_flow_id[118]   ; 2.5 V        ; 2000 ps         ; 2000 ps         ;
; incoming_flow_id[119]   ; 2.5 V        ; 2000 ps         ; 2000 ps         ;
; incoming_flow_id[120]   ; 2.5 V        ; 2000 ps         ; 2000 ps         ;
; incoming_flow_id[121]   ; 2.5 V        ; 2000 ps         ; 2000 ps         ;
; incoming_flow_id[122]   ; 2.5 V        ; 2000 ps         ; 2000 ps         ;
; incoming_flow_id[123]   ; 2.5 V        ; 2000 ps         ; 2000 ps         ;
; incoming_flow_id[124]   ; 2.5 V        ; 2000 ps         ; 2000 ps         ;
; incoming_flow_id[125]   ; 2.5 V        ; 2000 ps         ; 2000 ps         ;
; incoming_flow_id[126]   ; 2.5 V        ; 2000 ps         ; 2000 ps         ;
; incoming_flow_id[127]   ; 2.5 V        ; 2000 ps         ; 2000 ps         ;
; ~ALTERA_ASDO_DATA1~     ; 2.5 V        ; 2000 ps         ; 2000 ps         ;
; ~ALTERA_FLASH_nCE_nCSO~ ; 2.5 V        ; 2000 ps         ; 2000 ps         ;
; ~ALTERA_DATA0~          ; 2.5 V        ; 2000 ps         ; 2000 ps         ;
+-------------------------+--------------+-----------------+-----------------+


+------------------------------------------------------------------------------------------------------------------------------------------------------------------------------------------------------------------------------------------------------------------------------------------------------------------------------------------------------------------------------------------------------------------------------------------------------------------------------------------------------------------------------------------------------------------------------------------------------------------------------------------------------------------------------------------------+
; Signal Integrity Metrics (Slow 1200mv 0c Model)                                                                                                                                                                                                                                                                                                                                                                                                                                                                                                                                                                                                                                                ;
+-------------------+--------------+---------------------+---------------------+------------------------------+------------------------------+---------------------+---------------------+--------------------------------------+--------------------------------------+-----------------------------+-----------------------------+----------------------------+----------------------------+-----------------------------+-----------------------------+--------------------+--------------------+-------------------------------------+-------------------------------------+----------------------------+----------------------------+---------------------------+---------------------------+
; Pin               ; I/O Standard ; Board Delay on Rise ; Board Delay on Fall ; Steady State Voh at FPGA Pin ; Steady State Vol at FPGA Pin ; Voh Max at FPGA Pin ; Vol Min at FPGA Pin ; Ringback Voltage on Rise at FPGA Pin ; Ringback Voltage on Fall at FPGA Pin ; 10-90 Rise Time at FPGA Pin ; 90-10 Fall Time at FPGA Pin ; Monotonic Rise at FPGA Pin ; Monotonic Fall at FPGA Pin ; Steady State Voh at Far-end ; Steady State Vol at Far-end ; Voh Max at Far-end ; Vol Min at Far-end ; Ringback Voltage on Rise at Far-end ; Ringback Voltage on Fall at Far-end ; 10-90 Rise Time at Far-end ; 90-10 Fall Time at Far-end ; Monotonic Rise at Far-end ; Monotonic Fall at Far-end ;
+-------------------+--------------+---------------------+---------------------+------------------------------+------------------------------+---------------------+---------------------+--------------------------------------+--------------------------------------+-----------------------------+-----------------------------+----------------------------+----------------------------+-----------------------------+-----------------------------+--------------------+--------------------+-------------------------------------+-------------------------------------+----------------------------+----------------------------+---------------------------+---------------------------+
; firewall_decision ; 2.5 V        ; 0 s                 ; 0 s                 ; 2.32 V                       ; 4.49e-09 V                   ; 2.38 V              ; -0.00552 V          ; 0.096 V                              ; 0.019 V                              ; 4.18e-10 s                  ; 3.59e-10 s                  ; No                         ; Yes                        ; 2.32 V                      ; 4.49e-09 V                  ; 2.38 V             ; -0.00552 V         ; 0.096 V                             ; 0.019 V                             ; 4.18e-10 s                 ; 3.59e-10 s                 ; No                        ; Yes                       ;
; decision_valid    ; 2.5 V        ; 0 s                 ; 0 s                 ; 2.32 V                       ; 4.49e-09 V                   ; 2.38 V              ; -0.00552 V          ; 0.096 V                              ; 0.019 V                              ; 4.18e-10 s                  ; 3.59e-10 s                  ; No                         ; Yes                        ; 2.32 V                      ; 4.49e-09 V                  ; 2.38 V             ; -0.00552 V         ; 0.096 V                             ; 0.019 V                             ; 4.18e-10 s                 ; 3.59e-10 s                 ; No                        ; Yes                       ;
; ~ALTERA_DCLK~     ; 2.5 V        ; 0 s                 ; 0 s                 ; 2.32 V                       ; 2.67e-09 V                   ; 2.38 V              ; -0.0485 V           ; 0.167 V                              ; 0.096 V                              ; 2.95e-10 s                  ; 2.73e-10 s                  ; Yes                        ; Yes                        ; 2.32 V                      ; 2.67e-09 V                  ; 2.38 V             ; -0.0485 V          ; 0.167 V                             ; 0.096 V                             ; 2.95e-10 s                 ; 2.73e-10 s                 ; Yes                       ; Yes                       ;
; ~ALTERA_nCEO~     ; 2.5 V        ; 0 s                 ; 0 s                 ; 2.32 V                       ; 4.18e-09 V                   ; 2.38 V              ; -0.00483 V          ; 0.152 V                              ; 0.012 V                              ; 4.81e-10 s                  ; 6.29e-10 s                  ; Yes                        ; Yes                        ; 2.32 V                      ; 4.18e-09 V                  ; 2.38 V             ; -0.00483 V         ; 0.152 V                             ; 0.012 V                             ; 4.81e-10 s                 ; 6.29e-10 s                 ; Yes                       ; Yes                       ;
+-------------------+--------------+---------------------+---------------------+------------------------------+------------------------------+---------------------+---------------------+--------------------------------------+--------------------------------------+-----------------------------+-----------------------------+----------------------------+----------------------------+-----------------------------+-----------------------------+--------------------+--------------------+-------------------------------------+-------------------------------------+----------------------------+----------------------------+---------------------------+---------------------------+


+------------------------------------------------------------------------------------------------------------------------------------------------------------------------------------------------------------------------------------------------------------------------------------------------------------------------------------------------------------------------------------------------------------------------------------------------------------------------------------------------------------------------------------------------------------------------------------------------------------------------------------------------------------------------------------------------+
; Signal Integrity Metrics (Slow 1200mv 85c Model)                                                                                                                                                                                                                                                                                                                                                                                                                                                                                                                                                                                                                                               ;
+-------------------+--------------+---------------------+---------------------+------------------------------+------------------------------+---------------------+---------------------+--------------------------------------+--------------------------------------+-----------------------------+-----------------------------+----------------------------+----------------------------+-----------------------------+-----------------------------+--------------------+--------------------+-------------------------------------+-------------------------------------+----------------------------+----------------------------+---------------------------+---------------------------+
; Pin               ; I/O Standard ; Board Delay on Rise ; Board Delay on Fall ; Steady State Voh at FPGA Pin ; Steady State Vol at FPGA Pin ; Voh Max at FPGA Pin ; Vol Min at FPGA Pin ; Ringback Voltage on Rise at FPGA Pin ; Ringback Voltage on Fall at FPGA Pin ; 10-90 Rise Time at FPGA Pin ; 90-10 Fall Time at FPGA Pin ; Monotonic Rise at FPGA Pin ; Monotonic Fall at FPGA Pin ; Steady State Voh at Far-end ; Steady State Vol at Far-end ; Voh Max at Far-end ; Vol Min at Far-end ; Ringback Voltage on Rise at Far-end ; Ringback Voltage on Fall at Far-end ; 10-90 Rise Time at Far-end ; 90-10 Fall Time at Far-end ; Monotonic Rise at Far-end ; Monotonic Fall at Far-end ;
+-------------------+--------------+---------------------+---------------------+------------------------------+------------------------------+---------------------+---------------------+--------------------------------------+--------------------------------------+-----------------------------+-----------------------------+----------------------------+----------------------------+-----------------------------+-----------------------------+--------------------+--------------------+-------------------------------------+-------------------------------------+----------------------------+----------------------------+---------------------------+---------------------------+
; firewall_decision ; 2.5 V        ; 0 s                 ; 0 s                 ; 2.32 V                       ; 6.92e-07 V                   ; 2.35 V              ; -0.00996 V          ; 0.121 V                              ; 0.03 V                               ; 4.64e-10 s                  ; 4.47e-10 s                  ; Yes                        ; Yes                        ; 2.32 V                      ; 6.92e-07 V                  ; 2.35 V             ; -0.00996 V         ; 0.121 V                             ; 0.03 V                              ; 4.64e-10 s                 ; 4.47e-10 s                 ; Yes                       ; Yes                       ;
; decision_valid    ; 2.5 V        ; 0 s                 ; 0 s                 ; 2.32 V                       ; 6.92e-07 V                   ; 2.35 V              ; -0.00996 V          ; 0.121 V                              ; 0.03 V                               ; 4.64e-10 s                  ; 4.47e-10 s                  ; Yes                        ; Yes                        ; 2.32 V                      ; 6.92e-07 V                  ; 2.35 V             ; -0.00996 V         ; 0.121 V                             ; 0.03 V                              ; 4.64e-10 s                 ; 4.47e-10 s                 ; Yes                       ; Yes                       ;
; ~ALTERA_DCLK~     ; 2.5 V        ; 0 s                 ; 0 s                 ; 2.32 V                       ; 3.75e-07 V                   ; 2.35 V              ; -0.0109 V           ; 0.084 V                              ; 0.027 V                              ; 4.31e-10 s                  ; 3.61e-10 s                  ; Yes                        ; Yes                        ; 2.32 V                      ; 3.75e-07 V                  ; 2.35 V             ; -0.0109 V          ; 0.084 V                             ; 0.027 V                             ; 4.31e-10 s                 ; 3.61e-10 s                 ; Yes                       ; Yes                       ;
; ~ALTERA_nCEO~     ; 2.5 V        ; 0 s                 ; 0 s                 ; 2.32 V                       ; 6.15e-07 V                   ; 2.35 V              ; -0.00712 V          ; 0.093 V                              ; 0.02 V                               ; 6.21e-10 s                  ; 7.9e-10 s                   ; Yes                        ; Yes                        ; 2.32 V                      ; 6.15e-07 V                  ; 2.35 V             ; -0.00712 V         ; 0.093 V                             ; 0.02 V                              ; 6.21e-10 s                 ; 7.9e-10 s                  ; Yes                       ; Yes                       ;
+-------------------+--------------+---------------------+---------------------+------------------------------+------------------------------+---------------------+---------------------+--------------------------------------+--------------------------------------+-----------------------------+-----------------------------+----------------------------+----------------------------+-----------------------------+-----------------------------+--------------------+--------------------+-------------------------------------+-------------------------------------+----------------------------+----------------------------+---------------------------+---------------------------+


+------------------------------------------------------------------------------------------------------------------------------------------------------------------------------------------------------------------------------------------------------------------------------------------------------------------------------------------------------------------------------------------------------------------------------------------------------------------------------------------------------------------------------------------------------------------------------------------------------------------------------------------------------------------------------------------------+
; Signal Integrity Metrics (Fast 1200mv 0c Model)                                                                                                                                                                                                                                                                                                                                                                                                                                                                                                                                                                                                                                                ;
+-------------------+--------------+---------------------+---------------------+------------------------------+------------------------------+---------------------+---------------------+--------------------------------------+--------------------------------------+-----------------------------+-----------------------------+----------------------------+----------------------------+-----------------------------+-----------------------------+--------------------+--------------------+-------------------------------------+-------------------------------------+----------------------------+----------------------------+---------------------------+---------------------------+
; Pin               ; I/O Standard ; Board Delay on Rise ; Board Delay on Fall ; Steady State Voh at FPGA Pin ; Steady State Vol at FPGA Pin ; Voh Max at FPGA Pin ; Vol Min at FPGA Pin ; Ringback Voltage on Rise at FPGA Pin ; Ringback Voltage on Fall at FPGA Pin ; 10-90 Rise Time at FPGA Pin ; 90-10 Fall Time at FPGA Pin ; Monotonic Rise at FPGA Pin ; Monotonic Fall at FPGA Pin ; Steady State Voh at Far-end ; Steady State Vol at Far-end ; Voh Max at Far-end ; Vol Min at Far-end ; Ringback Voltage on Rise at Far-end ; Ringback Voltage on Fall at Far-end ; 10-90 Rise Time at Far-end ; 90-10 Fall Time at Far-end ; Monotonic Rise at Far-end ; Monotonic Fall at Far-end ;
+-------------------+--------------+---------------------+---------------------+------------------------------+------------------------------+---------------------+---------------------+--------------------------------------+--------------------------------------+-----------------------------+-----------------------------+----------------------------+----------------------------+-----------------------------+-----------------------------+--------------------+--------------------+-------------------------------------+-------------------------------------+----------------------------+----------------------------+---------------------------+---------------------------+
; firewall_decision ; 2.5 V        ; 0 s                 ; 0 s                 ; 2.62 V                       ; 4.05e-08 V                   ; 2.72 V              ; -0.0349 V           ; 0.173 V                              ; 0.1 V                                ; 2.72e-10 s                  ; 2.69e-10 s                  ; Yes                        ; Yes                        ; 2.62 V                      ; 4.05e-08 V                  ; 2.72 V             ; -0.0349 V          ; 0.173 V                             ; 0.1 V                               ; 2.72e-10 s                 ; 2.69e-10 s                 ; Yes                       ; Yes                       ;
; decision_valid    ; 2.5 V        ; 0 s                 ; 0 s                 ; 2.62 V                       ; 4.05e-08 V                   ; 2.72 V              ; -0.0349 V           ; 0.173 V                              ; 0.1 V                                ; 2.72e-10 s                  ; 2.69e-10 s                  ; Yes                        ; Yes                        ; 2.62 V                      ; 4.05e-08 V                  ; 2.72 V             ; -0.0349 V          ; 0.173 V                             ; 0.1 V                               ; 2.72e-10 s                 ; 2.69e-10 s                 ; Yes                       ; Yes                       ;
; ~ALTERA_DCLK~     ; 2.5 V        ; 0 s                 ; 0 s                 ; 2.62 V                       ; 2.22e-08 V                   ; 2.74 V              ; -0.06 V             ; 0.158 V                              ; 0.08 V                               ; 2.68e-10 s                  ; 2.19e-10 s                  ; Yes                        ; Yes                        ; 2.62 V                      ; 2.22e-08 V                  ; 2.74 V             ; -0.06 V            ; 0.158 V                             ; 0.08 V                              ; 2.68e-10 s                 ; 2.19e-10 s                 ; Yes                       ; Yes                       ;
; ~ALTERA_nCEO~     ; 2.5 V        ; 0 s                 ; 0 s                 ; 2.62 V                       ; 3.54e-08 V                   ; 2.7 V               ; -0.00943 V          ; 0.276 V                              ; 0.035 V                              ; 3.19e-10 s                  ; 4.99e-10 s                  ; No                         ; Yes                        ; 2.62 V                      ; 3.54e-08 V                  ; 2.7 V              ; -0.00943 V         ; 0.276 V                             ; 0.035 V                             ; 3.19e-10 s                 ; 4.99e-10 s                 ; No                        ; Yes                       ;
+-------------------+--------------+---------------------+---------------------+------------------------------+------------------------------+---------------------+---------------------+--------------------------------------+--------------------------------------+-----------------------------+-----------------------------+----------------------------+----------------------------+-----------------------------+-----------------------------+--------------------+--------------------+-------------------------------------+-------------------------------------+----------------------------+----------------------------+---------------------------+---------------------------+


+-------------------------------------------------------------------+
; Setup Transfers                                                   ;
+------------+----------+----------+----------+----------+----------+
; From Clock ; To Clock ; RR Paths ; FR Paths ; RF Paths ; FF Paths ;
+------------+----------+----------+----------+----------+----------+
; clk        ; clk      ; 16768    ; 0        ; 0        ; 0        ;
+------------+----------+----------+----------+----------+----------+
Entries labeled "false path" only account for clock-to-clock false paths and not path-based false paths. As a result, actual path counts may be lower than reported.


+-------------------------------------------------------------------+
; Hold Transfers                                                    ;
+------------+----------+----------+----------+----------+----------+
; From Clock ; To Clock ; RR Paths ; FR Paths ; RF Paths ; FF Paths ;
+------------+----------+----------+----------+----------+----------+
; clk        ; clk      ; 16768    ; 0        ; 0        ; 0        ;
+------------+----------+----------+----------+----------+----------+
Entries labeled "false path" only account for clock-to-clock false paths and not path-based false paths. As a result, actual path counts may be lower than reported.


---------------
; Report TCCS ;
---------------
No dedicated SERDES Transmitter circuitry present in device or used in design


---------------
; Report RSKM ;
---------------
No non-DPA dedicated SERDES Receiver circuitry present in device or used in design


+------------------------------------------------+
; Unconstrained Paths Summary                    ;
+---------------------------------+-------+------+
; Property                        ; Setup ; Hold ;
+---------------------------------+-------+------+
; Illegal Clocks                  ; 0     ; 0    ;
; Unconstrained Clocks            ; 0     ; 0    ;
; Unconstrained Input Ports       ; 129   ; 129  ;
; Unconstrained Input Port Paths  ; 129   ; 129  ;
; Unconstrained Output Ports      ; 2     ; 2    ;
; Unconstrained Output Port Paths ; 2     ; 2    ;
+---------------------------------+-------+------+


+-------------------------------------+
; Clock Status Summary                ;
+--------+-------+------+-------------+
; Target ; Clock ; Type ; Status      ;
+--------+-------+------+-------------+
; clk    ; clk   ; Base ; Constrained ;
+--------+-------+------+-------------+


+--------------------------------------------------------------------------------------------------------------+
; Unconstrained Input Ports                                                                                    ;
+-----------------------+--------------------------------------------------------------------------------------+
; Input Port            ; Comment                                                                              ;
+-----------------------+--------------------------------------------------------------------------------------+
; incoming_flow_id[0]   ; No input delay, min/max delays, false-path exceptions, or max skew assignments found ;
; incoming_flow_id[1]   ; No input delay, min/max delays, false-path exceptions, or max skew assignments found ;
; incoming_flow_id[2]   ; No input delay, min/max delays, false-path exceptions, or max skew assignments found ;
; incoming_flow_id[3]   ; No input delay, min/max delays, false-path exceptions, or max skew assignments found ;
; incoming_flow_id[4]   ; No input delay, min/max delays, false-path exceptions, or max skew assignments found ;
; incoming_flow_id[5]   ; No input delay, min/max delays, false-path exceptions, or max skew assignments found ;
; incoming_flow_id[6]   ; No input delay, min/max delays, false-path exceptions, or max skew assignments found ;
; incoming_flow_id[7]   ; No input delay, min/max delays, false-path exceptions, or max skew assignments found ;
; incoming_flow_id[8]   ; No input delay, min/max delays, false-path exceptions, or max skew assignments found ;
; incoming_flow_id[9]   ; No input delay, min/max delays, false-path exceptions, or max skew assignments found ;
; incoming_flow_id[10]  ; No input delay, min/max delays, false-path exceptions, or max skew assignments found ;
; incoming_flow_id[11]  ; No input delay, min/max delays, false-path exceptions, or max skew assignments found ;
; incoming_flow_id[12]  ; No input delay, min/max delays, false-path exceptions, or max skew assignments found ;
; incoming_flow_id[13]  ; No input delay, min/max delays, false-path exceptions, or max skew assignments found ;
; incoming_flow_id[14]  ; No input delay, min/max delays, false-path exceptions, or max skew assignments found ;
; incoming_flow_id[15]  ; No input delay, min/max delays, false-path exceptions, or max skew assignments found ;
; incoming_flow_id[16]  ; No input delay, min/max delays, false-path exceptions, or max skew assignments found ;
; incoming_flow_id[17]  ; No input delay, min/max delays, false-path exceptions, or max skew assignments found ;
; incoming_flow_id[18]  ; No input delay, min/max delays, false-path exceptions, or max skew assignments found ;
; incoming_flow_id[19]  ; No input delay, min/max delays, false-path exceptions, or max skew assignments found ;
; incoming_flow_id[20]  ; No input delay, min/max delays, false-path exceptions, or max skew assignments found ;
; incoming_flow_id[21]  ; No input delay, min/max delays, false-path exceptions, or max skew assignments found ;
; incoming_flow_id[22]  ; No input delay, min/max delays, false-path exceptions, or max skew assignments found ;
; incoming_flow_id[23]  ; No input delay, min/max delays, false-path exceptions, or max skew assignments found ;
; incoming_flow_id[24]  ; No input delay, min/max delays, false-path exceptions, or max skew assignments found ;
; incoming_flow_id[25]  ; No input delay, min/max delays, false-path exceptions, or max skew assignments found ;
; incoming_flow_id[26]  ; No input delay, min/max delays, false-path exceptions, or max skew assignments found ;
; incoming_flow_id[27]  ; No input delay, min/max delays, false-path exceptions, or max skew assignments found ;
; incoming_flow_id[28]  ; No input delay, min/max delays, false-path exceptions, or max skew assignments found ;
; incoming_flow_id[29]  ; No input delay, min/max delays, false-path exceptions, or max skew assignments found ;
; incoming_flow_id[30]  ; No input delay, min/max delays, false-path exceptions, or max skew assignments found ;
; incoming_flow_id[31]  ; No input delay, min/max delays, false-path exceptions, or max skew assignments found ;
; incoming_flow_id[32]  ; No input delay, min/max delays, false-path exceptions, or max skew assignments found ;
; incoming_flow_id[33]  ; No input delay, min/max delays, false-path exceptions, or max skew assignments found ;
; incoming_flow_id[34]  ; No input delay, min/max delays, false-path exceptions, or max skew assignments found ;
; incoming_flow_id[35]  ; No input delay, min/max delays, false-path exceptions, or max skew assignments found ;
; incoming_flow_id[36]  ; No input delay, min/max delays, false-path exceptions, or max skew assignments found ;
; incoming_flow_id[37]  ; No input delay, min/max delays, false-path exceptions, or max skew assignments found ;
; incoming_flow_id[38]  ; No input delay, min/max delays, false-path exceptions, or max skew assignments found ;
; incoming_flow_id[39]  ; No input delay, min/max delays, false-path exceptions, or max skew assignments found ;
; incoming_flow_id[40]  ; No input delay, min/max delays, false-path exceptions, or max skew assignments found ;
; incoming_flow_id[41]  ; No input delay, min/max delays, false-path exceptions, or max skew assignments found ;
; incoming_flow_id[42]  ; No input delay, min/max delays, false-path exceptions, or max skew assignments found ;
; incoming_flow_id[43]  ; No input delay, min/max delays, false-path exceptions, or max skew assignments found ;
; incoming_flow_id[44]  ; No input delay, min/max delays, false-path exceptions, or max skew assignments found ;
; incoming_flow_id[45]  ; No input delay, min/max delays, false-path exceptions, or max skew assignments found ;
; incoming_flow_id[46]  ; No input delay, min/max delays, false-path exceptions, or max skew assignments found ;
; incoming_flow_id[47]  ; No input delay, min/max delays, false-path exceptions, or max skew assignments found ;
; incoming_flow_id[48]  ; No input delay, min/max delays, false-path exceptions, or max skew assignments found ;
; incoming_flow_id[49]  ; No input delay, min/max delays, false-path exceptions, or max skew assignments found ;
; incoming_flow_id[50]  ; No input delay, min/max delays, false-path exceptions, or max skew assignments found ;
; incoming_flow_id[51]  ; No input delay, min/max delays, false-path exceptions, or max skew assignments found ;
; incoming_flow_id[52]  ; No input delay, min/max delays, false-path exceptions, or max skew assignments found ;
; incoming_flow_id[53]  ; No input delay, min/max delays, false-path exceptions, or max skew assignments found ;
; incoming_flow_id[54]  ; No input delay, min/max delays, false-path exceptions, or max skew assignments found ;
; incoming_flow_id[55]  ; No input delay, min/max delays, false-path exceptions, or max skew assignments found ;
; incoming_flow_id[56]  ; No input delay, min/max delays, false-path exceptions, or max skew assignments found ;
; incoming_flow_id[57]  ; No input delay, min/max delays, false-path exceptions, or max skew assignments found ;
; incoming_flow_id[58]  ; No input delay, min/max delays, false-path exceptions, or max skew assignments found ;
; incoming_flow_id[59]  ; No input delay, min/max delays, false-path exceptions, or max skew assignments found ;
; incoming_flow_id[60]  ; No input delay, min/max delays, false-path exceptions, or max skew assignments found ;
; incoming_flow_id[61]  ; No input delay, min/max delays, false-path exceptions, or max skew assignments found ;
; incoming_flow_id[62]  ; No input delay, min/max delays, false-path exceptions, or max skew assignments found ;
; incoming_flow_id[63]  ; No input delay, min/max delays, false-path exceptions, or max skew assignments found ;
; incoming_flow_id[64]  ; No input delay, min/max delays, false-path exceptions, or max skew assignments found ;
; incoming_flow_id[65]  ; No input delay, min/max delays, false-path exceptions, or max skew assignments found ;
; incoming_flow_id[66]  ; No input delay, min/max delays, false-path exceptions, or max skew assignments found ;
; incoming_flow_id[67]  ; No input delay, min/max delays, false-path exceptions, or max skew assignments found ;
; incoming_flow_id[68]  ; No input delay, min/max delays, false-path exceptions, or max skew assignments found ;
; incoming_flow_id[69]  ; No input delay, min/max delays, false-path exceptions, or max skew assignments found ;
; incoming_flow_id[70]  ; No input delay, min/max delays, false-path exceptions, or max skew assignments found ;
; incoming_flow_id[71]  ; No input delay, min/max delays, false-path exceptions, or max skew assignments found ;
; incoming_flow_id[72]  ; No input delay, min/max delays, false-path exceptions, or max skew assignments found ;
; incoming_flow_id[73]  ; No input delay, min/max delays, false-path exceptions, or max skew assignments found ;
; incoming_flow_id[74]  ; No input delay, min/max delays, false-path exceptions, or max skew assignments found ;
; incoming_flow_id[75]  ; No input delay, min/max delays, false-path exceptions, or max skew assignments found ;
; incoming_flow_id[76]  ; No input delay, min/max delays, false-path exceptions, or max skew assignments found ;
; incoming_flow_id[77]  ; No input delay, min/max delays, false-path exceptions, or max skew assignments found ;
; incoming_flow_id[78]  ; No input delay, min/max delays, false-path exceptions, or max skew assignments found ;
; incoming_flow_id[79]  ; No input delay, min/max delays, false-path exceptions, or max skew assignments found ;
; incoming_flow_id[80]  ; No input delay, min/max delays, false-path exceptions, or max skew assignments found ;
; incoming_flow_id[81]  ; No input delay, min/max delays, false-path exceptions, or max skew assignments found ;
; incoming_flow_id[82]  ; No input delay, min/max delays, false-path exceptions, or max skew assignments found ;
; incoming_flow_id[83]  ; No input delay, min/max delays, false-path exceptions, or max skew assignments found ;
; incoming_flow_id[84]  ; No input delay, min/max delays, false-path exceptions, or max skew assignments found ;
; incoming_flow_id[85]  ; No input delay, min/max delays, false-path exceptions, or max skew assignments found ;
; incoming_flow_id[86]  ; No input delay, min/max delays, false-path exceptions, or max skew assignments found ;
; incoming_flow_id[87]  ; No input delay, min/max delays, false-path exceptions, or max skew assignments found ;
; incoming_flow_id[88]  ; No input delay, min/max delays, false-path exceptions, or max skew assignments found ;
; incoming_flow_id[89]  ; No input delay, min/max delays, false-path exceptions, or max skew assignments found ;
; incoming_flow_id[90]  ; No input delay, min/max delays, false-path exceptions, or max skew assignments found ;
; incoming_flow_id[91]  ; No input delay, min/max delays, false-path exceptions, or max skew assignments found ;
; incoming_flow_id[92]  ; No input delay, min/max delays, false-path exceptions, or max skew assignments found ;
; incoming_flow_id[93]  ; No input delay, min/max delays, false-path exceptions, or max skew assignments found ;
; incoming_flow_id[94]  ; No input delay, min/max delays, false-path exceptions, or max skew assignments found ;
; incoming_flow_id[95]  ; No input delay, min/max delays, false-path exceptions, or max skew assignments found ;
; incoming_flow_id[96]  ; No input delay, min/max delays, false-path exceptions, or max skew assignments found ;
; incoming_flow_id[97]  ; No input delay, min/max delays, false-path exceptions, or max skew assignments found ;
; incoming_flow_id[98]  ; No input delay, min/max delays, false-path exceptions, or max skew assignments found ;
; incoming_flow_id[99]  ; No input delay, min/max delays, false-path exceptions, or max skew assignments found ;
; incoming_flow_id[100] ; No input delay, min/max delays, false-path exceptions, or max skew assignments found ;
; incoming_flow_id[101] ; No input delay, min/max delays, false-path exceptions, or max skew assignments found ;
; incoming_flow_id[102] ; No input delay, min/max delays, false-path exceptions, or max skew assignments found ;
; incoming_flow_id[103] ; No input delay, min/max delays, false-path exceptions, or max skew assignments found ;
; incoming_flow_id[104] ; No input delay, min/max delays, false-path exceptions, or max skew assignments found ;
; incoming_flow_id[105] ; No input delay, min/max delays, false-path exceptions, or max skew assignments found ;
; incoming_flow_id[106] ; No input delay, min/max delays, false-path exceptions, or max skew assignments found ;
; incoming_flow_id[107] ; No input delay, min/max delays, false-path exceptions, or max skew assignments found ;
; incoming_flow_id[108] ; No input delay, min/max delays, false-path exceptions, or max skew assignments found ;
; incoming_flow_id[109] ; No input delay, min/max delays, false-path exceptions, or max skew assignments found ;
; incoming_flow_id[110] ; No input delay, min/max delays, false-path exceptions, or max skew assignments found ;
; incoming_flow_id[111] ; No input delay, min/max delays, false-path exceptions, or max skew assignments found ;
; incoming_flow_id[112] ; No input delay, min/max delays, false-path exceptions, or max skew assignments found ;
; incoming_flow_id[113] ; No input delay, min/max delays, false-path exceptions, or max skew assignments found ;
; incoming_flow_id[114] ; No input delay, min/max delays, false-path exceptions, or max skew assignments found ;
; incoming_flow_id[115] ; No input delay, min/max delays, false-path exceptions, or max skew assignments found ;
; incoming_flow_id[116] ; No input delay, min/max delays, false-path exceptions, or max skew assignments found ;
; incoming_flow_id[117] ; No input delay, min/max delays, false-path exceptions, or max skew assignments found ;
; incoming_flow_id[118] ; No input delay, min/max delays, false-path exceptions, or max skew assignments found ;
; incoming_flow_id[119] ; No input delay, min/max delays, false-path exceptions, or max skew assignments found ;
; incoming_flow_id[120] ; No input delay, min/max delays, false-path exceptions, or max skew assignments found ;
; incoming_flow_id[121] ; No input delay, min/max delays, false-path exceptions, or max skew assignments found ;
; incoming_flow_id[122] ; No input delay, min/max delays, false-path exceptions, or max skew assignments found ;
; incoming_flow_id[123] ; No input delay, min/max delays, false-path exceptions, or max skew assignments found ;
; incoming_flow_id[124] ; No input delay, min/max delays, false-path exceptions, or max skew assignments found ;
; incoming_flow_id[125] ; No input delay, min/max delays, false-path exceptions, or max skew assignments found ;
; incoming_flow_id[126] ; No input delay, min/max delays, false-path exceptions, or max skew assignments found ;
; incoming_flow_id[127] ; No input delay, min/max delays, false-path exceptions, or max skew assignments found ;
; valid_in              ; No input delay, min/max delays, false-path exceptions, or max skew assignments found ;
+-----------------------+--------------------------------------------------------------------------------------+


+-----------------------------------------------------------------------------------------------------------+
; Unconstrained Output Ports                                                                                ;
+-------------------+---------------------------------------------------------------------------------------+
; Output Port       ; Comment                                                                               ;
+-------------------+---------------------------------------------------------------------------------------+
; decision_valid    ; No output delay, min/max delays, false-path exceptions, or max skew assignments found ;
; firewall_decision ; No output delay, min/max delays, false-path exceptions, or max skew assignments found ;
+-------------------+---------------------------------------------------------------------------------------+


+--------------------------------------------------------------------------------------------------------------+
; Unconstrained Input Ports                                                                                    ;
+-----------------------+--------------------------------------------------------------------------------------+
; Input Port            ; Comment                                                                              ;
+-----------------------+--------------------------------------------------------------------------------------+
; incoming_flow_id[0]   ; No input delay, min/max delays, false-path exceptions, or max skew assignments found ;
; incoming_flow_id[1]   ; No input delay, min/max delays, false-path exceptions, or max skew assignments found ;
; incoming_flow_id[2]   ; No input delay, min/max delays, false-path exceptions, or max skew assignments found ;
; incoming_flow_id[3]   ; No input delay, min/max delays, false-path exceptions, or max skew assignments found ;
; incoming_flow_id[4]   ; No input delay, min/max delays, false-path exceptions, or max skew assignments found ;
; incoming_flow_id[5]   ; No input delay, min/max delays, false-path exceptions, or max skew assignments found ;
; incoming_flow_id[6]   ; No input delay, min/max delays, false-path exceptions, or max skew assignments found ;
; incoming_flow_id[7]   ; No input delay, min/max delays, false-path exceptions, or max skew assignments found ;
; incoming_flow_id[8]   ; No input delay, min/max delays, false-path exceptions, or max skew assignments found ;
; incoming_flow_id[9]   ; No input delay, min/max delays, false-path exceptions, or max skew assignments found ;
; incoming_flow_id[10]  ; No input delay, min/max delays, false-path exceptions, or max skew assignments found ;
; incoming_flow_id[11]  ; No input delay, min/max delays, false-path exceptions, or max skew assignments found ;
; incoming_flow_id[12]  ; No input delay, min/max delays, false-path exceptions, or max skew assignments found ;
; incoming_flow_id[13]  ; No input delay, min/max delays, false-path exceptions, or max skew assignments found ;
; incoming_flow_id[14]  ; No input delay, min/max delays, false-path exceptions, or max skew assignments found ;
; incoming_flow_id[15]  ; No input delay, min/max delays, false-path exceptions, or max skew assignments found ;
; incoming_flow_id[16]  ; No input delay, min/max delays, false-path exceptions, or max skew assignments found ;
; incoming_flow_id[17]  ; No input delay, min/max delays, false-path exceptions, or max skew assignments found ;
; incoming_flow_id[18]  ; No input delay, min/max delays, false-path exceptions, or max skew assignments found ;
; incoming_flow_id[19]  ; No input delay, min/max delays, false-path exceptions, or max skew assignments found ;
; incoming_flow_id[20]  ; No input delay, min/max delays, false-path exceptions, or max skew assignments found ;
; incoming_flow_id[21]  ; No input delay, min/max delays, false-path exceptions, or max skew assignments found ;
; incoming_flow_id[22]  ; No input delay, min/max delays, false-path exceptions, or max skew assignments found ;
; incoming_flow_id[23]  ; No input delay, min/max delays, false-path exceptions, or max skew assignments found ;
; incoming_flow_id[24]  ; No input delay, min/max delays, false-path exceptions, or max skew assignments found ;
; incoming_flow_id[25]  ; No input delay, min/max delays, false-path exceptions, or max skew assignments found ;
; incoming_flow_id[26]  ; No input delay, min/max delays, false-path exceptions, or max skew assignments found ;
; incoming_flow_id[27]  ; No input delay, min/max delays, false-path exceptions, or max skew assignments found ;
; incoming_flow_id[28]  ; No input delay, min/max delays, false-path exceptions, or max skew assignments found ;
; incoming_flow_id[29]  ; No input delay, min/max delays, false-path exceptions, or max skew assignments found ;
; incoming_flow_id[30]  ; No input delay, min/max delays, false-path exceptions, or max skew assignments found ;
; incoming_flow_id[31]  ; No input delay, min/max delays, false-path exceptions, or max skew assignments found ;
; incoming_flow_id[32]  ; No input delay, min/max delays, false-path exceptions, or max skew assignments found ;
; incoming_flow_id[33]  ; No input delay, min/max delays, false-path exceptions, or max skew assignments found ;
; incoming_flow_id[34]  ; No input delay, min/max delays, false-path exceptions, or max skew assignments found ;
; incoming_flow_id[35]  ; No input delay, min/max delays, false-path exceptions, or max skew assignments found ;
; incoming_flow_id[36]  ; No input delay, min/max delays, false-path exceptions, or max skew assignments found ;
; incoming_flow_id[37]  ; No input delay, min/max delays, false-path exceptions, or max skew assignments found ;
; incoming_flow_id[38]  ; No input delay, min/max delays, false-path exceptions, or max skew assignments found ;
; incoming_flow_id[39]  ; No input delay, min/max delays, false-path exceptions, or max skew assignments found ;
; incoming_flow_id[40]  ; No input delay, min/max delays, false-path exceptions, or max skew assignments found ;
; incoming_flow_id[41]  ; No input delay, min/max delays, false-path exceptions, or max skew assignments found ;
; incoming_flow_id[42]  ; No input delay, min/max delays, false-path exceptions, or max skew assignments found ;
; incoming_flow_id[43]  ; No input delay, min/max delays, false-path exceptions, or max skew assignments found ;
; incoming_flow_id[44]  ; No input delay, min/max delays, false-path exceptions, or max skew assignments found ;
; incoming_flow_id[45]  ; No input delay, min/max delays, false-path exceptions, or max skew assignments found ;
; incoming_flow_id[46]  ; No input delay, min/max delays, false-path exceptions, or max skew assignments found ;
; incoming_flow_id[47]  ; No input delay, min/max delays, false-path exceptions, or max skew assignments found ;
; incoming_flow_id[48]  ; No input delay, min/max delays, false-path exceptions, or max skew assignments found ;
; incoming_flow_id[49]  ; No input delay, min/max delays, false-path exceptions, or max skew assignments found ;
; incoming_flow_id[50]  ; No input delay, min/max delays, false-path exceptions, or max skew assignments found ;
; incoming_flow_id[51]  ; No input delay, min/max delays, false-path exceptions, or max skew assignments found ;
; incoming_flow_id[52]  ; No input delay, min/max delays, false-path exceptions, or max skew assignments found ;
; incoming_flow_id[53]  ; No input delay, min/max delays, false-path exceptions, or max skew assignments found ;
; incoming_flow_id[54]  ; No input delay, min/max delays, false-path exceptions, or max skew assignments found ;
; incoming_flow_id[55]  ; No input delay, min/max delays, false-path exceptions, or max skew assignments found ;
; incoming_flow_id[56]  ; No input delay, min/max delays, false-path exceptions, or max skew assignments found ;
; incoming_flow_id[57]  ; No input delay, min/max delays, false-path exceptions, or max skew assignments found ;
; incoming_flow_id[58]  ; No input delay, min/max delays, false-path exceptions, or max skew assignments found ;
; incoming_flow_id[59]  ; No input delay, min/max delays, false-path exceptions, or max skew assignments found ;
; incoming_flow_id[60]  ; No input delay, min/max delays, false-path exceptions, or max skew assignments found ;
; incoming_flow_id[61]  ; No input delay, min/max delays, false-path exceptions, or max skew assignments found ;
; incoming_flow_id[62]  ; No input delay, min/max delays, false-path exceptions, or max skew assignments found ;
; incoming_flow_id[63]  ; No input delay, min/max delays, false-path exceptions, or max skew assignments found ;
; incoming_flow_id[64]  ; No input delay, min/max delays, false-path exceptions, or max skew assignments found ;
; incoming_flow_id[65]  ; No input delay, min/max delays, false-path exceptions, or max skew assignments found ;
; incoming_flow_id[66]  ; No input delay, min/max delays, false-path exceptions, or max skew assignments found ;
; incoming_flow_id[67]  ; No input delay, min/max delays, false-path exceptions, or max skew assignments found ;
; incoming_flow_id[68]  ; No input delay, min/max delays, false-path exceptions, or max skew assignments found ;
; incoming_flow_id[69]  ; No input delay, min/max delays, false-path exceptions, or max skew assignments found ;
; incoming_flow_id[70]  ; No input delay, min/max delays, false-path exceptions, or max skew assignments found ;
; incoming_flow_id[71]  ; No input delay, min/max delays, false-path exceptions, or max skew assignments found ;
; incoming_flow_id[72]  ; No input delay, min/max delays, false-path exceptions, or max skew assignments found ;
; incoming_flow_id[73]  ; No input delay, min/max delays, false-path exceptions, or max skew assignments found ;
; incoming_flow_id[74]  ; No input delay, min/max delays, false-path exceptions, or max skew assignments found ;
; incoming_flow_id[75]  ; No input delay, min/max delays, false-path exceptions, or max skew assignments found ;
; incoming_flow_id[76]  ; No input delay, min/max delays, false-path exceptions, or max skew assignments found ;
; incoming_flow_id[77]  ; No input delay, min/max delays, false-path exceptions, or max skew assignments found ;
; incoming_flow_id[78]  ; No input delay, min/max delays, false-path exceptions, or max skew assignments found ;
; incoming_flow_id[79]  ; No input delay, min/max delays, false-path exceptions, or max skew assignments found ;
; incoming_flow_id[80]  ; No input delay, min/max delays, false-path exceptions, or max skew assignments found ;
; incoming_flow_id[81]  ; No input delay, min/max delays, false-path exceptions, or max skew assignments found ;
; incoming_flow_id[82]  ; No input delay, min/max delays, false-path exceptions, or max skew assignments found ;
; incoming_flow_id[83]  ; No input delay, min/max delays, false-path exceptions, or max skew assignments found ;
; incoming_flow_id[84]  ; No input delay, min/max delays, false-path exceptions, or max skew assignments found ;
; incoming_flow_id[85]  ; No input delay, min/max delays, false-path exceptions, or max skew assignments found ;
; incoming_flow_id[86]  ; No input delay, min/max delays, false-path exceptions, or max skew assignments found ;
; incoming_flow_id[87]  ; No input delay, min/max delays, false-path exceptions, or max skew assignments found ;
; incoming_flow_id[88]  ; No input delay, min/max delays, false-path exceptions, or max skew assignments found ;
; incoming_flow_id[89]  ; No input delay, min/max delays, false-path exceptions, or max skew assignments found ;
; incoming_flow_id[90]  ; No input delay, min/max delays, false-path exceptions, or max skew assignments found ;
; incoming_flow_id[91]  ; No input delay, min/max delays, false-path exceptions, or max skew assignments found ;
; incoming_flow_id[92]  ; No input delay, min/max delays, false-path exceptions, or max skew assignments found ;
; incoming_flow_id[93]  ; No input delay, min/max delays, false-path exceptions, or max skew assignments found ;
; incoming_flow_id[94]  ; No input delay, min/max delays, false-path exceptions, or max skew assignments found ;
; incoming_flow_id[95]  ; No input delay, min/max delays, false-path exceptions, or max skew assignments found ;
; incoming_flow_id[96]  ; No input delay, min/max delays, false-path exceptions, or max skew assignments found ;
; incoming_flow_id[97]  ; No input delay, min/max delays, false-path exceptions, or max skew assignments found ;
; incoming_flow_id[98]  ; No input delay, min/max delays, false-path exceptions, or max skew assignments found ;
; incoming_flow_id[99]  ; No input delay, min/max delays, false-path exceptions, or max skew assignments found ;
; incoming_flow_id[100] ; No input delay, min/max delays, false-path exceptions, or max skew assignments found ;
; incoming_flow_id[101] ; No input delay, min/max delays, false-path exceptions, or max skew assignments found ;
; incoming_flow_id[102] ; No input delay, min/max delays, false-path exceptions, or max skew assignments found ;
; incoming_flow_id[103] ; No input delay, min/max delays, false-path exceptions, or max skew assignments found ;
; incoming_flow_id[104] ; No input delay, min/max delays, false-path exceptions, or max skew assignments found ;
; incoming_flow_id[105] ; No input delay, min/max delays, false-path exceptions, or max skew assignments found ;
; incoming_flow_id[106] ; No input delay, min/max delays, false-path exceptions, or max skew assignments found ;
; incoming_flow_id[107] ; No input delay, min/max delays, false-path exceptions, or max skew assignments found ;
; incoming_flow_id[108] ; No input delay, min/max delays, false-path exceptions, or max skew assignments found ;
; incoming_flow_id[109] ; No input delay, min/max delays, false-path exceptions, or max skew assignments found ;
; incoming_flow_id[110] ; No input delay, min/max delays, false-path exceptions, or max skew assignments found ;
; incoming_flow_id[111] ; No input delay, min/max delays, false-path exceptions, or max skew assignments found ;
; incoming_flow_id[112] ; No input delay, min/max delays, false-path exceptions, or max skew assignments found ;
; incoming_flow_id[113] ; No input delay, min/max delays, false-path exceptions, or max skew assignments found ;
; incoming_flow_id[114] ; No input delay, min/max delays, false-path exceptions, or max skew assignments found ;
; incoming_flow_id[115] ; No input delay, min/max delays, false-path exceptions, or max skew assignments found ;
; incoming_flow_id[116] ; No input delay, min/max delays, false-path exceptions, or max skew assignments found ;
; incoming_flow_id[117] ; No input delay, min/max delays, false-path exceptions, or max skew assignments found ;
; incoming_flow_id[118] ; No input delay, min/max delays, false-path exceptions, or max skew assignments found ;
; incoming_flow_id[119] ; No input delay, min/max delays, false-path exceptions, or max skew assignments found ;
; incoming_flow_id[120] ; No input delay, min/max delays, false-path exceptions, or max skew assignments found ;
; incoming_flow_id[121] ; No input delay, min/max delays, false-path exceptions, or max skew assignments found ;
; incoming_flow_id[122] ; No input delay, min/max delays, false-path exceptions, or max skew assignments found ;
; incoming_flow_id[123] ; No input delay, min/max delays, false-path exceptions, or max skew assignments found ;
; incoming_flow_id[124] ; No input delay, min/max delays, false-path exceptions, or max skew assignments found ;
; incoming_flow_id[125] ; No input delay, min/max delays, false-path exceptions, or max skew assignments found ;
; incoming_flow_id[126] ; No input delay, min/max delays, false-path exceptions, or max skew assignments found ;
; incoming_flow_id[127] ; No input delay, min/max delays, false-path exceptions, or max skew assignments found ;
; valid_in              ; No input delay, min/max delays, false-path exceptions, or max skew assignments found ;
+-----------------------+--------------------------------------------------------------------------------------+


+-----------------------------------------------------------------------------------------------------------+
; Unconstrained Output Ports                                                                                ;
+-------------------+---------------------------------------------------------------------------------------+
; Output Port       ; Comment                                                                               ;
+-------------------+---------------------------------------------------------------------------------------+
; decision_valid    ; No output delay, min/max delays, false-path exceptions, or max skew assignments found ;
; firewall_decision ; No output delay, min/max delays, false-path exceptions, or max skew assignments found ;
+-------------------+---------------------------------------------------------------------------------------+


+--------------------------+
; Timing Analyzer Messages ;
+--------------------------+
Info: *******************************************************************
Info: Running Quartus Prime Timing Analyzer
    Info: Version 19.1.0 Build 670 09/22/2019 SJ Lite Edition
    Info: Processing started: Tue May 19 22:34:56 2026
Info: Command: quartus_sta fajerwoll -c fajerwoll
Info: qsta_default_script.tcl version: #1
Warning (18236): Number of processors has not been specified which may cause overloading on shared machines.  Set the global assignment NUM_PARALLEL_PROCESSORS in your QSF to an appropriate value for best performance.
Info (20030): Parallel compilation is enabled and will use 6 of the 6 processors detected
Info (21077): Low junction temperature is 0 degrees C
Info (21077): High junction temperature is 85 degrees C
Info (332104): Reading SDC File: 'fajerwoll.sdc'
Info (332151): Clock uncertainty is not calculated until you update the timing netlist.
Info (332123): Deriving Clock Uncertainty. Please refer to report_sdc in the Timing Analyzer to see clock uncertainties.
Info: Found TIMING_ANALYZER_REPORT_SCRIPT_INCLUDE_DEFAULT_ANALYSIS = ON
Info: Analyzing Slow 1200mV 85C Model
Info (332146): Worst-case setup slack is 0.780
    Info (332119):     Slack       End Point TNS Clock 
    Info (332119): ========= =================== =====================
    Info (332119):     0.780               0.000 clk 
Info (332146): Worst-case hold slack is 0.377
    Info (332119):     Slack       End Point TNS Clock 
    Info (332119): ========= =================== =====================
    Info (332119):     0.377               0.000 clk 
Info (332140): No Recovery paths to report
Info (332140): No Removal paths to report
Info (332146): Worst-case minimum pulse width slack is 3.623
    Info (332119):     Slack       End Point TNS Clock 
    Info (332119): ========= =================== =====================
    Info (332119):     3.623               0.000 clk 
Info (332114): Report Metastability: Found 42 synchronizer chains.
    Info (332114): The design MTBF is not calculated because there are no specified synchronizers in the design.
    Info (332114): Number of Synchronizer Chains Found: 42
    Info (332114): Shortest Synchronizer Chain: 8 Registers
    Info (332114): Fraction of Chains for which MTBFs Could Not be Calculated: 1.000
    Info (332114): Worst Case Available Settling Time: 48.129 ns
    Info (332114): 
Info: Analyzing Slow 1200mV 0C Model
Info (334003): Started post-fitting delay annotation
Info (334004): Delay annotation completed successfully
Info (332123): Deriving Clock Uncertainty. Please refer to report_sdc in the Timing Analyzer to see clock uncertainties.
Info (332146): Worst-case setup slack is 1.353
    Info (332119):     Slack       End Point TNS Clock 
    Info (332119): ========= =================== =====================
    Info (332119):     1.353               0.000 clk 
Info (332146): Worst-case hold slack is 0.330
    Info (332119):     Slack       End Point TNS Clock 
    Info (332119): ========= =================== =====================
    Info (332119):     0.330               0.000 clk 
Info (332140): No Recovery paths to report
Info (332140): No Removal paths to report
Info (332146): Worst-case minimum pulse width slack is 3.643
    Info (332119):     Slack       End Point TNS Clock 
    Info (332119): ========= =================== =====================
    Info (332119):     3.643               0.000 clk 
Info (332114): Report Metastability: Found 42 synchronizer chains.
    Info (332114): The design MTBF is not calculated because there are no specified synchronizers in the design.
    Info (332114): Number of Synchronizer Chains Found: 42
    Info (332114): Shortest Synchronizer Chain: 8 Registers
    Info (332114): Fraction of Chains for which MTBFs Could Not be Calculated: 1.000
    Info (332114): Worst Case Available Settling Time: 49.395 ns
    Info (332114): 
Info: Analyzing Fast 1200mV 0C Model
Info (332123): Deriving Clock Uncertainty. Please refer to report_sdc in the Timing Analyzer to see clock uncertainties.
Info (332146): Worst-case setup slack is 4.125
    Info (332119):     Slack       End Point TNS Clock 
    Info (332119): ========= =================== =====================
    Info (332119):     4.125               0.000 clk 
Info (332146): Worst-case hold slack is 0.151
    Info (332119):     Slack       End Point TNS Clock 
    Info (332119): ========= =================== =====================
    Info (332119):     0.151               0.000 clk 
Info (332140): No Recovery paths to report
Info (332140): No Removal paths to report
Info (332146): Worst-case minimum pulse width slack is 3.370
    Info (332119):     Slack       End Point TNS Clock 
    Info (332119): ========= =================== =====================
    Info (332119):     3.370               0.000 clk 
Info (332114): Report Metastability: Found 42 synchronizer chains.
    Info (332114): The design MTBF is not calculated because there are no specified synchronizers in the design.
    Info (332114): Number of Synchronizer Chains Found: 42
    Info (332114): Shortest Synchronizer Chain: 8 Registers
    Info (332114): Fraction of Chains for which MTBFs Could Not be Calculated: 1.000
    Info (332114): Worst Case Available Settling Time: 55.847 ns
    Info (332114): 
Info (332102): Design is not fully constrained for setup requirements
Info (332102): Design is not fully constrained for hold requirements
Info: Quartus Prime Timing Analyzer was successful. 0 errors, 1 warning
    Info: Peak virtual memory: 4978 megabytes
    Info: Processing ended: Tue May 19 22:35:01 2026
    Info: Elapsed time: 00:00:05
    Info: Total CPU time (on all processors): 00:00:05


